latitude,longitude,zone_code,hemisphere_NS,hemisphere_WE
24.4667,54.3667,ME-MID,North,East
25.8667,55.0167,ME-MID,North,East
25.5333,55.55,ME-MID,North,East
25.1167,56.3333,ME-MID,North,East
25.7167,55.8,ME-MID,North,East
26.0333,56.05,ME-MID,North,East
24.1167,52.7333,ME-MID,North,East
25.6167,56.2667,ME-MID,North,East
25.25,55.2667,ME-MID,North,East
25.25,55.25,ME-MID,North,East
25.3,55.3167,ME-MID,North,East
24.9,54.9,ME-MID,North,East
25.0,55.05,ME-MID,North,East
25.0667,56.35,ME-MID,North,East
25.3333,56.35,ME-MID,North,East
25.35,55.3667,ME-MID,North,East
24.8333,54.6667,ME-MID,North,East
25.2667,55.2833,ME-MID,North,East
24.5167,54.3667,ME-MID,North,East
24.3833,54.4833,ME-MID,North,East
25.8167,55.95,ME-MID,North,East
25.95,56.05,ME-MID,North,East
25.7833,55.95,ME-MID,North,East
24.1,52.7167,ME-MID,North,East
25.35,55.3833,ME-MID,North,East
25.5833,55.5833,ME-MID,North,East
24.4958385,54.6040121,ME-MID,North,East
24.8833,53.0667,ME-MID,North,East
25.0,55.05,ME-MID,North,East
25.4052165,55.5136433,ME-MID,North,East
25.15,52.8833333,ME-MID,North,East
25.115,55.1375,ME-MID,North,East
24.317,54.45,ME-MID,North,East
25.983,55.933,ME-MID,North,East
24.1915137,52.6126027,ME-MID,North,East
24.5779154,53.3056266,ME-MID,North,East
25.967,56.067,ME-MID,North,East
25.284755,55.2756505,ME-MID,North,East
24.0535567,53.4122052,ME-MID,North,East
24.533,54.4,ME-MID,North,East
24.433,54.5,ME-MID,North,East
36.65,66.9833,ME-IPB,North,East
32.1,66.8833,ME-IPB,North,East
34.1298683,71.0839469,ME-IPB,North,East
41.4591168,48.8020626,ME-MID,North,East
40.25,49.6,ME-MID,North,East
39.9167,48.9167,ME-MID,North,East
40.5833,49.6667,ME-MID,North,East
40.408005,49.86735,ME-MID,North,East
24.0333,91.0167,ME-IPB,North,East
23.05,88.9,ME-IPB,North,East
22.3333,91.8333,ME-IPB,North,East
23.5449195,90.5296275,ME-IPB,North,East
23.65,90.45,ME-IPB,North,East
21.9333,90.2667,ME-IPB,North,East
22.4942196,89.6016171,ME-IPB,North,East
26.2333,50.65,ME-MID,North,East
26.25,50.6,ME-MID,North,East
26.2,50.6167,ME-MID,North,East
26.2,50.6167,ME-MID,North,East
26.1333,50.6167,ME-MID,North,East
26.2,50.61667,ME-MID,North,East
4.8833,114.9333,AS-SIN,North,East
4.5831986,114.2212174,AS-SIN,North,East
5.0333206,115.0732883,AS-SIN,North,East
-12.0,96.8333,AS-SIN,South,East
21.3833,109.8333,AS-SIN,North,East
30.5167,117.0333,AS-NCN,North,East
36.4167,119.1833,AS-NCN,North,East
31.3,121.15,AS-NCN,North,East
27.5833,120.45,AS-SCN,North,East
25.4667,105.7833,AS-NCN,North,East
31.0333,110.3833,AS-NCN,North,East
25.4333,105.8,AS-NCN,North,East
19.7,109.2167,AS-SIN,North,East
35.0167,118.6,AS-NCN,North,East
30.4333,111.5167,AS-NCN,North,East
31.4167,121.4833,AS-NCN,North,East
19.0,108.6167,AS-SIN,North,East
21.4667,109.1167,AS-SIN,North,East
22.9167,113.2,AS-SCN,North,East
21.3667,110.25,AS-SCN,North,East
22.6167,114.85,AS-SCN,North,East
33.7167,119.6167,AS-NCN,North,East
27.25,120.3333,AS-SCN,North,East
21.5167,111.0,AS-SCN,North,East
38.45,118.4333,AS-NCN,North,East
34.85,118.05,AS-NCN,North,East
23.4833,111.3167,AS-SCN,North,East
38.95,118.5333,AS-NCN,North,East
30.7833,121.4,AS-NCN,North,East
40.4167,124.8,AS-NCN,North,East
28.2,112.9833,AS-SCN,North,East
31.65,120.7167,AS-NCN,North,East
31.7833,119.9667,AS-NCN,North,East
31.6,117.85,AS-NCN,North,East
23.2667,116.6,AS-SCN,North,East
23.6667,116.6333,AS-SCN,North,East
22.95,113.2333,AS-SCN,North,East
40.9667,117.9333,AS-NCN,North,East
29.4333,113.15,AS-SCN,North,East
31.9167,120.2333,AS-NCN,North,East
22.4833,113.8833,AS-SCN,North,East
30.65,117.4667,AS-NCN,North,East
31.6333,121.4,AS-NCN,North,East
29.5833,106.55,AS-NCN,North,East
32.3167,118.2833,AS-NCN,North,East
30.1667,121.2333,AS-NCN,North,East
22.5333,113.8667,AS-SCN,North,East
24.5333,118.3167,AS-SCN,North,East
33.1833,120.4667,AS-NCN,North,East
38.9167,121.6,AS-NCN,North,East
39.7333,123.7167,AS-NCN,North,East
25.1833,119.6,AS-SCN,North,East
40.1333,124.3667,AS-NCN,North,East
25.3667,109.4333,AS-SCN,North,East
22.6,114.5,AS-SCN,North,East
38.9,121.6,AS-NCN,North,East
29.8833,121.95,AS-NCN,North,East
22.6667,114.6667,AS-SCN,North,East
26.2167,109.1167,AS-NCN,North,East
37.4333,116.2833,AS-NCN,North,East
26.2333,119.6167,AS-SCN,North,East
19.05,108.9333,AS-SIN,North,East
39.8833,124.1333,AS-NCN,North,East
23.0333,113.75,AS-SCN,North,East
22.95,115.6333,AS-SCN,North,East
33.6667,108.6667,AS-NCN,North,East
20.3333,110.4167,AS-SCN,North,East
21.7167,112.2167,AS-SCN,North,East
24.6667,118.4667,AS-SCN,North,East
21.4833,107.9833,AS-SIN,North,East
37.4167,118.6833,AS-NCN,North,East
22.2,113.2833,AS-SCN,North,East
30.4,114.8167,AS-NCN,North,East
21.7667,108.35,AS-SIN,North,East
36.7,121.2333,AS-NCN,North,East
23.05,112.45,AS-SCN,North,East
47.25,132.0333,AS-RUE,North,East
29.7,107.3333,AS-NCN,North,East
22.65,113.7833,AS-SCN,North,East
48.35,134.3,AS-RUE,North,East
26.0833,119.3,AS-SCN,North,East
32.3,119.85,AS-NCN,North,East
21.9167,113.25,AS-SCN,North,East
36.3167,103.9333,AS-NCN,North,East
22.8833,112.8333,AS-SCN,North,East
23.6333,117.2333,AS-SCN,North,East
22.7833,113.8667,AS-SCN,North,East
22.25,112.8,AS-SCN,North,East
21.9667,112.8,AS-SCN,North,East
23.1333,113.2333,AS-SCN,North,East
23.1,109.6,AS-SCN,North,East
25.2667,110.2833,AS-SCN,North,East
22.1333,113.8167,AS-SCN,North,East
22.6,113.1667,AS-SCN,North,East
20.0333,110.3333,AS-SIN,North,East
20.25,108.8333,AS-SIN,North,East
20.0333,110.1667,AS-SIN,North,East
28.6667,121.4333,AS-NCN,North,East
45.7333,126.6,AS-NCN,North,East
39.8833,115.2667,AS-NCN,North,East
50.2333,127.4833,AS-RUE,North,East
50.2,119.3833,AS-NCN,North,East
22.2,112.3167,AS-SCN,North,East
23.1667,114.6167,AS-SCN,North,East
22.7667,112.95,AS-SCN,North,East
22.65,113.1333,AS-SCN,North,East
23.1667,114.2667,AS-SCN,North,East
22.9333,113.6333,AS-SCN,North,East
24.8833,118.6667,AS-SCN,North,East
47.0167,130.7,AS-RUE,North,East
23.05,112.45,AS-SCN,North,East
40.3667,115.5,AS-NCN,North,East
33.6333,119.0167,AS-NCN,North,East
38.35,117.35,AS-NCN,North,East
25.1,107.3333,AS-SIN,North,East
23.0833,113.5,AS-SCN,North,East
30.2,115.1,AS-NCN,North,East
29.55,121.5667,AS-NCN,North,East
28.6333,121.25,AS-NCN,North,East
22.9833,114.7,AS-SCN,North,East
23.0833,114.3667,AS-SCN,North,East
45.7833,132.95,AS-RUE,North,East
40.75,120.85,AS-NCN,North,East
22.8333,113.6667,AS-SCN,North,East
30.8667,120.1,AS-NCN,North,East
23.45,111.5,AS-SCN,North,East
22.5833,113.0667,AS-SCN,North,East
21.6333,108.2667,AS-SIN,North,East
25.4667,119.3,AS-SCN,North,East
31.9,120.2833,AS-NCN,North,East
30.7667,120.75,AS-NCN,North,East
48.8667,130.3667,AS-RUE,North,East
22.8667,116.05,AS-SCN,North,East
23.0333,116.3,AS-SCN,North,East
22.0167,100.8,AS-SIN,North,East
32.0333,120.2833,AS-NCN,North,East
22.5167,113.0167,AS-SCN,North,East
30.3,112.2667,AS-NCN,North,East
25.5,119.7833,AS-SCN,North,East
41.1167,121.15,AS-NCN,North,East
22.8333,113.0,AS-SCN,North,East
29.7167,115.9667,AS-NCN,North,East
24.0333,117.7,AS-SCN,North,East
31.9167,119.1667,AS-NCN,North,East
34.7833,114.3333,AS-NCN,North,East
37.1667,119.95,AS-NCN,North,East
35.0667,119.3667,AS-NCN,North,East
29.2,119.4667,AS-NCN,North,East
23.0167,115.2667,AS-SCN,North,East
34.7167,119.4333,AS-NCN,North,East
24.7667,112.35,AS-SCN,North,East
27.6667,113.4833,AS-SCN,North,East
28.85,121.1167,AS-NCN,North,East
40.0667,116.75,AS-NCN,North,East
23.0667,112.0,AS-SCN,North,East
20.9,110.0667,AS-SIN,North,East
23.3167,109.4,AS-SIN,North,East
40.7667,115.5667,AS-NCN,North,East
26.4667,113.2667,AS-SCN,North,East
37.65,120.35,AS-NCN,North,East
37.4333,122.6333,AS-NCN,North,East
31.7333,116.4833,AS-NCN,North,East
22.95,115.6333,AS-SCN,North,East
30.8167,122.6167,AS-NCN,North,East
47.5667,130.8167,AS-RUE,North,East
38.6833,121.1833,AS-NCN,North,East
32.05,121.6167,AS-NCN,North,East
28.9,105.4,AS-NCN,North,East
31.7167,118.4667,AS-NCN,North,East
19.95,110.0167,AS-SIN,North,East
23.35,112.6833,AS-SCN,North,East
30.6667,122.4,AS-NCN,North,East
22.45,113.8833,AS-SCN,North,East
25.9833,119.45,AS-SCN,North,East
24.7,117.0667,AS-SCN,North,East
40.3667,116.8333,AS-NCN,North,East
53.0167,122.45,AS-NCN,North,East
23.4333,117.6833,AS-SCN,North,East
23.0167,113.15,AS-SCN,North,East
23.1167,111.8,AS-SCN,North,East
32.05,118.7667,AS-NCN,North,East
22.8,108.3167,AS-SIN,North,East
22.75,113.5833,AS-SCN,North,East
32.0167,120.85,AS-NCN,North,East
20.9167,110.5833,AS-SCN,North,East
29.8667,121.55,AS-NCN,North,East
29.9167,121.6667,AS-NCN,North,East
29.8667,121.55,AS-NCN,North,East
36.3833,120.8667,AS-NCN,North,East
41.1167,122.05,AS-NCN,North,East
37.8,120.75,AS-NCN,North,East
22.1,113.1667,AS-SCN,North,East
23.0333,113.2,AS-SCN,North,East
34.3351999,118.01246,AS-NCN,North,East
31.2333,121.5,AS-NCN,North,East
24.4333,119.0167,AS-SCN,North,East
35.7,115.0,AS-NCN,North,East
22.2333,113.5167,AS-SCN,North,East
36.05,120.2167,AS-NCN,North,East
26.2,119.5167,AS-SCN,North,East
36.05,120.3167,AS-NCN,North,East
34.6833,115.7667,AS-NCN,North,East
19.55,110.8167,AS-SCN,North,East
41.3667,126.5167,AS-NCN,North,East
23.7,113.0167,AS-SCN,North,East
39.9167,119.5833,AS-NCN,North,East
21.5833,108.4667,AS-SIN,North,East
24.9333,118.6,AS-SCN,North,East
24.9333,118.6,AS-SCN,North,East
23.5833,116.4333,AS-SCN,North,East
46.8,134.0,AS-RUE,North,East
23.6667,117.0,AS-SCN,North,East
35.3833,119.5333,AS-NCN,North,East
37.15,122.3833,AS-NCN,North,East
22.7833,113.2667,AS-SCN,North,East
26.9667,119.6833,AS-SCN,North,East
26.2333,117.6167,AS-SCN,North,East
26.9333,120.2167,AS-SCN,North,East
23.1667,112.8667,AS-SCN,North,East
33.7833,120.25,AS-NCN,North,East
22.05,113.35,AS-SCN,North,East
26.65,119.5167,AS-SCN,North,East
21.6,112.7833,AS-SCN,North,East
31.2333,121.4833,AS-NCN,North,East
31.2333,121.4833,AS-NCN,North,East
30.0,120.8667,AS-NCN,North,East
42.8667,90.1667,ME-IPB,North,East
23.4167,116.7667,AS-SCN,North,East
28.05,121.2,AS-NCN,North,East
22.7833,115.35,AS-SCN,North,East
24.8,113.6167,AS-SCN,North,East
21.5,111.4833,AS-SCN,North,East
23.9833,113.9,AS-SCN,North,East
23.05,113.4333,AS-SCN,North,East
22.4833,113.9167,AS-SCN,North,East
24.6167,118.6667,AS-SCN,North,East
22.55,114.1167,AS-SCN,North,East
33.7667,120.25,AS-NCN,North,East
36.8667,122.4333,AS-NCN,North,East
24.6167,118.4333,AS-SCN,North,East
36.3667,119.55,AS-NCN,North,East
23.0167,113.5,AS-SCN,North,East
30.3167,116.65,AS-NCN,North,East
29.4833,121.85,AS-NCN,North,East
22.95,113.3667,AS-SCN,North,East
24.7333,118.6333,AS-SCN,North,East
21.5833,109.55,AS-SIN,North,East
23.0,113.0833,AS-SCN,North,East
21.5167,111.0,AS-SCN,North,East
22.2333,110.9333,AS-SCN,North,East
22.8333,113.25,AS-SCN,North,East
22.8,106.8,AS-SIN,North,East
39.2833,122.5667,AS-NCN,North,East
22.8,100.9667,AS-SIN,North,East
31.0167,121.2333,AS-NCN,North,East
25.6833,119.5833,AS-SCN,North,East
47.3,131.85,AS-RUE,North,East
30.5333,105.5333,AS-NCN,North,East
49.4167,127.3167,AS-RUE,North,East
31.3167,120.6167,AS-NCN,North,East
31.45,121.1,AS-NCN,North,East
26.0833,119.5,AS-SCN,North,East
21.0333,110.1667,AS-SIN,North,East
37.2667,119.8333,AS-NCN,North,East
32.4833,119.9,AS-NCN,North,East
32.5,119.9,AS-NCN,North,East
39.0167,117.65,AS-NCN,North,East
39.6,118.1833,AS-NCN,North,East
19.2333,110.4667,AS-SIN,North,East
39.0333,117.2,AS-NCN,North,East
38.9833,117.75,AS-NCN,North,East
38.9833,117.7,AS-NCN,North,East
47.65,132.5,AS-RUE,North,East
30.9333,117.8,AS-NCN,North,East
30.6333,120.5667,AS-NCN,North,East
22.5833,113.1333,AS-SCN,North,East
21.9333,113.7167,AS-SCN,North,East
22.1833,113.5167,AS-SCN,North,East
36.7167,119.1,AS-NCN,North,East
37.5167,122.1167,AS-NCN,North,East
37.5,122.1667,AS-NCN,North,East
24.5333,118.6,AS-SCN,North,East
28.4167,121.9833,AS-NCN,North,East
23.3667,104.25,AS-SIN,North,East
28.0167,120.65,AS-NCN,North,East
21.45,110.75,AS-SCN,North,East
30.5833,114.2833,AS-NCN,North,East
31.3167,118.3667,AS-NCN,North,East
22.85,115.65,AS-SCN,North,East
31.5667,120.3,AS-NCN,North,East
23.4833,111.3333,AS-SCN,North,East
25.7,119.3833,AS-SCN,North,East
24.45,118.1,AS-SCN,North,East
24.35,118.2,AS-SCN,North,East
34.2833,108.95,AS-NCN,North,East
27.85,112.9,AS-SCN,North,East
24.7667,118.7667,AS-SCN,North,East
29.3333,104.8833,AS-NCN,North,East
25.2,119.95,AS-SCN,North,East
22.6667,113.2167,AS-SCN,North,East
23.0833,112.9833,AS-SCN,North,East
21.2833,114.8667,AS-SCN,North,East
18.5,110.0167,AS-SIN,North,East
23.0333,113.1,AS-SCN,North,East
22.5333,113.0167,AS-SCN,North,East
22.9833,113.5333,AS-SCN,North,East
23.1167,113.6167,AS-SCN,North,East
32.1333,114.05,AS-NCN,North,East
19.7333,109.2833,AS-SIN,North,East
21.65,111.7833,AS-SCN,North,East
25.2333,118.95,AS-SCN,North,East
49.55,128.4667,AS-RUE,North,East
21.8333,111.9667,AS-SCN,North,East
32.55,121.4,AS-NCN,North,East
19.7,109.2,AS-SIN,North,East
32.2167,119.8167,AS-NCN,North,East
32.3833,119.4333,AS-NCN,North,East
37.4635299,121.44801,AS-NCN,North,East
37.55,121.4167,AS-NCN,North,East
26.85,119.8667,AS-SCN,North,East
40.65,122.2167,AS-NCN,North,East
21.6167,110.2833,AS-SCN,North,East
32.2667,119.1667,AS-NCN,North,East
24.9833,109.9833,AS-SCN,North,East
29.3667,113.1,AS-SCN,North,East
28.1333,121.2333,AS-NCN,North,East
23.1,113.4167,AS-SCN,North,East
22.55,113.45,AS-SCN,North,East
31.8667,120.5333,AS-NCN,North,East
34.1167,118.3167,AS-NCN,North,East
26.7,119.5833,AS-SCN,North,East
24.5167,117.65,AS-SCN,North,East
21.0833,110.5,AS-SCN,North,East
46.0667,125.9833,AS-NCN,North,East
32.55,116.6333,AS-NCN,North,East
23.05,112.45,AS-SCN,North,East
21.5667,111.85,AS-SCN,North,East
30.5833,121.0833,AS-NCN,North,East
23.5833,117.1,AS-SCN,North,East
31.6333,118.3833,AS-NCN,North,East
32.1833,119.45,AS-NCN,North,East
22.5167,113.3667,AS-SCN,North,East
23.0833,113.65,AS-SCN,North,East
39.6833,122.9667,AS-NCN,North,East
22.2833,113.5667,AS-SCN,North,East
23.3667,113.3333,AS-SCN,North,East
36.05,120.3333333,AS-NCN,North,East
24.45,118.0333333,AS-SCN,North,East
39.1,117.1666667,AS-NCN,North,East
38.91666667,121.6666667,AS-NCN,North,East
23.0566,113.5281,AS-SCN,North,East
26.05,119.3,AS-SCN,North,East
36.35,120.667,AS-NCN,North,East
31.2131001,121.5063355,AS-NCN,North,East
40.230636,122.107814,AS-NCN,North,East
29.933,121.883,AS-NCN,North,East
41.28333,123.75,AS-NCN,North,East
23.12911,113.264385,AS-SCN,North,East
29.01667,111.66667,AS-SCN,North,East
31.7666,120.95,AS-NCN,North,East
22.267,113.067,AS-SCN,North,East
31.63333,121.38333,AS-NCN,North,East
38.926984,121.654095,AS-NCN,North,East
28.45,121.8666667,AS-NCN,North,East
40.000787,124.354451,AS-NCN,North,East
32.48333,120.0,AS-NCN,North,East
37.45,118.48333,AS-NCN,North,East
35.6,119.767,AS-NCN,North,East
38.9,121.6,AS-NCN,North,East
33.63333,108.63333,AS-NCN,North,East
23.25,115.017,AS-SCN,North,East
36.067117,120.382612,AS-NCN,North,East
23.701262,117.430061,AS-SCN,North,East
38.8828623,121.5278118,AS-NCN,North,East
36.7,121.23333,AS-NCN,North,East
23.03333,113.1,AS-SCN,North,East
25.974642,119.509221,AS-SCN,North,East
23.28333,115.66667,AS-SCN,North,East
24.18333,113.4,AS-SCN,North,East
22.567,114.433,AS-SCN,North,East
23.114346,113.281455,AS-SCN,North,East
23.1576366,113.4110535,AS-SCN,North,East
31.231763,121.484443,AS-NCN,North,East
23.810227,108.8868,AS-SIN,North,East
38.36667,117.35,AS-NCN,North,East
27.1,120.3,AS-SCN,North,East
31.8195372,121.1249149,AS-NCN,North,East
23.1,113.41667,AS-SCN,North,East
30.007232,115.336359,AS-NCN,North,East
30.199378,122.644701,AS-NCN,North,East
22.705124,113.316811,AS-SCN,North,East
28.88333,105.45,AS-NCN,North,East
30.017,122.1,AS-NCN,North,East
23.117,115.083,AS-SCN,North,East
23.05,112.733,AS-SCN,North,East
41.304958,123.776572,AS-NCN,North,East
30.07544,103.848538,AS-NCN,North,East
23.1,113.417,AS-SCN,North,East
23.035339,113.226513,AS-SCN,North,East
32.0750616,118.7706532,AS-NCN,North,East
32.2125,118.812,AS-NCN,North,East
37.8,120.75,AS-NCN,North,East
36.014189,120.20202,AS-NCN,North,East
37.0399299,115.66718,AS-NCN,North,East
31.15,121.1,AS-NCN,North,East
21.979933,108.654146,AS-SIN,North,East
27.778657,120.655148,AS-SCN,North,East
22.3666,112.7166,AS-SCN,North,East
26.314775,116.346995,AS-SCN,North,East
31.366365,121.61475,AS-NCN,North,East
34.414172,115.65637,AS-NCN,North,East
24.0,113.88333,AS-SCN,North,East
30.71666667,122.4833333,AS-NCN,North,East
22.302496,113.363816,AS-SCN,North,East
23.302822,116.774468,AS-SCN,North,East
40.11667,116.63333,AS-NCN,North,East
22.4760219,113.9127408,AS-SCN,North,East
22.543096,114.057865,AS-SCN,North,East
31.43333,121.08333,AS-NCN,North,East
39.029528,117.661226,AS-NCN,North,East
32.455778,119.923116,AS-NCN,North,East
38.982173,117.746172,AS-NCN,North,East
22.58333,113.13333,AS-SCN,North,East
36.706774,119.161756,AS-NCN,North,East
31.3510027,121.5850272,AS-NCN,North,East
27.9110235,120.8554106,AS-NCN,North,East
23.083,113.417,AS-SCN,North,East
30.580882,114.29635,AS-NCN,North,East
23.476963,111.279115,AS-SCN,North,East
30.4969304,114.3939601,AS-NCN,North,East
24.633,118.25,AS-SCN,North,East
30.995032,105.900818,AS-NCN,North,East
32.01667,112.15,AS-NCN,North,East
38.98333,117.48333,AS-NCN,North,East
20.028061,110.309418,AS-SIN,North,East
23.083,113.433,AS-SCN,North,East
25.25,119.03333,AS-SCN,North,East
22.265811,113.543785,AS-SCN,North,East
24.485792,118.031683,AS-SCN,North,East
24.356536,118.206734,AS-SCN,North,East
23.1,113.25,AS-SCN,North,East
27.1,120.317,AS-SCN,North,East
30.61667,122.05,AS-NCN,North,East
28.76667,104.56667,AS-NCN,North,East
30.691966,111.286471,AS-NCN,North,East
25.941937,117.365053,AS-SCN,North,East
24.466675,112.626495,AS-SCN,North,East
28.753105,104.642964,AS-NCN,North,East
37.539058,121.368981,AS-NCN,North,East
23.41667,112.4,AS-SCN,North,East
30.6174595,122.0852074,AS-NCN,North,East
24.466675,112.626495,AS-SCN,North,East
37.41058,121.378119,AS-NCN,North,East
22.93333,112.03333,AS-SCN,North,East
30.6,121.06667,AS-NCN,North,East
21.93333,113.21667,AS-SCN,North,East
29.985295,122.207215,AS-NCN,North,East
30.29956,108.039002,AS-NCN,North,East
27.883,121.117,AS-NCN,North,East
-10.4167,105.7167,AS-SIN,South,East
34.6,32.95,ME-MID,North,East
34.9833,33.75,ME-MID,North,East
35.1,33.95,ME-MID,North,East
35.1333,32.8333,EU-BLA,North,East
35.3333,33.3333,EU-BLA,North,East
34.9167,33.6167,ME-MID,North,East
35.0333,32.4,EU-BLA,North,East
34.6833,33.05,ME-MID,North,East
34.7333,33.2,ME-MID,North,East
35.1667,33.3667,ME-MID,North,East
34.7667,32.4167,EU-BLA,North,East
34.7167,33.3167,ME-MID,North,East
34.7333,33.3333,ME-MID,North,East
34.983,34.0,ME-MID,North,East
34.95,33.58333,ME-MID,North,East
34.9968356,33.3694007,ME-MID,North,East
34.98333,34.0,ME-MID,North,East
35.0541055,33.2436859,ME-MID,North,East
34.9,32.31667,EU-BLA,North,East
35.0596159,34.0093716,ME-MID,North,East
34.9413934,32.9680834,ME-MID,North,East
34.91667,33.63333,ME-MID,North,East
34.88333,33.63333,ME-MID,North,East
34.65,33.01667,ME-MID,North,East
35.0,33.88333,ME-MID,North,East
34.66667,33.05,ME-MID,North,East
34.8548144,33.5468888,ME-MID,North,East
34.9923198,33.7791944,ME-MID,North,East
35.03333,34.03333,ME-MID,North,East
35.16667,32.55,EU-BLA,North,East
34.96667,33.9,ME-MID,North,East
35.05,33.25,ME-MID,North,East
35.18333,32.66667,EU-BLA,North,East
35.05,34.01667,ME-MID,North,East
35.0153362,33.7407024,ME-MID,North,East
34.96667,33.83333,ME-MID,North,East
35.13333,32.83333,EU-BLA,North,East
34.73333,33.33333,ME-MID,North,East
41.75,45.1667,EU-BLA,North,East
42.2667,41.6333,EU-BLA,North,East
43.0,41.0,EU-BLA,North,East
41.6167547,41.6367455,EU-BLA,North,East
42.1582596,41.67137,EU-BLA,North,East
42.01667,41.71667,EU-BLA,North,East
22.25,114.15,AS-SCN,North,East
22.2833,114.1833,AS-SCN,North,East
22.3667,114.1167,AS-SCN,North,East
22.3,114.1667,AS-SCN,North,East
22.3,114.1667,AS-SCN,North,East
22.2833,114.1667,AS-SCN,North,East
22.3,114.1666667,AS-SCN,North,East
0.85,122.7833,AS-SIN,North,East
5.2333,105.6,AS-SIN,North,East
-6.0667,105.8833,AS-SIN,South,East
-1.2833,116.8333,AS-SIN,South,East
5.8167,95.3333,AS-SIN,North,East
1.0833,104.0333,AS-SIN,North,East
1.1667,104.0167,AS-SIN,North,East
-0.9667,102.7333,AS-SIN,South,East
-3.45,115.9833,AS-SIN,South,East
-2.8333,107.9167,AS-SIN,South,East
-8.8667,116.7167,AS-SIN,South,East
-8.7667,115.2167,AS-SIN,South,East
3.5,117.8,AS-SIN,North,East
-6.2,106.35,AS-SIN,South,East
-7.7333,109.0,AS-SIN,South,East
-6.7333,108.5667,AS-SIN,South,East
-6.0167,105.95,AS-SIN,South,East
-0.5,104.55,AS-SIN,South,East
-2.3333,140.1333,AS-SIN,South,East
-5.75,134.2167,AS-SIN,South,East
-1.5333,122.25,AS-SIN,South,East
1.0167,103.5667,AS-SIN,North,East
-8.6333,115.2,AS-SIN,South,East
-7.15,112.65,AS-SIN,South,East
-2.1333,132.1667,AS-SIN,South,East
-6.1833,106.8333,AS-SIN,South,East
-6.1333,106.8333,AS-SIN,South,East
-7.7333,112.5,AS-SIN,South,East
-2.5333,140.7,AS-SIN,South,East
-6.5833,110.65,AS-SIN,South,East
-7.9,110.3833,AS-SIN,South,East
-8.2167,124.5167,AS-SIN,South,East
-7.6167,113.8833,AS-SIN,South,East
-0.789275,113.921327,AS-SIN,South,East
1.1833,127.9,AS-SIN,North,East
-2.5333,110.2,AS-SIN,South,East
-6.3,106.3833,AS-SIN,South,East
-8.5833,119.5,AS-SIN,South,East
4.5333,98.0167,AS-SIN,North,East
3.35,99.4833,AS-SIN,North,East
-2.7333,111.7167,AS-SIN,South,East
-8.5,119.8833,AS-SIN,South,East
-0.6167,127.4833,AS-SIN,South,East
-8.7333,116.0667,AS-SIN,South,East
1.0,104.2667,AS-SIN,North,East
0.7667,117.7333,AS-SIN,North,East
-6.85,112.95,AS-SIN,South,East
-5.1167,119.4,AS-SIN,South,East
-8.4833,115.5167,AS-SIN,South,East
2.1333,117.7333,AS-SIN,North,East
-6.0833,106.9167,AS-SIN,South,East
1.1167,103.55,AS-SIN,North,East
-0.95,100.35,AS-SIN,South,East
-3.0833,120.2333,AS-SIN,South,East
-0.8833,119.85,AS-SIN,South,East
-7.6333,112.9,AS-SIN,South,East
-8.45,117.3667,AS-SIN,South,East
1.0667,102.8667,AS-SIN,North,East
0.6333,101.6167,AS-SIN,North,East
-2.9833,104.8,AS-SIN,South,East
-4.0333,121.5833,AS-SIN,South,East
-0.3,115.8667,AS-SIN,South,East
-3.2833,116.15,AS-SIN,South,East
3.9167,108.3833,AS-SIN,North,East
-8.5667,118.9833,AS-SIN,South,East
1.1333,103.9333,AS-SIN,North,East
-6.9667,110.4833,AS-SIN,South,East
-0.95,117.15,AS-SIN,South,East
-3.2833,116.1667,AS-SIN,South,East
0.9,127.4833,AS-SIN,North,East
-7.2333,112.75,AS-SIN,South,East
-2.75,107.65,AS-SIN,South,East
1.0,103.4333,AS-SIN,North,East
0.9167,104.45,AS-SIN,North,East
1.05,104.2333,AS-SIN,North,East
-5.5667,105.3667,AS-SIN,South,East
-1.0,100.3667,AS-SIN,South,East
-3.0,106.5,AS-SIN,South,East
4.0167,106.4667,AS-SIN,North,East
-9.65,120.2667,AS-SIN,South,East
1.05,127.967,AS-SIN,North,East
-8.3405389,115.0919509,AS-SIN,South,East
-3.6255302,128.1054495,AS-SIN,South,East
-3.65,130.833,AS-SIN,South,East
-0.867,121.583,AS-SIN,South,East
-6.65,140.417,AS-SIN,South,East
-3.3186067,114.5943784,AS-SIN,South,East
4.133,105.133,AS-SIN,North,East
-2.733,112.55,AS-SIN,South,East
-1.591,123.4991,AS-SIN,South,East
-1.1833,136.0666,AS-SIN,South,East
-4.817,119.483,AS-SIN,South,East
1.4403744,125.1216524,AS-SIN,North,East
-8.1166,114.4,AS-SIN,South,East
3.784303,98.694221,AS-SIN,North,East
-8.4166,118.7166,AS-SIN,South,East
4.167,106.233,AS-SIN,North,East
-6.4058172,106.0640179,AS-SIN,South,East
0.1,117.4833,AS-SIN,North,East
-8.817,116.817,AS-SIN,South,East
-1.6,103.616667,AS-SIN,South,East
1.6833,101.45,AS-SIN,North,East
-5.65,133.117,AS-SIN,South,East
-0.533,103.4,AS-SIN,South,East
-1.8,105.133,AS-SIN,South,East
-2.9333,132.3166,AS-SIN,South,East
0.817,102.4,AS-SIN,North,East
0.833,128.317,AS-SIN,North,East
0.6999372,122.4467238,AS-SIN,North,East
-6.25,107.15,AS-SIN,South,East
-0.883,104.067,AS-SIN,South,East
-4.183,115.1,AS-SIN,South,East
-3.9984597,122.5129742,AS-SIN,South,East
5.25,97.033,AS-SIN,North,East
-8.483,116.667,AS-SIN,South,East
0.8533655,104.5946633,AS-SIN,North,East
-1.967,121.333,AS-SIN,South,East
5.017,105.95,AS-SIN,North,East
-10.1771997,123.6070329,AS-SIN,South,East
-2.7,132.433,AS-SIN,South,East
-4.05,121.567,AS-SIN,South,East
-0.9,103.8,AS-SIN,South,East
-1.167,116.783,AS-SIN,South,East
-3.3,128.05,AS-SIN,South,East
-8.5,116.667,AS-SIN,South,East
-0.938828,122.792801,AS-SIN,South,East
0.883,134.317,AS-SIN,North,East
-2.983,114.767,AS-SIN,South,East
0.4,103.783,AS-SIN,North,East
3.5951956,98.6722227,AS-SIN,North,East
-1.567,130.517,AS-SIN,South,East
-8.4991117,140.4049814,AS-SIN,South,East
-0.8614531,134.0620421,AS-SIN,South,East
-8.6245515,122.2146964,AS-SIN,South,East
0.783,128.217,AS-SIN,North,East
-1.867,121.5,AS-SIN,South,East
-5.9349331,106.0064628,AS-SIN,South,East
-1.583,99.2,AS-SIN,South,East
-0.8,103.917,AS-SIN,South,East
-0.9349425,114.8985047,AS-SIN,South,East
-3.217,116.267,AS-SIN,South,East
1.15,103.6,AS-SIN,North,East
-6.917,115.917,AS-SIN,South,East
-0.8,122.617,AS-SIN,South,East
-3.067,128.183,AS-SIN,South,East
3.96667,100.08333,AS-SIN,North,East
-2.9760735,104.7754307,AS-SIN,South,East
-4.8,136.767,AS-SIN,South,East
-0.3269444,104.4677778,AS-SIN,South,East
-5.4641159,105.3218997,AS-SIN,South,East
-0.0263303,109.3425039,AS-SIN,South,East
-8.517,116.833,AS-SIN,South,East
-0.673877,119.8641634,AS-SIN,South,East
-8.317,120.5,AS-SIN,South,East
1.117,128.167,AS-SIN,North,East
-7.4497718,112.7015495,AS-SIN,South,East
-7.183,115.783,AS-SIN,South,East
0.117,110.6,AS-SIN,North,East
1.7368371,98.7851121,AS-SIN,North,East
-2.5394654,112.9586863,AS-SIN,South,East
-0.8761629,131.255828,AS-SIN,South,East
-0.5016166,117.1264753,AS-SIN,South,East
2.05,117.7,AS-SIN,North,East
-6.9277361,106.9299579,AS-SIN,South,East
-7.05,113.95,AS-SIN,South,East
-8.867,116.55,AS-SIN,South,East
-1.35,131.0,AS-SIN,South,East
-3.683,114.417,AS-SIN,South,East
-3.267,116.083,AS-SIN,South,East
1.7145909,127.9678652,AS-SIN,North,East
0.833,128.25,AS-SIN,North,East
3.217,106.217,AS-SIN,North,East
-6.96667,110.48333,AS-SIN,South,East
-7.2,112.71667,AS-SIN,South,East
0.8768231,120.7579834,AS-SIN,North,East
0.033,117.517,AS-SIN,North,East
-4.75,136.55,AS-SIN,South,East
-3.183,116.267,AS-SIN,South,East
-6.1,106.88333,AS-SIN,South,East
3.3273599,117.5785049,AS-SIN,North,East
0.7957999,127.3613533,AS-SIN,North,East
-5.633,132.733,AS-SIN,South,East
1.1846911,124.575545,AS-SIN,North,East
-6.2087634,106.845599,AS-SIN,South,East
-6.2087634,106.845599,AS-SIN,South,East
-3.067,126.533,AS-SIN,South,East
0.333,127.883,AS-SIN,North,East
-3.567,126.167,AS-SIN,South,East
32.9167,35.0667,ME-MID,North,East
32.5167,34.9333,ME-MID,North,East
33.1667,35.4333,ME-MID,North,East
32.8,34.9833,ME-MID,North,East
32.8,34.9833,ME-MID,North,East
31.6833,34.65,ME-MID,North,East
31.8333,34.9167,ME-MID,North,East
32.3667,34.8667,ME-MID,North,East
32.0333,34.9,ME-MID,North,East
31.7833,35.3167,ME-MID,North,East
32.2167,35.25,ME-MID,North,East
32.3333,34.8667,ME-MID,North,East
31.95,35.25,ME-MID,North,East
32.05,34.75,ME-MID,North,East
32.8,35.5333,ME-MID,North,East
31.83333333,34.63333333,ME-MID,North,East
31.6687885,34.5742523,ME-MID,North,East
31.817,34.65,ME-MID,North,East
29.557669,34.951925,ME-MID,North,East
32.433672,34.919217,ME-MID,North,East
32.8,34.983,ME-MID,North,East
31.931566,34.872938,ME-MID,North,East
9.4833,76.3167,ME-IPB,North,East
12.7333,79.95,ME-IPB,North,East
12.9833,78.1833,ME-IPB,North,East
25.4167,82.5667,ME-IPB,North,East
21.7,72.9667,ME-IPB,North,East
21.7667,72.1333,ME-IPB,North,East
13.0833,80.2833,ME-IPB,North,East
9.9667,76.2333,ME-IPB,North,East
20.8,86.9,ME-IPB,North,East
20.8167,86.95,ME-IPB,North,East
18.25,72.9667,ME-IPB,North,East
9.9833,76.2833,ME-IPB,North,East
11.35,77.7333,ME-IPB,North,East
17.65,83.25,ME-IPB,North,East
22.5167,88.3,ME-IPB,North,East
21.0833,72.6167,ME-IPB,North,East
20.85,71.3667,ME-IPB,North,East
32.7,74.85,ME-IPB,North,East
21.8833,70.0333,ME-IPB,North,East
23.0333,70.2167,ME-IPB,North,East
10.95,78.0833,ME-IPB,North,East
13.3,80.35,ME-IPB,North,East
13.3,80.3833,ME-IPB,North,East
23.05,72.9333,ME-IPB,North,East
22.5667,88.35,ME-IPB,North,East
11.25,75.7667,ME-IPB,North,East
21.7333,84.0167,ME-IPB,North,East
9.9333,78.1167,ME-IPB,North,East
11.7,75.5333,ME-IPB,North,East
22.8333,69.3667,ME-IPB,North,East
15.4,73.7833,ME-IPB,North,East
22.8167,70.8333,ME-IPB,North,East
20.75,70.6667,ME-IPB,North,East
18.9667,72.8167,ME-IPB,North,East
25.3833,86.4667,ME-IPB,North,East
10.7833,79.8167,ME-IPB,North,East
8.1667,77.4333,ME-IPB,North,East
28.6,77.2,ME-IPB,North,East
8.75,78.2167,ME-IPB,North,East
18.95,72.9667,ME-IPB,North,East
8.9333,76.5333,ME-IPB,North,East
20.2333,84.2667,ME-IPB,North,East
20.3167,86.6167,ME-IPB,North,East
20.9667,71.55,ME-IPB,North,East
11.9167,79.8167,ME-IPB,North,East
20.9333,71.5167,ME-IPB,North,East
22.4,69.1667,ME-IPB,North,East
26.3,86.9667,ME-IPB,North,East
22.5667,70.0333,ME-IPB,North,East
17.05,82.1833,ME-IPB,North,East
22.4333,69.8333,ME-IPB,North,East
27.3516407,88.3239309,ME-IPB,North,East
26.7167,88.4167,ME-IPB,North,East
21.1667,72.8333,ME-IPB,North,East
14.5167,74.35,ME-IPB,North,East
19.2,72.9667,ME-IPB,North,East
15.2,76.6833,ME-IPB,North,East
16.5,77.0833,ME-IPB,North,East
8.7833,78.1333,ME-IPB,North,East
18.8833,72.9333,ME-IPB,North,East
22.3,73.2,ME-IPB,North,East
17.7,83.3,ME-IPB,North,East
18.9833,73.75,ME-IPB,North,East
19.0330488,73.02966,ME-IPB,North,East
22.756025,69.636455,ME-IPB,North,East
12.98333333,77.58333333,ME-IPB,North,East
23.03,72.58,ME-IPB,North,East
11.117,72.733,ME-IPB,North,East
13.866,74.6333,ME-IPB,North,East
22.4977692,70.0445662,ME-IPB,North,East
11.173585,75.8040022,ME-IPB,North,East
28.35,77.31667,ME-IPB,North,East
17.8875169,83.4456801,ME-IPB,North,East
11.75,79.75,ME-IPB,North,East
13.2074794,77.9884958,ME-IPB,North,East
11.8744775,75.3703662,ME-IPB,North,East
21.7129335,72.582009,ME-IPB,North,East
13.2666,80.35,ME-IPB,North,East
9.98333,76.28333,ME-IPB,North,East
21.083,72.633,ME-IPB,North,East
28.817,77.883,ME-IPB,North,East
28.467,77.517,ME-IPB,North,East
22.0666742,88.0698118,ME-IPB,North,East
12.9141417,74.8559568,ME-IPB,North,East
23.218611,68.716944,ME-IPB,North,East
18.95,72.95,ME-IPB,North,East
16.9890648,82.2474648,ME-IPB,North,East
25.0345221,86.5981031,ME-IPB,North,East
10.067,73.633,ME-IPB,North,East
14.2886008,80.1248476,ME-IPB,North,East
21.467,72.233,ME-IPB,North,East
21.5177091,70.3163535,ME-IPB,North,East
12.9477532,74.8214693,ME-IPB,North,East
20.25,86.583,ME-IPB,North,East
30.85,75.95,ME-IPB,North,East
17.6411439,82.6712877,ME-IPB,North,East
17.7,83.25,ME-IPB,North,East
32.4833,44.4333,ME-MID,North,East
33.3333,43.5833,ME-MID,North,East
33.3333,44.3833,ME-MID,North,East
36.3489278,43.157736,EU-BLA,North,East
31.9833,44.3,ME-MID,North,East
31.05,46.25,ME-MID,North,East
34.2,43.8667,ME-MID,North,East
33.5167,44.2667,ME-MID,North,East
30.0333,47.9333,ME-MID,North,East
37.1333,42.7,EU-BLA,North,East
36.0833,52.3667,ME-MID,North,East
27.4667,52.6,ME-MID,North,East
27.1833,56.2667,ME-MID,North,East
36.7833,53.35,ME-MID,North,East
30.4333,49.1,ME-MID,North,East
30.55,49.1833,ME-MID,North,East
36.8667,53.5333,ME-MID,North,East
37.4667,49.4667,ME-MID,North,East
30.4333,49.1,ME-MID,North,East
36.7833,53.95,ME-MID,North,East
30.5333,49.1667,ME-MID,North,East
27.1667,52.9,ME-MID,North,East
28.9667,50.8333,ME-MID,North,East
27.8333,51.9333,ME-MID,North,East
30.4167,49.0667,ME-MID,North,East
34.3,47.05,ME-MID,North,East
27.1167,56.0667,ME-MID,North,East
27.7167,52.1667,ME-MID,North,East
26.85,54.367,ME-MID,North,East
29.033,49.467,ME-MID,North,East
36.7,52.55,ME-MID,North,East
30.4256219,48.1891185,ME-MID,North,East
36.833,53.267,ME-MID,North,East
32.9926532,47.7596484,ME-MID,North,East
27.733,52.15,ME-MID,North,East
25.296878,60.6459285,ME-MID,North,East
31.9,35.9667,ME-MID,North,East
29.5333,35.0,ME-MID,North,East
29.5167,35.0,ME-MID,North,East
34.7833,134.4667,AS-JAP,North,East
34.3333,132.5333,AS-JAP,North,East
34.7167,135.4167,AS-JAP,North,East
35.6167,139.7833,AS-JAP,North,East
35.6333,139.7833,AS-JAP,North,East
35.5333,139.7,AS-JAP,North,East
34.5167,133.5833,AS-JAP,North,East
36.4167,136.4167,AS-JAP,North,East
35.3167,139.4,AS-JAP,North,East
35.0,137.05,AS-JAP,North,East
41.4667,140.25,AS-JAP,North,East
31.4667,131.2167,AS-JAP,North,East
33.35,129.8,AS-JAP,North,East
27.0441569,128.4508166,AS-JAP,North,East
35.5833,140.3833,AS-JAP,North,East
33.8833,135.15,AS-JAP,North,East
26.35,127.8667,AS-SCN,North,East
33.6,130.4167,AS-JAP,North,East
35.7667,139.3,AS-JAP,North,East
24.4667,123.7667,AS-SCN,North,East
32.0333,129.9167,AS-JAP,North,East
35.3167,139.35,AS-JAP,North,East
31.7167,130.2667,AS-JAP,North,East
33.65,130.6833,AS-JAP,North,East
33.3833,129.4333,AS-JAP,North,East
35.25,136.7833,AS-JAP,North,East
24.3333,124.15,AS-SCN,North,East
43.35,141.5,AS-JAP,North,East
26.4167,127.8167,AS-SCN,North,East
37.15,138.2333,AS-JAP,North,East
36.0333,140.2167,AS-JAP,North,East
33.6167,130.4833,AS-JAP,North,East
28.3167,129.9833,AS-JAP,North,East
39.2833,141.1167,AS-JAP,North,East
33.8333,130.8333,AS-JAP,North,East
33.4167,131.6167,AS-JAP,North,East
34.6833,135.1667,AS-JAP,North,East
24.3333,123.9833,AS-SCN,North,East
33.8,130.8833,AS-JAP,North,East
32.8833,130.7833,AS-JAP,North,East
25.8333,131.2333,AS-JAP,North,East
34.0333,131.5833,AS-JAP,North,East
36.4333,139.1667,AS-JAP,North,East
24.7833,125.3,AS-SCN,North,East
34.0167,133.8,AS-JAP,North,East
33.9,130.9667,AS-JAP,North,East
31.8167,130.2667,AS-JAP,North,East
35.85,139.9,AS-JAP,North,East
26.5833,127.9667,AS-SCN,North,East
35.5833,138.5833,AS-JAP,North,East
34.0,131.5333,AS-JAP,North,East
36.9833,136.9,AS-JAP,North,East
35.6667,140.0167,AS-JAP,North,East
42.3667,142.3167,AS-JAP,North,East
33.2833,130.2,AS-JAP,North,East
36.8333,138.4167,AS-JAP,North,East
37.0167,137.8,AS-JAP,North,East
33.5333,130.4833,AS-JAP,North,East
35.3,139.6167,AS-JAP,North,East
34.6667,135.5,AS-JAP,North,East
33.0667,129.6167,AS-JAP,North,East
35.0607672,136.1244806,AS-JAP,North,East
33.0833,133.1,AS-JAP,North,East
32.9333,129.65,AS-JAP,North,East
34.0833,131.1833,AS-JAP,North,East
31.8167,130.25,AS-JAP,North,East
35.4833,136.9167,AS-JAP,North,East
38.1333,140.9167,AS-JAP,North,East
44.1786188,142.4001131,AS-JAP,North,East
35.6,139.7167,AS-JAP,North,East
36.5667,138.0667,AS-JAP,North,East
32.9167,132.7167,AS-JAP,North,East
32.3667,130.0,AS-JAP,North,East
31.2833,130.3167,AS-JAP,North,East
33.8833,130.8333,AS-JAP,North,East
33.4833,129.9333,AS-JAP,North,East
35.5667,140.3667,AS-JAP,North,East
35.6833,139.75,AS-JAP,North,East
34.5167,139.2667,AS-JAP,North,East
33.9167,133.0833,AS-JAP,North,East
35.0833,137.1667,AS-JAP,North,East
37.65,138.9333,AS-JAP,North,East
34.05,132.2,AS-JAP,North,East
35.5465011,139.5789316,AS-JAP,North,East
35.2833,132.9,AS-JAP,North,East
33.8833,130.8167,AS-JAP,North,East
35.7333,140.1,AS-JAP,North,East
33.85,130.8,AS-JAP,North,East
35.45,139.65,AS-JAP,North,East
35.2833,139.6667,AS-JAP,North,East
35.3,136.55,AS-JAP,North,East
34.1333,133.0333,AS-JAP,North,East
35.2833,139.5833,AS-JAP,North,East
35.08333333,136.8833333,AS-JAP,North,East
44.0206319,144.2733983,AS-JAP,North,East
39.883,139.95,AS-JAP,North,East
36.5482687,136.6896784,AS-JAP,North,East
39.7199668,140.1034795,AS-JAP,North,East
36.483,139.0,AS-JAP,North,East
35.6074041,140.1065366,AS-JAP,North,East
35.7346813,140.8266406,AS-JAP,North,East
26.383,127.917,AS-SCN,North,East
35.543745,139.4450726,AS-JAP,North,East
34.4859845,133.3624239,AS-JAP,North,East
36.8,137.117,AS-JAP,North,East
35.233,136.85,AS-JAP,North,East
33.983,130.75,AS-JAP,North,East
26.2584803,127.744592,AS-SCN,North,East
40.5122055,141.4882743,AS-JAP,North,East
36.3966506,140.5347934,AS-JAP,North,East
34.3852894,132.4553055,AS-JAP,North,East
41.7686961,140.7290599,AS-JAP,North,East
34.8993937,132.0802638,AS-JAP,North,East
34.7108344,137.7261258,AS-JAP,North,East
34.033,131.567,AS-JAP,North,East
32.4230672,131.6722509,AS-JAP,North,East
36.5991273,140.6504712,AS-JAP,North,East
35.7219115,139.9310099,AS-JAP,North,East
33.975095,133.284764,AS-JAP,North,East
34.8802249,132.1908526,AS-JAP,North,East
34.0662024,132.9977906,AS-JAP,North,East
33.2650014,129.8804221,AS-JAP,North,East
43.19897,141.315016,AS-JAP,North,East
34.1667451,132.2191641,AS-JAP,North,East
33.9804152,133.5490295,AS-JAP,North,East
33.1037584,130.0985898,AS-JAP,North,East
33.4659909,135.8503892,AS-JAP,North,East
31.8522211,130.4525374,AS-JAP,North,East
33.5481246,133.2521507,AS-JAP,North,East
37.9161244,139.0363708,AS-JAP,North,East
39.2758046,141.8857275,AS-JAP,North,East
31.9110956,131.4238934,AS-JAP,North,East
35.1952974,133.0692446,AS-JAP,North,East
32.80394,130.709,AS-JAP,North,East
33.9,130.917,AS-JAP,North,East
36.5610309,136.6566474,AS-JAP,North,East
31.5968539,130.5571392,AS-JAP,North,East
34.0047412,134.5907301,AS-JAP,North,East
35.9656835,140.6447937,AS-JAP,North,East
42.9849413,144.3818041,AS-JAP,North,East
35.5308325,139.7029125,AS-JAP,North,East
35.4666,135.35,AS-JAP,North,East
35.6894875,139.6917064,AS-JAP,North,East
35.1406987,139.6189289,AS-JAP,North,East
34.51543,133.7354835,AS-JAP,North,East
42.3151792,140.9737666,AS-JAP,North,East
33.8393515,132.7653057,AS-JAP,North,East
35.5578659,133.2812605,AS-JAP,North,East
26.2125758,127.6790208,AS-SCN,North,East
37.1858604,138.2550381,AS-JAP,North,East
32.8251889,129.8750453,AS-JAP,North,East
32.7503334,129.8778888,AS-JAP,North,East
34.933,135.7,AS-JAP,North,East
37.9248713,139.0925911,AS-JAP,North,East
39.383,140.083,AS-JAP,North,East
26.2443195,127.729637,AS-SCN,North,East
34.733,139.533,AS-JAP,North,East
33.8391574,132.7655752,AS-JAP,North,East
33.2396084,131.6095148,AS-JAP,North,East
34.6862971,135.5196609,AS-JAP,North,East
34.6379987,138.1280864,AS-JAP,North,East
36.9424912,140.8924708,AS-JAP,North,East
31.9383034,131.4355808,AS-JAP,North,East
34.2376953,132.2221691,AS-JAP,North,East
43.1902372,140.994172,AS-JAP,North,East
35.0178929,135.8546074,AS-JAP,North,East
35.327579,133.4795912,AS-JAP,North,East
42.45,141.167,AS-JAP,North,East
31.4955583,131.0454228,AS-JAP,North,East
38.336164,140.826428,AS-JAP,North,East
32.933,129.633,AS-JAP,North,East
38.31437,141.0220608,AS-JAP,North,East
33.9575297,130.9411759,AS-JAP,North,East
38.9147809,139.8366436,AS-JAP,North,East
33.867,130.983,AS-JAP,North,East
35.5396534,133.2316204,AS-JAP,North,East
35.0989605,138.9027677,AS-JAP,North,East
34.433,135.25,AS-JAP,North,East
34.833,138.183,AS-JAP,North,East
31.8,130.3,AS-JAP,North,East
33.400745,133.282953,AS-JAP,North,East
34.342542,134.0465405,AS-JAP,North,East
34.4919434,133.945987,AS-JAP,North,East
34.7688528,137.3916837,AS-JAP,North,East
34.08666,134.552549,AS-JAP,North,East
34.0756731,131.8252971,AS-JAP,North,East
42.6312464,141.6031222,AS-JAP,North,East
33.9199704,134.6595018,AS-JAP,North,East
36.7666,137.1166,AS-JAP,North,East
36.6958223,137.2137211,AS-JAP,North,East
35.6459465,136.0556972,AS-JAP,North,East
32.7816335,132.9549889,AS-JAP,North,East
34.0,131.767,AS-JAP,North,East
33.2181131,129.427781,AS-JAP,North,East
33.9515554,131.2468161,AS-JAP,North,East
32.199155,130.0203404,AS-JAP,North,East
33.4510447,133.4417973,AS-JAP,North,East
34.2303678,135.1707405,AS-JAP,North,East
32.5083376,130.6018162,AS-JAP,North,East
34.9651064,136.6244121,AS-JAP,North,East
34.1859563,131.4706493,AS-JAP,North,East
32.36709660000001,130.3500788,AS-JAP,North,East
10.6,103.5167,AS-SIN,North,East
11.4833,104.95,AS-SIN,North,East
11.5563738,104.9282099,AS-SIN,North,East
10.63333,103.5,AS-SIN,North,East
10.63333,103.5,AS-SIN,North,East
40.3167,128.6333,AS-NCN,North,East
40.0667,128.2667,AS-NCN,North,East
38.7667,125.5833,AS-NCN,North,East
40.4167,128.9333,AS-NCN,North,East
39.1538529,127.4460001,AS-NCN,North,East
33.45,126.3167,AS-NCN,North,East
36.1167,126.4833,AS-NCN,North,East
36.3167,126.5,AS-NCN,North,East
37.5,129.1333,AS-NCN,North,East
35.1333,129.05,AS-NCN,North,East
33.95,126.3,AS-NCN,North,East
34.75,126.4333,AS-NCN,North,East
36.3167,126.5,AS-NCN,North,East
34.6833,125.4333,AS-NCN,North,East
37.0,126.3667,AS-NCN,North,East
36.9667,126.7833,AS-NCN,North,East
37.4833,129.1167,AS-NCN,North,East
34.0667,125.0833,AS-NCN,North,East
34.3,126.5167,AS-NCN,North,East
35.0833,129.0,AS-NCN,North,East
36.35,129.3833,AS-NCN,North,East
34.85,128.5833,AS-NCN,North,East
34.0167,127.3,AS-NCN,North,East
34.8833,128.6167,AS-NCN,North,East
35.9833,126.7167,AS-NCN,North,East
35.9833,129.55,AS-NCN,North,East
34.9333,127.7,AS-NCN,North,East
37.5333,126.6,AS-NCN,North,East
33.4167,126.25,AS-NCN,North,East
34.65,125.1833,AS-NCN,North,East
36.6667,129.45,AS-NCN,North,East
34.3,126.6667,AS-NCN,North,East
33.2333,126.3333,AS-NCN,North,East
37.45,126.6167,AS-NCN,North,East
36.0,126.6833,AS-NCN,North,East
33.5,126.5167,AS-NCN,North,East
35.1333,128.65,AS-NCN,North,East
37.8833,128.8333,AS-NCN,North,East
34.7833,128.3667,AS-NCN,North,East
34.5333,128.4333,AS-NCN,North,East
33.5,126.5333,AS-NCN,North,East
35.2,128.5667,AS-NCN,North,East
35.5167,129.4333,AS-NCN,North,East
34.8,126.3833,AS-NCN,North,East
37.5333,129.1,AS-NCN,North,East
34.3833,127.25,AS-NCN,North,East
34.5167,127.1333,AS-NCN,North,East
37.6,129.0333,AS-NCN,North,East
34.8833,128.7,AS-NCN,North,East
35.4333,129.35,AS-NCN,North,East
36.0333,129.3667,AS-NCN,North,East
36.9667,127.1,AS-NCN,North,East
37.4333,129.1833,AS-NCN,North,East
34.9167,128.0667,AS-NCN,North,East
35.65,126.1333,AS-NCN,North,East
33.2333,126.55,AS-NCN,North,East
33.45,126.9167,AS-NCN,North,East
37.5167,126.9333,AS-NCN,North,East
34.4333,126.85,AS-NCN,North,East
36.0833,129.55,AS-NCN,North,East
38.2,128.5833,AS-NCN,North,East
34.8333,126.2167,AS-NCN,North,East
35.0833,129.15,AS-NCN,North,East
37.25,127.2333,AS-NCN,North,East
36.7167,126.2667,AS-NCN,North,East
37.5333,129.1,AS-NCN,North,East
34.8333,128.4167,AS-NCN,North,East
37.4667,130.9,AS-NCN,North,East
35.5333,129.3167,AS-NCN,North,East
34.3,126.75,AS-NCN,North,East
37.65,125.7,AS-NCN,North,East
34.75,127.7167,AS-NCN,North,East
36.65,128.45,AS-NCN,North,East
34.95,128.433,AS-NCN,North,East
35.15,129.05,AS-NCN,North,East
35.083,128.817,AS-NCN,North,East
37.333,126.983,AS-NCN,North,East
37.45,126.61667,AS-NCN,North,East
35.907757,127.766922,AS-NCN,North,East
35.1,129.03333,AS-NCN,North,East
39.15,127.41667,AS-NCN,North,East
29.3333,48.0833,ME-MID,North,East
29.3833,47.8,ME-MID,North,East
29.0167,48.1667,ME-MID,North,East
29.0667,48.15,ME-MID,North,East
28.7167,48.4,ME-MID,North,East
29.3333,48.0833,ME-MID,North,East
29.35,47.9333,ME-MID,North,East
43.65,51.15,ME-MID,North,East
44.5333,50.25,ME-MID,North,East
50.05,72.95,AS-RUC,North,East
34.15,35.6333,ME-MID,North,East
33.8333,35.4833,ME-MID,North,East
34.1167,35.65,ME-MID,North,East
33.9167,35.5667,ME-MID,North,East
33.55,35.3667,ME-MID,North,East
33.9667,35.6333,ME-MID,North,East
33.8852731,35.6386901,ME-MID,North,East
34.4345947,35.8361633,ME-MID,North,East
6.9167,79.85,ME-IPB,North,East
6.1167,81.1167,ME-IPB,North,East
5.9833,80.3333,ME-IPB,North,East
6.0266294,80.360993,ME-IPB,North,East
7.2833,81.85,ME-IPB,North,East
6.0535185,80.2209773,ME-IPB,North,East
16.5667,95.7833,AS-SIN,North,East
12.0833,99.0167,AS-SIN,North,East
16.65,96.25,AS-SIN,North,East
16.8660694,96.195132,AS-SIN,North,East
22.2,113.5333,AS-SCN,North,East
5.1333,72.95,ME-IPB,North,East
4.1667,73.45,ME-IPB,North,East
4.0333,72.9167,ME-IPB,North,East
-0.6333,73.1,ME-IPB,South,East
4.1833,73.5167,ME-IPB,North,East
6.6167,73.05,ME-IPB,North,East
6.6167,73.0667,ME-IPB,North,East
3.4667,72.8333,ME-IPB,North,East
4.1833,73.45,ME-IPB,North,East
4.1667,73.5,ME-IPB,North,East
4.1667,73.5,ME-IPB,North,East
3.6,72.7,ME-IPB,North,East
4.1833,73.4333,ME-IPB,North,East
1.8667,103.6167,AS-SIN,North,East
3.4667,101.6333,AS-SIN,North,East
4.4667,101.05,AS-SIN,North,East
5.25,100.4167,AS-SIN,North,East
5.2833,100.2833,AS-SIN,North,East
5.3333,115.75,AS-SIN,North,East
3.8833,100.9333,AS-SIN,North,East
5.4,100.3167,AS-SIN,North,East
1.35,103.5833,AS-SIN,North,East
1.4667,104.0167,AS-SIN,North,East
3.2167,101.6333,AS-SIN,North,East
4.5167,103.45,AS-SIN,North,East
5.9457664,100.3641409,AS-SIN,North,East
5.8333,102.5667,AS-SIN,North,East
4.7833,103.4333,AS-SIN,North,East
3.3333,101.05,AS-SIN,North,East
6.3667,99.8,AS-SIN,North,East
5.7167,100.4167,AS-SIN,North,East
3.1333,103.45,AS-SIN,North,East
2.8167,101.8,AS-SIN,North,East
5.4167,100.3167,AS-SIN,North,East
1.55,110.3833,AS-SIN,North,East
1.3667,104.1167,AS-SIN,North,East
5.3833,100.3833,AS-SIN,North,East
3.0167,101.3667,AS-SIN,North,East
3.0,101.4,AS-SIN,North,East
2.5833,111.3333,AS-SIN,North,East
2.9333,101.3167,AS-SIN,North,East
3.95,113.5333,AS-SIN,North,East
1.55,111.5333,AS-SIN,North,East
2.1167,111.5167,AS-SIN,North,East
2.5,102.8167,AS-SIN,North,East
1.6,110.4333,AS-SIN,North,East
2.7,101.75,AS-SIN,North,East
2.25,102.0833,AS-SIN,North,East
2.25,102.1333,AS-SIN,North,East
3.0833,101.6167,AS-SIN,North,East
1.4833,103.6833,AS-SIN,North,East
1.3333,103.55,AS-SIN,North,East
3.9833,103.4167,AS-SIN,North,East
6.2833,99.7833,AS-SIN,North,East
2.1333,111.35,AS-SIN,North,East
1.3667,103.55,AS-SIN,North,East
4.4167,100.9833,AS-SIN,North,East
3.1333,113.7,AS-SIN,North,East
6.117,105.283,AS-SIN,North,East
5.083,104.683,AS-SIN,North,East
6.95,104.1,AS-SIN,North,East
5.980408,116.0734568,AS-SIN,North,East
3.171322,113.0419069,AS-SIN,North,East
5.567,104.55,AS-SIN,North,East
1.553504,110.3592927,AS-SIN,North,East
4.2338358,103.3638015,AS-SIN,North,East
6.105552,100.291428,AS-SIN,North,East
3.7633859,103.2201828,AS-SIN,North,East
5.2831456,115.230825,AS-SIN,North,East
3.032328,101.36291,AS-SIN,North,East
4.236302,100.6322198,AS-SIN,North,East
4.15,100.617,AS-SIN,North,East
5.3,115.367,AS-SIN,North,East
2.19257,102.253,AS-SIN,North,East
2.048817,102.5715532,AS-SIN,North,East
7.583,102.983,AS-SIN,North,East
4.399493,113.9913832,AS-SIN,North,East
2.802455,101.7988711,AS-SIN,North,East
3.688114,100.99435,AS-SIN,North,East
1.356738,104.1294229,AS-SIN,North,East
3.0,101.4,AS-SIN,North,East
2.52254,101.7962932,AS-SIN,North,East
1.470288,103.9029689,AS-SIN,North,East
3.96667,100.08333,AS-SIN,North,East
6.1991001,102.0889679,AS-SIN,North,East
6.117,105.017,AS-SIN,North,East
2.287284,111.830535,AS-SIN,North,East
5.839444,118.1171729,AS-SIN,North,East
2.333,111.833,AS-SIN,North,East
4.022424,101.0206249,AS-SIN,North,East
4.244651,117.8911861,AS-SIN,North,East
23.85,57.4333,ME-MID,North,East
19.65,57.7,ME-MID,North,East
23.6833,58.5,ME-MID,North,East
23.6333,58.5167,ME-MID,North,East
23.6167,58.55,ME-MID,North,East
23.6,58.5833,ME-MID,North,East
22.7,59.3667,ME-MID,North,East
24.7333,56.4667,ME-MID,North,East
22.65,59.4333,ME-MID,North,East
23.60917,58.5517028,ME-MID,North,East
21.4735329,55.975413,ME-MID,North,East
17.0506675,54.1065864,ME-MID,North,East
24.3460959,56.7075141,ME-MID,North,East
23.617,58.633,ME-MID,North,East
18.4333,121.45,AS-SIN,North,East
18.3167,122.05,AS-SIN,North,East
8.8833,126.3,AS-SIN,North,East
13.9833,121.9,AS-SIN,North,East
8.1539618,117.1264753,AS-SIN,North,East
8.75,124.7833,AS-SIN,North,East
20.45,121.9667,AS-SCN,North,East
13.75,121.05,AS-SIN,North,East
13.8,121.0,AS-SIN,North,East
16.5167,120.3167,AS-SIN,North,East
14.3333,121.0833,AS-SIN,North,East
13.4333,121.8333,AS-SIN,North,East
11.05,124.0,AS-SIN,North,East
7.8667,126.35,AS-SIN,North,East
8.7667,117.8333,AS-SIN,North,East
14.8333,121.9667,AS-SIN,North,East
12.3667,122.6833,AS-SIN,North,East
12.0667,124.6,AS-SIN,North,East
11.4333,124.4167,AS-SIN,North,East
11.3,124.65,AS-SIN,North,East
13.8833,121.55,AS-SIN,North,East
11.6,122.7,AS-SIN,North,East
10.5333,124.0333,AS-SIN,North,East
9.7638429,118.7473298,AS-SIN,North,East
6.1167,125.15,AS-SIN,North,East
9.5833,125.6833,AS-SIN,North,East
13.7667,124.3833,AS-SIN,North,East
10.7,121.9667,AS-SIN,North,East
10.0833,122.8667,AS-SIN,North,East
6.7,121.9667,AS-SIN,North,East
8.65,124.75,AS-SIN,North,East
7.7833,122.75,AS-SIN,North,East
6.55,124.05,AS-SIN,North,East
10.4167,122.9167,AS-SIN,North,East
8.0667,122.5167,AS-SIN,North,East
10.3,123.8833,AS-SIN,North,East
18.1833,120.5833,AS-SIN,North,East
10.3167,123.95,AS-SIN,North,East
9.1167,123.6333,AS-SIN,North,East
13.1333,123.75,AS-SIN,North,East
11.3667,124.4833,AS-SIN,North,East
14.4667,120.6167,AS-SIN,North,East
8.3333,124.25,AS-SIN,North,East
8.8667,125.05,AS-SIN,North,East
8.95,124.7833,AS-SIN,North,East
10.3,124.0,AS-SIN,North,East
16.4167,121.1,AS-SIN,North,East
14.55,121.0333,AS-SIN,North,East
6.5333,121.8667,AS-SIN,North,East
8.7833,126.2833,AS-SIN,North,East
8.9167,125.0167,AS-SIN,North,East
14.6167,121.05,AS-SIN,North,East
14.0667,120.6333,AS-SIN,North,East
8.5167,124.5667,AS-SIN,North,East
16.6167,120.3167,AS-SIN,North,East
18.55,120.9167,AS-SIN,North,East
14.5833,121.0,AS-SIN,North,East
8.5167,123.35,AS-SIN,North,East
14.7,121.9333,AS-SIN,North,East
18.3667,122.1,AS-SIN,North,East
12.35,121.0833,AS-SIN,North,East
12.0667,121.4,AS-SIN,North,East
13.35,123.7333,AS-SIN,North,East
9.55,125.8167,AS-SIN,North,East
8.5333,124.75,AS-SIN,North,East
10.1333,124.3167,AS-SIN,North,East
9.45,123.2167,AS-SIN,North,East
7.3667,122.2833,AS-SIN,North,East
14.58333333,120.9666667,AS-SIN,North,East
11.167,123.033,AS-SIN,North,East
10.967,124.633,AS-SIN,North,East
9.683,123.5,AS-SIN,North,East
6.883,125.45,AS-SIN,North,East
9.233,123.3,AS-SIN,North,East
9.183,118.35,AS-SIN,North,East
10.6666,122.9333,AS-SIN,North,East
11.967,121.917,AS-SIN,North,East
9.917,125.667,AS-SIN,North,East
10.607936,123.8857747,AS-SIN,North,East
14.383,120.583,AS-SIN,North,East
8.4542363,124.6318977,AS-SIN,North,East
11.3,124.683,AS-SIN,North,East
7.190708,125.455341,AS-SIN,North,East
9.617,124.3,AS-SIN,North,East
10.117,123.283,AS-SIN,North,East
11.033,125.717,AS-SIN,North,East
10.367,124.75,AS-SIN,North,East
10.75,125.7,AS-SIN,North,East
9.25,123.583,AS-SIN,North,East
11.0,125.65,AS-SIN,North,East
14.6163986,120.9584279,AS-SIN,North,East
14.5833333,120.95,AS-SIN,North,East
9.55,123.15,AS-SIN,North,East
13.75,121.05,AS-SIN,North,East
12.4,121.983,AS-SIN,North,East
8.483,123.8,AS-SIN,North,East
7.3,125.683,AS-SIN,North,East
13.5,120.933,AS-SIN,North,East
13.967,121.683,AS-SIN,North,East
12.567,122.267,AS-SIN,North,East
14.7910576,120.2397336,AS-SIN,North,East
17.783,120.417,AS-SIN,North,East
9.95,123.967,AS-SIN,North,East
24.8167,66.9667,ME-IPB,North,East
24.7667,67.3333,ME-IPB,North,East
24.81666667,66.98333333,ME-IPB,North,East
24.133,67.433,ME-IPB,North,East
24.835865,66.9831639,ME-IPB,North,East
30.375321,69.345116,ME-IPB,North,East
26.2333,51.3333,ME-MID,North,East
24.7333,50.75,ME-MID,North,East
25.9333,51.5333,ME-MID,North,East
24.9833,51.5333,ME-MID,North,East
25.2854473,51.5310398,ME-MID,North,East
25.6666667,52.4166667,ME-MID,North,East
44.8667,38.15,EU-BLA,North,East
50.9,142.15,AS-RUE,North,East
69.7667,61.6667,AS-RUC,North,East
52.5333,103.8833,AS-NCN,North,East
47.3167,40.3833,EU-BLA,North,East
48.1667,40.7833,EU-BLA,North,East
49.65,142.1667,AS-RUE,North,East
43.723141,135.2273801,AS-RUE,North,East
50.9333,143.6,AS-RUE,North,East
54.9667,60.3667,AS-RUC,North,East
55.8667,53.5,AS-RUC,North,East
64.7,40.6333,EU-BLA,North,East
51.5,46.1167,EU-BLA,North,East
57.3,39.85,EU-BLA,North,East
46.0833,47.7333,EU-BLA,North,East
57.0167,41.0,EU-BLA,North,East
54.8333,38.1667,EU-BLA,North,East
54.9333,41.4,EU-BLA,North,East
45.4167,36.7667,EU-BLA,North,East
47.05,142.05,AS-RUE,North,East
52.4833,48.1,EU-BLA,North,East
45.0833,133.5,AS-RUE,North,East
56.7,36.7833,EU-BLA,North,East
55.6333,37.85,EU-BLA,North,East
75.632202,138.8649531,AS-RUE,North,East
54.3167,91.55,AS-RUC,North,East
59.7667,60.4667,AS-RUC,North,East
56.0167,93.0667,AS-RUC,North,East
46.2,47.85,EU-BLA,North,East
65.5833,-171.0,AS-RUE,North,West
53.0,39.15,EU-BLA,North,East
49.4333,142.1167,AS-RUE,North,East
58.35,40.6833,EU-BLA,North,East
42.9667,47.5,EU-BLA,North,East
55.1,38.1667,EU-BLA,North,East
54.9833,60.1,AS-RUC,North,East
55.75,37.6,EU-BLA,North,East
68.8833,-179.4333,AS-RUE,North,West
55.75,52.4167,AS-RUC,North,East
60.9333,76.5667,AS-RUC,North,East
51.8167,143.1,AS-RUE,North,East
64.4167,40.8333,EU-BLA,North,East
54.0833,38.1833,EU-BLA,North,East
44.7167,37.7667,EU-BLA,North,East
53.5667,143.0,AS-RUE,North,East
62.0333,35.3333,EU-BLA,North,East
43.7333,135.2833,AS-RUE,North,East
45.7833,47.5333,EU-BLA,North,East
45.8333,47.5667,EU-BLA,North,East
55.8167,38.9667,EU-BLA,North,East
54.85,38.55,EU-BLA,North,East
49.6,128.6833,AS-RUE,North,East
42.9,133.9,AS-RUE,North,East
46.6167,142.9,AS-JAP,North,East
64.3833,-173.3,AS-RUE,North,West
47.2333,39.7167,EU-BLA,North,East
71.25,72.0833,AS-RUC,North,East
66.5167,66.6,AS-RUC,North,East
53.2167,50.1667,EU-BLA,North,East
50.4,36.9,EU-BLA,North,East
50.7167,140.4167,AS-RUE,North,East
43.6,39.7167,EU-BLA,North,East
56.1833,36.9667,EU-BLA,North,East
65.4167,35.6833,EU-BLA,North,East
45.2167,36.7167,EU-BLA,North,East
45.6167,38.9333,EU-BLA,North,East
53.4667,49.5,EU-BLA,North,East
45.9167,47.6667,EU-BLA,North,East
57.5167,38.3167,EU-BLA,North,East
56.22747,162.469299,AS-RUE,North,East
68.7833,57.9833,AS-RUC,North,East
42.6,131.1667,AS-RUE,North,East
43.1333,131.9,AS-RUE,North,East
48.8,44.5833,EU-BLA,North,East
55.8333,48.25,EU-BLA,North,East
42.7667,133.05,AS-RUE,North,East
43.0833,131.8667,AS-RUE,North,East
55.3167,42.1667,EU-BLA,North,East
44.0333,145.85,AS-JAP,North,East
42.6167,131.0833,AS-RUE,North,East
55.8333,48.5167,EU-BLA,North,East
69.617,162.3,AS-RUE,North,East
47.25,39.883,EU-BLA,North,East
69.76667,61.56667,AS-RUC,North,East
50.217,136.9,AS-RUE,North,East
59.6733284,150.1414857,AS-RUE,North,East
47.096418,39.414202,EU-BLA,North,East
62.45,66.233,AS-RUC,North,East
56.483,43.617,EU-BLA,North,East
56.8,105.817,AS-NCN,North,East
57.017,106.233,AS-NCN,North,East
63.033,65.183,AS-RUC,North,East
59.267,112.433,AS-NCN,North,East
44.667,37.65,EU-BLA,North,East
49.05,44.817,EU-BLA,North,East
56.75,37.133,EU-BLA,North,East
43.133,131.9,AS-RUE,North,East
67.65,49.017,AS-RUC,North,East
57.76667,108.1,AS-NCN,North,East
56.883,37.367,EU-BLA,North,East
58.1,93.767,AS-RUC,North,East
60.667,77.467,AS-RUC,North,East
57.233,37.833,EU-BLA,North,East
69.585656,84.485272,AS-RUC,North,East
57.15,106.917,AS-NCN,North,East
46.6353796,142.7841876,AS-JAP,North,East
57.333,83.95,AS-RUC,North,East
55.217,82.867,AS-RUC,North,East
71.1,66.767,AS-RUC,North,East
62.067,175.3,AS-RUE,North,East
56.15,98.133,AS-NCN,North,East
58.95,111.333,AS-NCN,North,East
58.3,82.933,AS-RUC,North,East
69.083,49.15,AS-RUC,North,East
56.033,84.083,AS-RUC,North,East
56.267,83.983,AS-RUC,North,East
42.717,133.017,AS-RUE,North,East
57.333,107.45,AS-NCN,North,East
62.183,67.183,AS-RUC,North,East
60.717,114.933,AS-NCN,North,East
57.717,83.8,AS-RUC,North,East
55.7,51.383,EU-BLA,North,East
57.483,107.8,AS-NCN,North,East
57.7,83.583,AS-RUC,North,East
57.6,83.8,AS-RUC,North,East
58.917,81.583,AS-RUC,North,East
42.8222753,132.8834039,AS-RUE,North,East
57.333,107.067,AS-NCN,North,East
60.93333,76.55,AS-RUC,North,East
66.75,47.767,AS-RUC,North,East
50.317,143.8,AS-RUE,North,East
60.367,120.417,AS-NCN,North,East
62.45,66.05,AS-RUC,North,East
62.983,65.067,AS-RUC,North,East
59.5,79.417,AS-RUC,North,East
53.0,158.65,AS-RUE,North,East
63.783,65.9,AS-RUC,North,East
42.6541056,130.8062539,AS-RUE,North,East
57.383,107.517,AS-NCN,North,East
52.55,103.91667,AS-NCN,North,East
58.117,94.517,AS-RUC,North,East
64.566667,39.866667,EU-BLA,North,East
42.8711878,131.3784441,AS-RUE,North,East
58.083,93.033,AS-RUC,North,East
47.216667,38.916667,EU-BLA,North,East
57.0,106.65,AS-NCN,North,East
67.467,78.733,AS-RUC,North,East
44.106518,39.0806454,EU-BLA,North,East
66.167,-169.817,AS-RUE,North,West
70.417,58.75,AS-RUC,North,East
67.833,-175.867,AS-RUE,North,West
57.95,38.4,EU-BLA,North,East
59.417,112.567,AS-NCN,North,East
43.1198091,131.8869243,AS-RUE,North,East
59.383,79.683,AS-RUC,North,East
68.283,77.15,AS-RUC,North,East
26.4167,50.1,ME-MID,North,East
27.0667,49.55,ME-MID,North,East
26.2833,50.2,ME-MID,North,East
26.3167,43.9667,ME-MID,North,East
17.2833,42.3333,ME-MID,North,East
21.5333,39.1667,ME-MID,North,East
16.8833,42.55,ME-MID,North,East
27.4667,49.2833,ME-MID,North,East
25.0167,37.2667,ME-MID,North,East
24.0833,38.0333,ME-MID,North,East
23.9833,38.2167,ME-MID,North,East
23.467,38.383,ME-MID,North,East
27.3457474,35.7243073,ME-MID,North,East
27.017,49.667,ME-MID,North,East
26.917,50.017,ME-MID,North,East
21.65,39.1,ME-MID,North,East
22.4,39.083,ME-MID,North,East
28.05,35.167,ME-MID,North,East
18.017,41.667,ME-MID,North,East
19.117,41.067,ME-MID,North,East
28.416667,48.5,ME-MID,North,East
26.633,50.15,ME-MID,North,East
1.2833,103.8167,AS-SIN,North,East
1.3167,104.0,AS-SIN,North,East
1.3333,103.7,AS-SIN,North,East
1.2833,103.7667,AS-SIN,North,East
1.2667,103.7,AS-SIN,North,East
1.3167,103.65,AS-SIN,North,East
35.5167,35.7833,EU-BLA,North,East
34.85,35.85,ME-MID,North,East
32.1167,20.0667,EU-BLA,North,East
35.1833,35.95,ME-MID,North,East
35.5167,35.7833,EU-BLA,North,East
34.9,35.9,ME-MID,North,East
34.85,35.85,ME-MID,North,East
34.967,35.883,ME-MID,North,East
13.65,100.55,AS-SIN,North,East
7.4167,99.5,AS-SIN,North,East
6.4667,100.7167,AS-SIN,North,East
8.8333,98.3667,AS-SIN,North,East
11.2,99.5167,AS-SIN,North,East
13.75,100.5167,AS-SIN,North,East
13.4667,100.9833,AS-SIN,North,East
13.5,100.6,AS-SIN,North,East
20.3167,100.0667,AS-SIN,North,East
13.5833,100.3167,AS-SIN,North,East
16.4667,99.5167,AS-SIN,North,East
7.4,99.5167,AS-SIN,North,East
9.2,99.8833,AS-SIN,North,East
11.7667,102.9,AS-SIN,North,East
9.5333,99.9333,AS-SIN,North,East
8.0667,98.7333,AS-SIN,North,East
13.0833,100.8833,AS-SIN,North,East
9.2333,99.8667,AS-SIN,North,East
6.4167,101.8167,AS-SIN,North,East
13.1833,100.8,AS-SIN,North,East
6.8833,101.2667,AS-SIN,North,East
13.8,100.5333,AS-SIN,North,East
13.6833,99.85,AS-SIN,North,East
13.7,100.6,AS-SIN,North,East
13.6167,100.55,AS-SIN,North,East
7.8167,98.4,AS-SIN,North,East
11.2,99.5833,AS-SIN,North,East
9.9667,98.6333,AS-SIN,North,East
6.7,99.6333,AS-SIN,North,East
13.65,100.55,AS-SIN,North,East
13.6333,100.55,AS-SIN,North,East
7.2333,100.5667,AS-SIN,North,East
13.65,100.5667,AS-SIN,North,East
6.25,102.05,AS-SIN,North,East
7.55,99.6,AS-SIN,North,East
13.5833,100.5833,AS-SIN,North,East
13.6,100.583,AS-SIN,North,East
9.183,99.367,AS-SIN,North,East
6.433,101.833,AS-SIN,North,East
13.117,100.117,AS-SIN,North,East
13.8,99.867,AS-SIN,North,East
12.3,102.233,AS-SIN,North,East
10.433,99.267,AS-SIN,North,East
17.285368,101.9576317,AS-SIN,North,East
8.05,98.9,AS-SIN,North,East
13.133,100.817,AS-SIN,North,East
13.7,100.58333,AS-SIN,North,East
13.71667,100.56667,AS-SIN,North,East
7.9,98.6,AS-SIN,North,East
9.95,99.15,AS-SIN,North,East
12.65,101.3,AS-SIN,North,East
13.367,99.983,AS-SIN,North,East
12.717,101.15,AS-SIN,North,East
13.6,100.567,AS-SIN,North,East
8.4,98.517,AS-SIN,North,East
6.867,99.717,AS-SIN,North,East
13.6,100.567,AS-SIN,North,East
9.2,99.883,AS-SIN,North,East
17.7114219604,103.2497555834,AS-SIN,North,East
12.633,100.917,AS-SIN,North,East
13.65,100.533,AS-SIN,North,East
7.2,100.6,AS-SIN,North,East
9.017,99.917,AS-SIN,North,East
13.167,100.933,AS-SIN,North,East
6.617,100.067,AS-SIN,North,East
13.66667,100.53333,AS-SIN,North,East
13.167,100.883,AS-SIN,North,East
12.583,101.883,AS-SIN,North,East
8.667,99.95,AS-SIN,North,East
12.7,100.833,AS-SIN,North,East
9.133,99.133,AS-SIN,North,East
-8.55,125.5667,AS-SIN,South,East
39.4,53.1333,ME-MID,North,East
38.0667,64.8833,ME-IPB,North,East
40.0167,52.9667,ME-MID,North,East
40.0167,52.9667,ME-MID,North,East
41.0167,39.5667,EU-BLA,North,East
37.0167,28.3667,EU-BLA,North,East
39.5833,26.9333,EU-BLA,North,East
36.8667,34.7,EU-BLA,North,East
36.5333,31.9833,EU-BLA,North,East
40.9667,28.7,EU-BLA,North,East
36.0667,32.85,EU-BLA,North,East
36.8333,30.6,EU-BLA,North,East
41.9333,34.5833,EU-BLA,North,East
39.3167,26.6833,EU-BLA,North,East
40.35,27.9667,EU-BLA,North,East
41.05,29.0167,EU-BLA,North,East
41.05,29.05,EU-BLA,North,East
37.0333,27.4167,EU-BLA,North,East
36.8167,36.1667,EU-BLA,North,East
39.8333,26.0667,EU-BLA,North,East
41.0667,35.9667,EU-BLA,North,East
41.65,32.3833,EU-BLA,North,East
40.15,26.4,EU-BLA,North,East
38.3167,26.3,EU-BLA,North,East
41.9,32.9833,EU-BLA,North,East
36.75,27.6667,EU-BLA,North,East
39.0667,26.8833,EU-BLA,North,East
39.5833,27.0167,EU-BLA,North,East
40.7167,26.0667,EU-BLA,North,East
40.3833,27.7833,EU-BLA,North,East
41.2833,31.4,EU-BLA,North,East
40.7667,29.7,EU-BLA,North,East
41.0333,37.4833,EU-BLA,North,East
36.6167,29.1,EU-BLA,North,East
36.2833,30.1333,EU-BLA,North,East
41.0,28.7,EU-BLA,North,East
38.6667,26.75,EU-BLA,North,East
40.7833,29.4167,EU-BLA,North,East
40.4167,29.15,EU-BLA,North,East
41.6333,36.1833,EU-BLA,North,East
40.9167,38.3833,EU-BLA,North,East
36.75,28.9333,EU-BLA,North,East
40.1833,25.9167,EU-BLA,North,East
41.0333,39.0,EU-BLA,North,East
37.2333,27.6,EU-BLA,North,East
36.7833,28.1333,EU-BLA,North,East
41.4,41.4167,EU-BLA,North,East
40.45,27.3,EU-BLA,North,East
41.8833,28.0167,EU-BLA,North,East
41.9667,33.7667,EU-BLA,North,East
36.7167,36.1833,EU-BLA,North,East
36.5833,36.1667,EU-BLA,North,East
41.0167,28.9667,EU-BLA,North,East
38.4167,27.15,EU-BLA,North,East
40.7833,29.95,EU-BLA,North,East
41.0333,29.0,EU-BLA,North,East
40.4,27.3,EU-BLA,North,East
41.0333,28.9833,EU-BLA,North,East
41.0667,30.7833,EU-BLA,North,East
36.55,35.3833,EU-BLA,North,East
40.7333,29.9667,EU-BLA,North,East
36.1833,29.6333,EU-BLA,North,East
41.2,30.25,EU-BLA,North,East
36.5833,30.55,EU-BLA,North,East
38.4,27.1,EU-BLA,North,East
40.7833,29.7333,EU-BLA,North,East
37.85,27.25,EU-BLA,North,East
36.7667,31.45,EU-BLA,North,East
40.5833,27.55,EU-BLA,North,East
36.85,28.2667,EU-BLA,North,East
36.7167,34.6333,EU-BLA,North,East
36.8,34.6333,EU-BLA,North,East
41.0167,28.55,EU-BLA,North,East
40.3667,28.8833,EU-BLA,North,East
37.0667,41.2167,EU-BLA,North,East
40.9833,37.8667,EU-BLA,North,East
41.0167,29.2667,EU-BLA,North,East
41.1667,40.8833,EU-BLA,North,East
41.1167,30.6667,EU-BLA,North,East
41.0333,40.4833,EU-BLA,North,East
40.7654408,29.9408089,EU-BLA,North,East
41.2833,36.3333,EU-BLA,North,East
36.671373,36.217635,EU-BLA,North,East
41.1667,29.6,EU-BLA,North,East
41.0667,28.25,EU-BLA,North,East
42.0167,35.1333,EU-BLA,North,East
40.9,40.1167,EU-BLA,North,East
36.3167,33.8667,EU-BLA,North,East
40.9667,27.5167,EU-BLA,North,East
41.0,38.8,EU-BLA,North,East
36.9167,35.9833,EU-BLA,North,East
41.0,39.7333,EU-BLA,North,East
40.8333,29.25,EU-BLA,North,East
41.1333,37.2833,EU-BLA,North,East
41.0333,39.2667,EU-BLA,North,East
40.65,29.2667,EU-BLA,North,East
36.2,33.6667,EU-BLA,North,East
40.7667,29.5333,EU-BLA,North,East
36.7667,35.7833,EU-BLA,North,East
41.45,31.7833,EU-BLA,North,East
40.1,26.383,EU-BLA,North,East
38.799561,26.97074,EU-BLA,North,East
40.717,29.867,EU-BLA,North,East
39.467,26.067,EU-BLA,North,East
40.7738633,29.4002978,EU-BLA,North,East
40.776803,29.526321,EU-BLA,North,East
40.75,29.8333,EU-BLA,North,East
36.867,36.2,EU-BLA,North,East
41.033,28.967,EU-BLA,North,East
40.9968247,29.0192939,EU-BLA,North,East
40.793768,29.626024,EU-BLA,North,East
40.95,28.817,EU-BLA,North,East
40.717,29.883,EU-BLA,North,East
41.017,28.95,EU-BLA,North,East
40.935676,29.139722,EU-BLA,North,East
40.96794,28.6743808,EU-BLA,North,East
38.7833,26.9166,EU-BLA,North,East
40.667,27.667,EU-BLA,North,East
40.1727599,29.32398,EU-BLA,North,East
41.017,29.05,EU-BLA,North,East
40.767682,29.756801,EU-BLA,North,East
24.9,121.05,AS-SCN,North,East
25.1,121.2167,AS-SCN,North,East
25.0333,121.5167,AS-SCN,North,East
25.0833,121.6667,AS-SCN,North,East
25.15,121.7333333,AS-SCN,North,East
25.083,122.0,AS-SCN,North,East
25.15,121.4,AS-SCN,North,East
22.6272784,120.3014353,AS-SCN,North,East
23.9,120.683,AS-SCN,North,East
24.1477358,120.6736482,AS-SCN,North,East
24.9936281,121.3009798,AS-SCN,North,East
40.4972298,68.7095356,ME-IPB,North,East
40.633,72.233,ME-IPB,North,East
10.2333,106.3833,AS-SIN,North,East
10.5667,105.25,AS-SIN,North,East
14.4333,109.0167,AS-SIN,North,East
9.9833,106.5,AS-SIN,North,East
20.971097,107.0442957,AS-SIN,North,East
10.3833,107.0833,AS-SIN,North,East
10.5167,107.0,AS-SIN,North,East
11.9,109.15,AS-SIN,North,East
10.0333,105.7833,AS-SIN,North,East
10.7667,106.7833,AS-SIN,North,East
18.8,105.7,AS-SIN,North,East
16.0667,108.2167,AS-SIN,North,East
18.1667,106.2833,AS-SIN,North,East
18.0833,106.3167,AS-SIN,North,East
10.4,107.1,AS-SIN,North,East
15.4,108.7,AS-SIN,North,East
21.0333,105.85,AS-SIN,North,East
10.7667,106.6667,AS-SIN,North,East
17.9333,106.5167,AS-SIN,North,East
10.8333,106.75,AS-SIN,North,East
10.5333,106.7333,AS-SIN,North,East
10.9333,106.8333,AS-SIN,North,East
10.7333,106.7333,AS-SIN,North,East
8.8167,105.0167,AS-SIN,North,East
20.8167,106.85,AS-SIN,North,East
20.4,106.15,AS-SIN,North,East
19.3333,105.8333,AS-SIN,North,East
10.7167,106.85,AS-SIN,North,East
12.4833,109.1333,AS-SIN,North,East
10.7167,106.95,AS-SIN,North,East
10.7,106.95,AS-SIN,North,East
17.5,106.3333,AS-SIN,North,East
13.7667,109.2167,AS-SIN,North,East
18.45,105.3167,AS-SIN,North,East
10.3,105.7667,AS-SIN,North,East
18.1,106.45,AS-SIN,North,East
9.0496377,104.8337879,AS-SIN,North,East
10.6333,106.7167,AS-SIN,North,East
10.7333,106.7167,AS-SIN,North,East
10.9667,106.65,AS-SIN,North,East
9.15,105.1333,AS-SIN,North,East
18.7333,105.6667,AS-SIN,North,East
18.0667,106.4333,AS-SIN,North,East
10.35,107.0667,AS-SIN,North,East
20.86666667,106.6833333,AS-SIN,North,East
8.65,106.55,AS-SIN,North,East
10.9,106.833,AS-SIN,North,East
10.333,105.817,AS-SIN,North,East
10.75,106.733,AS-SIN,North,East
11.9,109.15,AS-SIN,North,East
10.683,106.767,AS-SIN,North,East
20.867,106.683,AS-SIN,North,East
16.333,108.0,AS-SIN,North,East
10.833,106.75,AS-SIN,North,East
18.817,105.717,AS-SIN,North,East
16.9,107.167,AS-SIN,North,East
20.867,106.7,AS-SIN,North,East
12.667,109.4,AS-SIN,North,East
10.483,105.567,AS-SIN,North,East
16.117,108.2,AS-SIN,North,East
20.9,106.767,AS-SIN,North,East
20.867,106.683,AS-SIN,North,East
10.65,107.017,AS-SIN,North,East
10.617,107.017,AS-SIN,North,East
20.86667,106.66667,AS-SIN,North,East
12.2729701,109.2064297,AS-SIN,North,East
20.95,107.067,AS-SIN,North,East
20.9536125,107.0687079,AS-SIN,North,East
16.1,108.233,AS-SIN,North,East
10.53333,107.01667,AS-SIN,North,East
15.483,108.683,AS-SIN,North,East
15.467,108.683,AS-SIN,North,East
11.25,107.5,AS-SIN,North,East
10.783,106.95,AS-SIN,North,East
10.35,106.35,AS-SIN,North,East
16.05,108.217,AS-SIN,North,East
10.733,106.767,AS-SIN,North,East
10.7,106.733,AS-SIN,North,East
10.75,106.783,AS-SIN,North,East
16.367,107.733,AS-SIN,North,East
10.7161298,106.7411559,AS-SIN,North,East
10.217,103.967,AS-SIN,North,East
17.4,106.633,AS-SIN,North,East
13.7718892,109.2375596,AS-SIN,North,East
19.9903705,106.140451,AS-SIN,North,East
10.56667,107.01667,AS-SIN,North,East
10.6,107.017,AS-SIN,North,East
10.633,106.75,AS-SIN,North,East
10.817,106.75,AS-SIN,North,East
10.7947506,106.7219896,AS-SIN,North,East
14.65,107.833,AS-SIN,North,East
10.53333,107.01667,AS-SIN,North,East
15.5,108.667,AS-SIN,North,East
13.767,109.233,AS-SIN,North,East
13.767,109.25,AS-SIN,North,East
10.1,105.7,AS-SIN,North,East
11.067,106.8,AS-SIN,North,East
20.867,106.683,AS-SIN,North,East
20.883,106.6,AS-SIN,North,East
10.06667,105.73333,AS-SIN,North,East
10.7687304,106.7380677,AS-SIN,North,East
10.233,105.967,AS-SIN,North,East
20.85,106.633,AS-SIN,North,East
12.85,109.417,AS-SIN,North,East
12.483,109.283,AS-SIN,North,East
14.8333,42.9,ME-MID,North,East
12.7333,44.8667,ME-MID,North,East
12.65,43.4167,ME-MID,North,East
12.5,54.0,ME-MID,North,East
12.7854969,45.0186548,ME-MID,North,East
14.5404328,49.127197,ME-MID,North,East
39.8172259,45.6727334,EU-BLA,North,East
27.6571887,84.059029,ME-IPB,North,East
17.0167,-61.7833,NAE-CAR,North,West
17.0833,-61.75,NAE-CAR,North,West
17.1167,-61.85,NAE-CAR,North,West
17.0746557,-61.8175207,NAE-CAR,North,West
17.626798,-61.7707288,NAE-CAR,North,West
18.1667,-63.1333,NAE-CAR,North,West
18.177343,-63.093518,NAE-CAR,North,West
18.1939817,-63.0456652,NAE-CAR,North,West
18.6,-63.467,NAE-CAR,North,West
18.205021,-63.054302,NAE-CAR,North,West
12.5,-69.9667,NAE-CAR,North,West
12.4833,-69.9833,NAE-CAR,North,West
12.5092044,-70.0086306,NAE-CAR,North,West
13.0968511,-59.6144819,NAE-CAR,North,West
17.9,-62.85,NAE-CAR,North,West
17.9,-62.85,NAE-CAR,North,West
32.3,-64.75,NAE-CAN,North,West
32.3833,-64.6833,NAE-CAN,North,West
32.3,-64.8667,NAE-CAN,North,West
32.25,-64.85,NAE-CAN,North,West
32.2945837,-64.7858887,NAE-CAN,North,West
32.3220181,-64.8373657,NAE-CAN,North,West
12.1167,-68.2667,NAE-CAR,North,West
12.2333,-68.3333,NAE-CAR,North,West
12.15,-68.2667,NAE-CAR,North,West
17.6333,-63.2333,NAE-CAR,North,West
17.4833,-62.9667,NAE-CAR,North,West
23.8167,-76.1667,NAE-GUS,North,West
24.9314461,-76.1899661,NAE-GUS,North,West
24.15,-77.5333,NAE-GUS,North,West
26.0833,-77.5333,NAE-GUS,North,West
23.5333,-75.8333,NAE-GUS,North,West
25.75,-77.8333,NAE-GUS,North,West
26.75,-77.3333,NAE-GUS,North,West
25.5,-76.6333,NAE-GUS,North,West
24.5833,-75.9167,NAE-GUS,North,West
26.5333,-76.9667,NAE-GUS,North,West
25.0833,-77.35,NAE-GUS,North,West
24.9,-76.2,NAE-GUS,North,West
23.6,-75.3,NAE-GUS,North,West
24.3167,-75.4,NAE-GUS,North,West
26.6833,-78.9667,NAE-GUS,North,West
24.033,-74.517,NAE-CAR,North,West
25.817,-77.933,NAE-GUS,North,West
26.5416093,-78.6455475,NAE-GUS,North,West
25.833,-77.9,NAE-GUS,North,West
26.517,-78.633,NAE-GUS,North,West
16.0,-88.9167,NAE-CEN,North,West
16.9667,-88.2167,NAE-CEN,North,West
17.5045661,-88.1962133,NAE-CEN,North,West
54.9167,-58.9167,NAE-CAN,North,West
48.55,-58.7667,NAE-CAN,North,West
56.4333,-111.0333,NAW-CAN,North,West
73.0333,-85.1667,NAE-CAN,North,West
47.3,-54.0,NAE-CAN,North,West
45.5167,-61.0167,NAE-CAN,North,West
47.7667,-53.9833,NAE-CAN,North,West
61.1,-94.05,NAE-CAN,North,West
52.1167,-107.2167,NAW-CAN,North,West
47.9833,-66.7167,NAE-CAN,North,West
47.4167,-53.2,NAE-CAN,North,West
45.1,-64.25,NAE-CAN,North,West
49.9167,-56.1833,NAE-CAN,North,West
50.3,-62.8333,NAE-CAN,North,West
64.3167,-96.0333,NAE-CAN,North,West
45.0,-79.6,NAE-CAN,North,West
44.4667,-63.5667,NAE-CAN,North,West
50.4833,-111.7333,NAW-CAN,North,West
43.5667,-65.5667,NAE-CAN,North,West
47.3333,-52.8333,NAE-CAN,North,West
47.5833,-53.3,NAE-CAN,North,West
45.1333,-67.1167,NAE-CAN,North,West
46.0167,-62.4833,NAE-CAN,North,West
50.5167,-126.8667,NAW-CAN,North,West
46.3333,-72.4333,NAE-CAN,North,West
44.7167,-63.6833,NAE-CAN,North,West
47.6833,-65.7,NAE-CAN,North,West
44.5333,-78.55,NAE-CAN,North,West
46.25,-63.7,NAE-CAN,North,West
49.15,-55.3667,NAE-CAN,North,West
46.4667,-64.7167,NAE-CAN,North,West
50.4167,-112.2667,NAW-CAN,North,West
49.3667,-123.3333,NAW-CAN,North,West
48.5833,-123.45,NAW-CAN,North,West
47.8333,-53.8667,NAE-CAN,North,West
47.6,-57.6333,NAE-CAN,North,West
47.05,-55.1833,NAE-CAN,North,West
48.7,-53.8,NAE-CAN,North,West
49.3,-123.1833,NAW-CAN,North,West
69.1167,-105.0833,NAW-CAN,North,West
50.0167,-125.25,NAW-CAN,North,West
44.3,-77.7833,NAE-CAN,North,West
45.3333,-61.0,NAE-CAN,North,West
49.0833,-66.6833,NAE-CAN,North,West
47.6333,-59.3,NAE-CAN,North,West
47.0333,-70.45,NAE-CAN,North,West
49.8667,-99.35,NAE-CAN,North,West
47.7333,-53.25,NAE-CAN,North,West
49.3667,-54.2667,NAE-CAN,North,West
48.5167,-53.0833,NAE-CAN,North,West
49.6667,-54.4167,NAE-CAN,North,West
47.5667,-59.15,NAE-CAN,North,West
46.2333,-63.1333,NAE-CAN,North,West
46.9667,-71.0167,NAE-CAN,North,West
63.3333,-90.7,NAE-CAN,North,West
51.0333,-113.8167,NAW-CAN,North,West
46.6167,-61.0167,NAE-CAN,North,West
58.7667,-94.1833,NAE-CAN,North,West
48.15,-53.9667,NAE-CAN,North,West
43.45,-65.6333,NAE-CAN,North,West
51.65,-120.0333,NAW-CAN,North,West
44.65,-64.0,NAE-CAN,North,West
43.9667,-80.9667,NAE-CAN,North,West
49.2890842,-123.1224997,NAW-CAN,North,West
43.9667,-78.1667,NAE-CAN,North,West
47.5833,-53.2667,NAE-CAN,North,West
47.85,-53.9833,NAE-CAN,North,West
46.4833,-80.85,NAE-CAN,North,West
64.1333,-83.1667,NAE-CAN,North,West
48.95,-57.9333,NAE-CAN,North,West
49.9,-57.7833,NAE-CAN,North,West
49.75,-112.35,NAW-CAN,North,West
49.1333,-98.95,NAE-CAN,North,West
50.2333,-57.5833,NAE-CAN,North,West
44.9667,-66.9667,NAE-CAN,North,West
49.0833,-123.0,NAW-CAN,North,West
49.55,-124.8,NAW-CAN,North,West
47.55,-53.55,NAE-CAN,North,West
46.9,-60.4667,NAE-CAN,North,West
43.5,-81.2833,NAE-CAN,North,West
45.4833,-71.6667,NAE-CAN,North,West
50.7333,-104.6333,NAW-CAN,North,West
54.0833,-125.0167,NAW-CAN,North,West
49.2667,-123.1667,NAW-CAN,North,West
47.3667,-61.9333,NAE-CAN,North,West
49.4833,-111.1,NAW-CAN,North,West
44.8167,-63.6167,NAE-CAN,North,West
49.7167,-54.2833,NAE-CAN,North,West
43.1,-82.0,NAE-CAN,North,West
48.6,-93.4,NAE-CAN,North,West
65.1833,-123.4167,NAW-CAN,North,West
49.1667,-122.5667,NAW-CAN,North,West
57.1833,-111.6333,NAW-CAN,North,West
48.4,-89.2333,NAE-CAN,North,West
47.0667,-55.8333,NAE-CAN,North,West
50.9667,-119.2,NAW-CAN,North,West
49.1167,-122.7333,NAW-CAN,North,West
45.95,-66.65,NAE-CAN,North,West
43.35,-80.3,NAE-CAN,North,West
48.95,-54.55,NAE-CAN,North,West
48.8333,-64.4833,NAE-CAN,North,West
68.6167,-95.8333,NAE-CAN,North,West
46.2,-59.9667,NAE-CAN,North,West
53.4,-60.1667,NAE-CAN,North,West
47.1,-55.7833,NAE-CAN,North,West
44.7,-66.8,NAE-CAN,North,West
46.2833,-64.55,NAE-CAN,North,West
76.4167,-82.95,NAE-CAN,North,West
44.5667,-63.9333,NAE-CAN,North,West
43.6167,-79.95,NAE-CAN,North,West
49.5333,-56.8667,NAE-CAN,North,West
44.1333,-81.0167,NAE-CAN,North,West
48.0167,-53.2667,NAE-CAN,North,West
47.4833,-55.8333,NAE-CAN,North,West
47.6833,-53.25,NAE-CAN,North,West
56.130366,-106.346771,NAW-CAN,North,West
44.1333,-78.1833,NAE-CAN,North,West
48.3833,-71.6833,NAE-CAN,North,West
58.2,-62.6333,NAE-CAN,North,West
45.05,-73.6,NAE-CAN,North,West
69.5667,-139.0667,NAW-CAN,North,West
44.3333,-64.9833,NAE-CAN,North,West
47.3833,-53.1333,NAE-CAN,North,West
55.45,-60.2167,NAE-CAN,North,West
52.3333,-121.4167,NAW-CAN,North,West
69.3667,-81.8167,NAE-CAN,North,West
51.3333,-105.4333,NAW-CAN,North,West
49.3667,-122.8667,NAW-CAN,North,West
45.0333,-75.4,NAE-CAN,North,West
50.5167,-116.0333,NAW-CAN,North,West
63.7333,-68.5,NAE-CAN,North,West
49.95,-110.2667,NAW-CAN,North,West
53.8667,-94.6667,NAE-CAN,North,West
49.8667,-56.8,NAE-CAN,North,West
45.8167,-66.1,NAE-CAN,North,West
49.9,-116.9167,NAW-CAN,North,West
45.8833,-80.7333,NAE-CAN,North,West
46.2167,-71.3833,NAE-CAN,North,West
61.55,-77.7333,NAE-CAN,North,West
58.1,-68.4,NAE-CAN,North,West
49.7,-97.2667,NAE-CAN,North,West
54.7667,-111.95,NAW-CAN,North,West
45.7167,-70.85,NAE-CAN,North,West
42.2833,-82.7333,NAE-CAN,North,West
52.2167,-87.8833,NAE-CAN,North,West
48.4667,-64.3,NAE-CAN,North,West
51.5167,-56.8333,NAE-CAN,North,West
49.25,-124.0833,NAW-CAN,North,West
47.4167,-79.2833,NAE-CAN,North,West
49.0,-66.9667,NAE-CAN,North,West
46.8,-71.1667,NAE-CAN,North,West
49.2333,-55.0667,NAE-CAN,North,West
45.3,-74.0333,NAE-CAN,North,West
43.0,-81.4167,NAE-CAN,North,West
43.7,-65.1167,NAE-CAN,North,West
49.45,-57.7667,NAE-CAN,North,West
47.4333,-53.8,NAE-CAN,North,West
48.0,-55.9167,NAE-CAN,North,West
45.9167,-59.9833,NAE-CAN,North,West
42.8667,-79.45,NAE-CAN,North,West
48.5167,-59.0,NAE-CAN,North,West
43.5167,-65.7333,NAE-CAN,North,West
46.0667,-61.3833,NAE-CAN,North,West
45.2667,-72.15,NAE-CAN,North,West
51.1833,-56.0167,NAE-CAN,North,West
48.1333,-78.1167,NAE-CAN,North,West
52.3167,-55.8333,NAE-CAN,North,West
47.1667,-55.1667,NAE-CAN,North,West
44.6,-80.6,NAE-CAN,North,West
45.6167,-62.4167,NAE-CAN,North,West
52.4,-110.6333,NAW-CAN,North,West
47.05,-65.45,NAE-CAN,North,West
72.2467491,-80.5453401,NAE-CAN,North,West
45.7333,-82.1667,NAE-CAN,North,West
44.6833,-63.3667,NAE-CAN,North,West
43.9134019,-80.8717169,NAE-CAN,North,West
49.1333,-122.3,NAW-CAN,North,West
49.2167,-65.75,NAE-CAN,North,West
45.6333,-73.5,NAE-CAN,North,West
76.2333,-119.35,NAW-CAN,North,West
44.7833,-63.1333,NAE-CAN,North,West
56.55,-61.6833,NAE-CAN,North,West
50.2333,-117.8,NAW-CAN,North,West
42.8,-80.0667,NAE-CAN,North,West
49.6,-119.5833,NAW-CAN,North,West
46.25,-60.55,NAE-CAN,North,West
49.4833,-117.3,NAW-CAN,North,West
49.9333,-98.0667,NAE-CAN,North,West
43.25,-79.0667,NAE-CAN,North,West
47.55,-53.6667,NAE-CAN,North,West
49.8833,-121.4667,NAW-CAN,North,West
49.5333,-98.55,NAE-CAN,North,West
46.0,-72.35,NAE-CAN,North,West
49.9167,-98.0,NAE-CAN,North,West
44.2667,-76.7167,NAE-CAN,North,West
49.1667,-119.55,NAW-CAN,North,West
45.45,-75.5333,NAE-CAN,North,West
45.0333,-73.0667,NAE-CAN,North,West
44.3333,-64.4333,NAE-CAN,North,West
47.4833,-69.2833,NAE-CAN,North,West
43.0,-82.4,NAE-CAN,North,West
45.6,-61.3667,NAE-CAN,North,West
50.15,-66.4833,NAE-CAN,North,West
45.65,-73.4833,NAE-CAN,North,West
45.4333,-73.7333,NAE-CAN,North,West
45.5667,-74.3667,NAE-CAN,North,West
48.55,-58.7167,NAE-CAN,North,West
46.0333,-64.0833,NAE-CAN,North,West
50.5833,-127.1,NAW-CAN,North,West
43.2167,-79.2167,NAE-CAN,North,West
48.3333,-70.8833,NAE-CAN,North,West
50.0167,-66.8667,NAE-CAN,North,West
48.1833,-64.9833,NAE-CAN,North,West
48.1667,-64.9167,NAE-CAN,North,West
49.8167,-64.35,NAE-CAN,North,West
48.4,-78.3667,NAE-CAN,North,West
45.8667,-74.0833,NAE-CAN,North,West
44.4667,-63.7833,NAE-CAN,North,West
47.5167,-57.4167,NAE-CAN,North,West
62.8167,-92.0667,NAE-CAN,North,West
47.8333,-69.5333,NAE-CAN,North,West
49.0667,-123.1667,NAW-CAN,North,West
46.1333,-71.2167,NAE-CAN,North,West
43.6167,-80.1333,NAE-CAN,North,West
51.1833,-113.9333,NAW-CAN,North,West
50.85,-56.1167,NAE-CAN,North,West
48.8333,-87.5167,NAE-CAN,North,West
48.4167,-71.0667,NAE-CAN,North,West
53.6333,-113.6333,NAW-CAN,North,West
51.3833,-55.6,NAE-CAN,North,West
45.0167,-73.0333,NAE-CAN,North,West
51.2333,-58.65,NAE-CAN,North,West
48.4667,-71.6667,NAE-CAN,North,West
43.1667,-79.2333,NAE-CAN,North,West
45.6833,-73.1833,NAE-CAN,North,West
46.3333,-73.4833,NAE-CAN,North,West
45.4,-73.5833,NAE-CAN,North,West
46.9667,-70.9667,NAE-CAN,North,West
45.5667,-73.9,NAE-CAN,North,West
45.8,-72.1833,NAE-CAN,North,West
46.1667,-73.4,NAE-CAN,North,West
46.0667,-72.8333,NAE-CAN,North,West
48.4833,-71.7833,NAE-CAN,North,West
45.2667,-71.5167,NAE-CAN,North,West
45.2667,-66.0667,NAE-CAN,North,West
47.5667,-52.7333,NAE-CAN,North,West
46.3,-70.8667,NAE-CAN,North,West
45.4833,-73.5,NAE-CAN,North,West
46.9,-55.4,NAE-CAN,North,West
46.9167,-53.5833,NAE-CAN,North,West
47.5333,-69.8,NAE-CAN,North,West
45.45,-73.6333,NAE-CAN,North,West
46.75,-71.2333,NAE-CAN,North,West
46.6333,-53.6,NAE-CAN,North,West
46.7333,-72.5667,NAE-CAN,North,West
45.2333,-74.25,NAE-CAN,North,West
48.8167,-64.4167,NAE-CAN,North,West
49.6667,-97.4333,NAE-CAN,North,West
50.35,-125.9167,NAW-CAN,North,West
52.7667,-111.6833,NAW-CAN,North,West
49.6,-54.1667,NAE-CAN,North,West
50.2,-66.3833,NAE-CAN,North,West
59.4167,-63.75,NAE-CAN,North,West
49.65,-108.4,NAW-CAN,North,West
44.9333,-62.5333,NAE-CAN,North,West
44.0667,-80.2,NAE-CAN,North,West
50.8333,-118.9833,NAW-CAN,North,West
47.6167,-53.3,NAE-CAN,North,West
56.25,-96.1,NAE-CAN,North,West
49.4833,-56.1,NAE-CAN,North,West
48.55,-58.5667,NAE-CAN,North,West
43.4667,-65.5667,NAE-CAN,North,West
45.2167,-61.7333,NAE-CAN,North,West
52.3167,-114.0833,NAW-CAN,North,West
43.05,-80.9833,NAE-CAN,North,West
49.0,-123.0667,NAW-CAN,North,West
48.9833,-123.6833,NAW-CAN,North,West
51.7,-113.2667,NAW-CAN,North,West
49.8833,-55.6167,NAE-CAN,North,West
46.2667,-71.0,NAE-CAN,North,West
51.8333,-113.2333,NAW-CAN,North,West
49.65,-54.75,NAE-CAN,North,West
48.9333,-125.5167,NAW-CAN,North,West
45.6333,-72.6833,NAE-CAN,North,West
45.25,-74.1333,NAE-CAN,North,West
45.7667,-73.35,NAE-CAN,North,West
48.4333,-123.35,NAW-CAN,North,West
56.25,-61.85,NAE-CAN,North,West
45.2167,-64.0167,NAE-CAN,North,West
49.3333,-123.15,NAW-CAN,North,West
44.6833,-76.4,NAE-CAN,North,West
62.1667,-92.5833,NAE-CAN,North,West
53.6167,-115.2333,NAW-CAN,North,West
52.55,-55.7833,NAE-CAN,North,West
44.9833,-64.1333,NAE-CAN,North,West
46.2833,-72.8333,NAE-CAN,North,West
43.63333333,-79.38333333,NAE-CAN,North,West
45.5,-73.58333333,NAE-CAN,North,West
44.05,-81.717,NAE-CAN,North,West
44.5895244,-75.6842858,NAE-CAN,North,West
49.55,-113.767,NAW-CAN,North,West
43.767,-80.333,NAE-CAN,North,West
43.325794,-79.800948,NAE-CAN,North,West
44.3721167,-64.5208798,NAE-CAN,North,West
44.1,-78.783,NAE-CAN,North,West
45.633,-79.45,NAE-CAN,North,West
43.9126042,-78.688019,NAE-CAN,North,West
49.333,-54.867,NAE-CAN,North,West
48.3516735,-71.1385136,NAE-CAN,North,West
47.0451445,-65.3702403,NAE-CAN,North,West
45.8654102,-73.2412825,NAE-CAN,North,West
49.233,-122.817,NAW-CAN,North,West
42.983,-81.067,NAE-CAN,North,West
44.6375134,-63.5923004,NAE-CAN,North,West
56.833,-62.5,NAE-CAN,North,West
48.435842,-123.411234,NAW-CAN,North,West
46.63333,-72.68333,NAE-CAN,North,West
44.55,-76.267,NAE-CAN,North,West
44.6487635,-63.5752387,NAE-CAN,North,West
43.2557206,-79.8711024,NAE-CAN,North,West
44.25,-78.167,NAE-CAN,North,West
46.3228776,-63.6026862,NAE-CAN,North,West
42.0362841,-82.7389809,NAE-CAN,North,West
45.441347,-73.6885847,NAE-CAN,North,West
47.1,-70.35,NAE-CAN,North,West
42.0531634,-82.5998874,NAE-CAN,North,West
51.0,-97.0,NAE-CAN,North,West
46.088778,-64.779383,NAE-CAN,North,West
49.1761138,-123.1577516,NAW-CAN,North,West
49.2057179,-122.910956,NAW-CAN,North,West
43.949164,-78.2934616,NAE-CAN,North,West
44.0073128,-77.1423692,NAE-CAN,North,West
53.918241,-122.749702,NAW-CAN,North,West
54.309805,-130.33721,NAW-CAN,North,West
44.767,-79.933,NAE-CAN,North,West
53.25,-132.067,NAW-CAN,North,West
48.35,-69.417,NAE-CAN,North,West
46.831454,-71.192992,NAE-CAN,North,West
48.25,-58.783,NAE-CAN,North,West
50.15,-66.45,NAE-CAN,North,West
48.95,-88.283,NAE-CAN,North,West
46.033,-71.917,NAE-CAN,North,West
49.117,-66.483,NAE-CAN,North,West
49.7016339,-123.1558121,NAW-CAN,North,West
45.85,-73.583,NAE-CAN,North,West
45.65,-60.867,NAE-CAN,North,West
43.2272182,-79.7195586,NAE-CAN,North,West
49.583,-99.45,NAE-CAN,North,West
49.183333,-122.85,NAW-CAN,North,West
46.0,-73.167,NAE-CAN,North,West
44.55,-80.45,NAE-CAN,North,West
49.303555,-123.0475,NAW-CAN,North,West
44.75,-79.767,NAE-CAN,North,West
42.5926445,-82.3882529,NAE-CAN,North,West
42.9921579,-79.2482555,NAE-CAN,North,West
47.75,-54.033,NAE-CAN,North,West
43.8975446,-78.9429329,NAE-CAN,North,West
10.2833,-84.95,NAE-CEN,North,West
9.9333,-85.0,NAE-CEN,North,West
10.0667,-85.4667,NAE-CEN,North,West
9.95,-84.7167,NAE-CEN,North,West
10.05,-84.9167,NAE-CEN,North,West
10.5,-85.35,NAE-CEN,North,West
10.0,-84.25,NAE-CEN,North,West
9.9167,-84.0333,NAE-CEN,North,West
10.6833,-84.3667,NAE-CEN,North,West
10.45,-85.5667,NAE-CEN,North,West
10.15,-84.2,NAE-CEN,North,West
8.65,-83.15,NAE-CEN,North,West
10.6,-85.6833,NAE-CEN,North,West
10.5667,-85.6,NAE-CEN,North,West
10.6667,-84.8167,NAE-CEN,North,West
9.9667,-85.1167,NAE-CEN,North,West
10.4833,-84.65,NAE-CEN,North,West
9.9333,-85.15,NAE-CEN,North,West
10.0,-83.0833,NAE-CEN,North,West
10.4667,-84.4667,NAE-CEN,North,West
10.0333,-85.2,NAE-CEN,North,West
10.1,-84.3833,NAE-CEN,North,West
8.65,-82.9333,NAE-CEN,North,West
9.9,-84.5333,NAE-CEN,North,West
8.9667,-83.4667,NAE-CEN,North,West
9.5167,-84.3167,NAE-CEN,North,West
9.7333,-85.45,NAE-CEN,North,West
9.95,-84.7167,NAE-CEN,North,West
10.0,-83.0333,NAE-CEN,North,West
9.65,-82.7667,NAE-CEN,North,West
10.0667,-84.9667,NAE-CEN,North,West
9.9667,-84.8333,NAE-CEN,North,West
10.4333,-84.95,NAE-CEN,North,West
10.35,-84.2333,NAE-CEN,North,West
9.7833,-85.1833,NAE-CEN,North,West
10.25,-83.6,NAE-CEN,North,West
9.8833,-85.5333,NAE-CEN,North,West
9.8,-84.1667,NAE-CEN,North,West
9.9333,-84.0833,NAE-CEN,North,West
9.6667,-84.0333,NAE-CEN,North,West
10.0833,-84.25,NAE-CEN,North,West
10.6167,-84.5167,NAE-CEN,North,West
10.3667,-84.6167,NAE-CEN,North,West
10.4833,-84.0167,NAE-CEN,North,West
10.0833,-84.35,NAE-CEN,North,West
9.5167,-82.6167,NAE-CEN,North,West
9.9,-85.1833,NAE-CEN,North,West
9.6167,-84.5167,NAE-CEN,North,West
10.1833,-84.4,NAE-CEN,North,West
10.0101333,-84.0114544,NAE-CEN,North,West
10.483,-84.017,NAE-CEN,North,West
9.9924257,-83.0951852,NAE-CEN,North,West
10.033,-84.333,NAE-CEN,North,West
10.667,-84.817,NAE-CEN,North,West
22.9,-83.1667,NAE-GUS,North,West
20.9667,-75.7167,NAE-CAR,North,West
21.5833,-78.6667,NAE-GUS,North,West
21.5667,-77.2333,NAE-GUS,North,West
22.9833,-82.9167,NAE-GUS,North,West
22.5167,-79.4667,NAE-GUS,North,West
21.3833,-77.9167,NAE-GUS,North,West
23.0333,-81.2,NAE-GUS,North,West
21.7667,-80.0,NAE-GUS,North,West
20.2167,-77.3333,NAE-CAR,North,West
21.1,-76.1333,NAE-CAR,North,West
21.6333,-78.85,NAE-GUS,North,West
23.1167,-82.35,NAE-GUS,North,West
23.0,-82.75,NAE-GUS,North,West
20.15,-77.4333,NAE-CAR,North,West
20.05,-77.5833,NAE-CAR,North,West
21.55,-77.2667,NAE-GUS,North,West
21.6,-78.9667,NAE-GUS,North,West
21.0833,-75.9667,NAE-CAR,North,West
21.55,-77.2167,NAE-GUS,North,West
21.3667,-76.8333,NAE-CAR,North,West
21.2,-76.6,NAE-CAR,North,West
21.5667,-77.25,NAE-GUS,North,West
20.5833,-75.2333,NAE-CAR,North,West
22.8,-80.0667,NAE-GUS,North,West
21.6333,-79.55,NAE-GUS,North,West
20.01693,-75.8301537,NAE-CAR,North,West
12.1667,-69.0,NAE-CAR,North,West
12.0667,-68.85,NAE-CAR,North,West
12.1667,-69.0,NAE-CAR,North,West
12.05,-68.8167,NAE-CAR,North,West
12.15,-68.9833,NAE-CAR,North,West
12.1,-68.9167,NAE-CAR,North,West
15.5667,-61.45,NAE-CAR,North,West
15.3091676,-61.3793554,NAE-CAR,North,West
18.45,-70.7333,NAE-CAR,North,West
18.2833,-70.3333,NAE-CAR,North,West
18.4333,-70.0333,NAE-CAR,North,West
18.6853385,-68.4501446,NAE-CAR,North,West
18.4,-68.9,NAE-CAR,North,West
18.3667,-69.0,NAE-CAR,North,West
18.4167,-69.6333,NAE-CAR,North,West
19.2,-69.3167,NAE-CAR,North,West
18.4167,-69.9833,NAE-CAR,North,West
18.45,-70.2667,NAE-CAR,North,West
19.7,-71.75,NAE-CAR,North,West
18.6167,-71.0833,NAE-CAR,North,West
18.2333,-70.15,NAE-CAR,North,West
18.3333,-70.8333,NAE-CAR,North,West
19.0667,-69.3833,NAE-CAR,North,West
19.3,-70.25,NAE-CAR,North,West
18.45,-69.3,NAE-CAR,North,West
19.2333,-69.6167,NAE-CAR,North,West
18.4667,-69.9,NAE-CAR,North,West
18.6667,-70.1667,NAE-CAR,North,West
18.452944,-69.607337,NAE-CAR,North,West
18.6003917,-70.1473403,NAE-CAR,North,West
19.7807686,-70.6871091,NAE-CAR,North,West
19.466667,-70.7,NAE-CAR,North,West
66.9667,-50.9333,NAE-GRL,North,West
65.8667,-37.0167,NAE-GRL,North,West
64.1833,-51.75,NAE-GRL,North,West
64.9667,-51.5667,NAE-GRL,North,West
65.6,-37.6333,NAE-GRL,North,West
65.9,-37.8167,NAE-GRL,North,West
64.8667,-52.2,NAE-GRL,North,West
69.2198118,-51.0986031,NAE-GRL,North,West
68.7069766,-52.8591222,NAE-GRL,North,West
61.9941151,-49.6665709,NAE-GRL,North,West
66.9394722,-53.6733857,NAE-GRL,North,West
60.7189864,-46.0353458,NAE-GRL,North,West
60.1424955,-45.2394951,NAE-GRL,North,West
65.4076761,-52.9005718,NAE-GRL,North,West
74.583,-57.2,NAE-GRL,North,West
16.2667,-61.5833,NAE-CAR,North,West
16.0,-61.7167,NAE-CAR,North,West
16.05,-61.55,NAE-CAR,North,West
15.95,-61.3333,NAE-CAR,North,West
15.8833,-61.3,NAE-CAR,North,West
16.2333,-61.55,NAE-CAR,North,West
16.2,-61.4833,NAE-CAR,North,West
16.2667,-61.5167,NAE-CAR,North,West
16.4167,-61.5333,NAE-CAR,North,West
16.25,-61.2667,NAE-CAR,North,West
16.033,-61.733,NAE-CAR,North,West
16.133,-61.767,NAE-CAR,North,West
16.3,-61.783,NAE-CAR,North,West
16.467,-61.517,NAE-CAR,North,West
17.896413,-62.852191,NAE-CAR,North,West
16.183,-61.583,NAE-CAR,North,West
16.2544056,-61.5323532,NAE-CAR,North,West
14.3,-91.9167,NAE-CEN,North,West
15.8333,-88.75,NAE-CEN,North,West
15.7,-88.6167,NAE-CEN,North,West
14.4,-91.3167,NAE-CEN,North,West
15.695364,-88.5855173,NAE-CEN,North,West
13.9306292,-90.7580342,NAE-CEN,North,West
13.929767,-90.823653,NAE-CEN,North,West
15.7667,-88.0333,NAE-CEN,North,West
16.3,-86.55,NAE-CEN,North,West
16.0173268,-85.9585544,NAE-CEN,North,West
15.825072,-87.9285777,NAE-CEN,North,West
13.4326204,-87.4554432,NAE-CEN,North,West
19.1167,-72.7,NAE-CAR,North,West
19.75,-72.2,NAE-CAR,North,West
19.6833,-72.0167,NAE-CAR,North,West
18.6833,-72.35,NAE-CAR,North,West
18.6833,-72.35,NAE-CAR,North,West
18.4333,-72.8667,NAE-CAR,North,West
18.594395,-72.3074326,NAE-CAR,North,West
18.4,-76.95,NAE-CAR,North,West
17.95,-76.8833,NAE-CAR,North,West
18.4333,-77.2,NAE-CAR,North,West
18.164209,-77.947998,NAE-CAR,North,West
18.0178743,-76.8099041,NAE-CAR,North,West
18.4762228,-77.8938895,NAE-CAR,North,West
17.1333,-62.6167,NAE-CAR,North,West
17.15,-62.5833,NAE-CAR,North,West
17.3026058,-62.7176924,NAE-CAR,North,West
19.3,-81.3833,NAE-GUS,North,West
14.0167,-60.9667,NAE-CAR,North,West
13.720608,-60.9496433,NAE-CAR,North,West
18.0667,-63.0833,NAE-CAR,North,West
18.0667,-63.0833,NAE-CAR,North,West
18.0666667,-63.0666667,NAE-CAR,North,West
14.6667,-60.9333,NAE-CAR,North,West
14.6,-61.05,NAE-CAR,North,West
14.483,-61.083,NAE-CAR,North,West
14.6,-61.05,NAE-CAR,North,West
14.817,-61.033,NAE-CAR,North,West
16.8,-62.2,NAE-CAR,North,West
16.706523,-62.215738,NAE-CAR,North,West
16.85,-99.8667,NAW-MEX,North,West
19.6167,-98.9167,NAE-GUS,North,West
31.3,-109.5667,NAW-USA,North,West
22.4,-97.9167,NAE-GUS,North,West
20.8333,-103.7167,NAW-MEX,North,West
30.3333,-110.1667,NAW-USA,North,West
19.1167,-96.1167,NAE-GUS,North,West
22.8833,-109.8833,NAW-MEX,North,West
25.6,-100.0,NAW-MEX,North,West
19.4064913,-99.1761432,NAE-GUS,North,West
19.6833,-92.0833,NAE-GUS,North,West
28.1167,-115.1667,NAW-USA,North,West
28.1667,-115.2167,NAW-USA,North,West
18.4167,-93.0833,NAE-GUS,North,West
18.6333,-91.8333,NAE-GUS,North,West
22.2667,-97.8333,NAE-GUS,North,West
25.9667,-98.0833,NAW-MEX,North,West
19.7667,-98.5667,NAE-GUS,North,West
18.1333,-94.4,NAE-GUS,North,West
18.8333,-96.3833,NAE-GUS,North,West
20.5167,-86.9333,NAE-CEN,North,West
20.2,-104.4,NAW-MEX,North,West
21.15,-100.9167,NAW-MEX,North,West
18.5,-93.1833,NAE-GUS,North,West
27.9667,-110.8167,NAW-USA,North,West
31.85,-116.6,NAW-USA,North,West
18.5333,-92.6333,NAE-GUS,North,West
25.2667,-99.6833,NAW-MEX,North,West
21.1833,-101.75,NAW-MEX,North,West
25.5667,-108.45,NAW-USA,North,West
27.9167,-110.8833,NAW-USA,North,West
15.8333,-96.3167,NAE-GUS,North,West
20.9167,-89.8,NAE-CEN,North,West
27.2167,-112.1,NAW-USA,North,West
17.6667,-101.65,NAW-MEX,North,West
19.2833,-98.55,NAE-GUS,North,West
16.4333,-95.0167,NAE-GUS,North,West
24.1333,-110.3,NAW-MEX,North,West
21.7667,-102.5333,NAW-MEX,North,West
17.95,-102.1833,NAW-MEX,North,West
26.0167,-112.6167,NAW-USA,North,West
20.9167,-103.95,NAW-MEX,North,West
19.05,-104.3,NAW-MEX,North,West
19.9167,-103.0333,NAW-MEX,North,West
23.4,-106.4,NAW-MEX,North,West
20.9667,-89.6167,NAE-CEN,North,West
20.2167,-96.7833,NAE-GUS,North,West
22.25,-101.2667,NAW-MEX,North,West
24.3,-110.3167,NAW-MEX,North,West
20.6167,-87.0667,NAE-CEN,North,West
21.2667,-89.65,NAE-CEN,North,West
23.3667,-106.3333,NAW-MEX,North,West
15.6667,-96.4833,NAE-GUS,North,West
14.7167,-92.4167,NAE-CEN,North,West
20.8333,-86.8667,NAE-CEN,North,West
20.6,-105.2167,NAW-MEX,North,West
29.9667,-115.8167,NAW-USA,North,West
20.5333,-87.15,NAE-CEN,North,West
18.2167,-94.4,NAE-GUS,North,West
32.3333,-117.1,NAW-USA,North,West
16.1667,-95.1833,NAE-GUS,North,West
19.1833,-98.3,NAE-GUS,North,West
19.6339209,-99.9383091,NAE-GUS,North,West
19.5667,-99.7,NAE-GUS,North,West
22.4667,-104.7333,NAW-MEX,North,West
19.65,-90.7,NAE-CEN,North,West
24.9,-107.5833,NAW-MEX,North,West
22.25,-97.8667,NAE-GUS,North,West
17.3,-96.9,NAE-GUS,North,West
20.05,-90.2333,NAE-CEN,North,West
19.0333,-98.8167,NAE-GUS,North,West
32.5333,-117.0167,NAW-USA,North,West
19.2833,-99.1667,NAE-GUS,North,West
25.6,-109.05,NAW-USA,North,West
20.95,-97.4,NAE-GUS,North,West
19.2,-96.0833,NAE-GUS,North,West
19.6333,-99.3,NAE-GUS,North,West
19.5167,-99.0833,NAE-GUS,North,West
18.7833,-99.1,NAE-GUS,North,West
19.8,-101.8,NAW-MEX,North,West
19.7667,-97.5333,NAE-GUS,North,West
17.6333,-101.55,NAW-MEX,North,West
18.117,-94.383,NAE-GUS,North,West
29.9,-112.667,NAW-USA,North,West
20.148333,-101.634722,NAW-MEX,North,West
18.4727799,-95.58417,NAE-GUS,North,West
19.75,-91.7,NAE-GUS,North,West
20.4736865,-103.4479314,NAW-MEX,North,West
19.383,-98.25,NAE-GUS,North,West
12.4333,-86.0333,NAE-CEN,North,West
11.7833,-86.5167,NAE-CEN,North,West
11.494083,-85.8575801,NAE-CEN,North,West
13.3667,-83.5667,NAE-CEN,North,West
12.1833,-86.75,NAE-CEN,North,West
12.15,-84.2167,NAE-CEN,North,West
12.2,-86.1,NAE-CEN,North,West
13.5667,-86.5,NAE-CEN,North,West
12.4907414,-87.1784334,NAE-CEN,North,West
12.18333,-86.75,NAE-CEN,North,West
8.9667,-79.55,NAE-CEN,North,West
9.4,-79.8333,NAE-CEN,North,West
7.6333,-80.3833,NAE-CEN,North,West
8.2167,-82.2167,NAE-CEN,North,West
9.3333,-82.2333,NAE-CEN,North,West
8.1333,-80.7,NAE-CEN,North,West
8.95,-82.1167,NAE-CEN,North,West
7.9667,-80.4333,NAE-CEN,North,West
9.35,-79.8667,NAE-CEN,North,West
9.35,-79.9,NAE-CEN,North,West
8.5333,-82.3,NAE-CEN,North,West
8.8,-79.6,NAE-CEN,North,West
8.9667,-79.5333,NAE-CEN,North,West
9.0968746,-79.4422593,NAE-CEN,North,West
7.9,-80.6167,NAE-CEN,North,West
9.55,-79.65,NAE-CEN,North,West
8.8667,-79.7167,NAE-CEN,North,West
8.444581,-80.4660256,NAE-CEN,North,West
8.95,-79.5667,NAE-CEN,North,West
8.3833,-80.1167,NAE-CEN,North,West
8.8,-79.5,NAE-CEN,North,West
9.0833,-79.3833,NAE-CEN,North,West
8.8667,-79.6667,NAE-CEN,North,West
8.9613962,-79.5631537,NAE-CEN,North,West
7.833,-80.667,NAE-CEN,North,West
9.3651477,-79.8811514,NAE-CEN,North,West
8.4682123,-82.274624,NAE-CEN,North,West
8.95,-79.56667,NAE-CEN,North,West
46.7667,-56.1667,NAE-CAN,North,West
17.9667,-66.0667,NAE-CAR,North,West
17.9667,-66.9167,NAE-CAR,North,West
17.9667,-66.8167,NAE-CAR,North,West
17.95,-66.1833,NAE-CAR,North,West
18.05,-65.8333,NAE-CAR,North,West
17.9667,-66.25,NAE-CAR,North,West
18.45,-66.0833,NAE-CAR,North,West
18.3,-66.9667,NAE-CAR,North,West
18.4663338,-66.1057217,NAE-CAR,North,West
13.8,-89.1667,NAE-CEN,North,West
13.7457869,-89.4978411,NAE-CEN,North,West
13.4833,-89.3167,NAE-CEN,North,West
13.6333,-89.25,NAE-CEN,North,West
13.5957,-89.8270894,NAE-CEN,North,West
13.6929403,-89.2181911,NAE-CEN,North,West
18.0667,-63.0667,NAE-CAR,North,West
18.0167,-63.0333,NAE-CAR,North,West
18.05,-63.1167,NAE-CAR,North,West
10.6833,-61.6,NAE-CAR,North,West
11.3167,-60.55,NAE-CAR,North,West
10.35,-61.4667,NAE-CAR,North,West
10.4167,-61.45,NAE-CAR,North,West
10.1333,-61.0333,NAE-CAR,North,West
10.65,-61.5167,NAE-CAR,North,West
10.2167,-61.5333,NAE-CAR,North,West
10.45,-61.417,NAE-CAR,North,West
10.4077455,-61.4924377,NAE-CAR,North,West
10.283333,-61.466667,NAE-CAR,North,West
33.8167,-88.55,NAE-USA,North,West
40.3833,-74.25,NAE-USA,North,West
42.1667,-70.8833,NAE-CAN,North,West
39.2833,-80.35,NAE-USA,North,West
44.6167,-67.75,NAE-CAN,North,West
43.9333,-90.6,NAE-CAN,North,West
58.0,-152.7667,NAW-CAN,North,West
41.0167,-94.1833,NAE-USA,North,West
30.35,-88.1,NAE-USA,North,West
29.7833,-82.4833,NAE-GUS,North,West
45.4333,-84.7833,NAE-CAN,North,West
38.9667,-77.6333,NAE-USA,North,West
38.8,-77.0333,NAE-USA,North,West
42.1667,-88.3,NAE-CAN,North,West
33.0,-81.3,NAE-USA,North,West
43.1333,-71.45,NAE-CAN,North,West
31.5167,-93.65,NAE-GUS,North,West
44.3167,-91.9167,NAE-CAN,North,West
40.95,-73.9333,NAE-USA,North,West
43.15,-72.3667,NAE-CAN,North,West
36.8,-98.65,NAE-USA,North,West
32.4,-97.2,NAE-USA,North,West
40.9667,-72.15,NAE-CAN,North,West
30.5833,-81.45,NAE-USA,North,West
35.0667,-98.2333,NAE-USA,North,West
42.05,-73.6333,NAE-USA,North,West
37.7,-97.1333,NAE-USA,North,West
42.6667,-70.6833,NAE-CAN,North,West
35.1,-80.1,NAE-USA,North,West
27.9,-97.15,NAE-GUS,North,West
41.95,-95.4667,NAE-USA,North,West
43.3833,-94.4667,NAE-CAN,North,West
40.55,-78.5333,NAE-USA,North,West
46.3333,-117.05,NAW-CAN,North,West
45.8,-118.4833,NAW-USA,North,West
34.7,-76.7333,NAE-USA,North,West
40.4,-74.0333,NAE-USA,North,West
29.9667,-93.8667,NAE-GUS,North,West
38.5667,-90.8667,NAE-USA,North,West
38.1,-79.3167,NAE-USA,North,West
39.05,-84.9,NAE-USA,North,West
32.4333,-86.65,NAE-USA,North,West
33.3333,-118.3167,NAW-USA,North,West
42.6333,-73.55,NAE-USA,North,West
39.6333,-106.5167,NAW-USA,North,West
32.8833,-97.5333,NAE-USA,North,West
47.5167,-95.4,NAE-CAN,North,West
25.8833,-80.1167,NAE-GUS,North,West
29.8333,-91.55,NAE-GUS,North,West
42.9,-73.8667,NAE-USA,North,West
30.9833,-103.7333,NAW-USA,North,West
39.2833,-76.6167,NAE-USA,North,West
46.7833,-88.5,NAE-CAN,North,West
39.75,-74.2167,NAE-USA,North,West
30.1167,-97.3167,NAE-GUS,North,West
43.9,-69.8167,NAE-CAN,North,West
35.4667,-76.8,NAE-USA,North,West
30.45,-91.1333,NAE-GUS,North,West
43.1,-73.4333,NAE-CAN,North,West
40.5,-86.8333,NAE-USA,North,West
44.6,-92.45,NAE-CAN,North,West
37.4,-84.8833,NAE-USA,North,West
45.65,-85.55,NAE-CAN,North,West
45.3833,-93.8667,NAE-CAN,North,West
35.75,-96.0667,NAE-USA,North,West
38.7,-90.3167,NAE-USA,North,West
34.3,-88.7833,NAE-USA,North,West
35.5333,-76.6167,NAE-USA,North,West
39.6333,-84.0667,NAE-USA,North,West
40.5667,-73.8333,NAE-USA,North,West
40.6,-78.3333,NAE-USA,North,West
38.05,-122.15,NAW-USA,North,West
46.25,-119.4833,NAW-CAN,North,West
38.3167,-75.2167,NAE-USA,North,West
36.6667,-89.9667,NAE-USA,North,West
39.6333,-121.4,NAW-USA,North,West
36.3667,-93.5667,NAE-USA,North,West
29.6833,-91.2167,NAE-GUS,North,West
38.5333,-75.05,NAE-USA,North,West
33.9333,-83.7167,NAE-USA,North,West
40.6167,-75.3667,NAE-USA,North,West
34.9167,-77.7667,NAE-USA,North,West
36.2347791,-88.0853146,NAE-USA,North,West
38.9833,-75.3167,NAE-USA,North,West
45.2833,-96.45,NAE-CAN,North,West
35.0,-92.6167,NAE-USA,North,West
45.0667,-69.8833,NAE-CAN,North,West
45.6667,-91.55,NAE-CAN,North,West
41.3167,-82.35,NAE-CAN,North,West
44.9333,-89.2,NAE-CAN,North,West
35.3667,-79.7833,NAE-USA,North,West
39.7833,-105.4833,NAW-USA,North,West
39.9833,-82.8,NAE-USA,North,West
34.85,-83.9333,NAE-USA,North,West
40.5,-79.8667,NAE-USA,North,West
45.1,-91.4833,NAE-CAN,North,West
30.4,-81.5167,NAE-USA,North,West
43.6333,-94.1,NAE-CAN,North,West
26.7333,-82.25,NAE-GUS,North,West
38.3333,-123.05,NAW-USA,North,West
33.9333,-83.5333,NAE-USA,North,West
37.9,-122.6833,NAW-USA,North,West
43.55,-73.65,NAE-CAN,North,West
44.75,-93.8333,NAE-CAN,North,West
30.7833,-85.6667,NAE-USA,North,West
48.6833,-116.3167,NAW-CAN,North,West
43.85,-69.6333,NAE-CAN,North,West
47.75,-122.2,NAW-CAN,North,West
41.15,-87.8833,NAE-CAN,North,West
29.9,-90.3833,NAE-GUS,North,West
42.3833,-71.7,NAE-CAN,North,West
45.2167,-85.0,NAE-CAN,North,West
46.1833,-123.4333,NAW-USA,North,West
32.2667,-89.9833,NAE-USA,North,West
41.7,-71.1833,NAE-CAN,North,West
46.0167,-85.0333,NAE-CAN,North,West
41.7667,-70.0833,NAE-CAN,North,West
41.15,-73.8167,NAE-USA,North,West
40.9333,-72.3,NAE-USA,North,West
43.15,-75.9667,NAE-USA,North,West
43.55,-97.5,NAE-CAN,North,West
47.6667,-122.8833,NAW-CAN,North,West
41.9,-72.5333,NAE-CAN,North,West
38.6333,-84.8333,NAE-USA,North,West
36.9833,-84.6167,NAE-USA,North,West
41.7833,-71.95,NAE-CAN,North,West
40.7333,-73.9333,NAE-USA,North,West
39.4167,-85.0,NAE-USA,North,West
39.9667,-74.5833,NAE-USA,North,West
39.8333,-86.3833,NAE-USA,North,West
40.0167,-79.8833,NAE-USA,North,West
25.9,-97.4833,NAE-GUS,North,West
43.6167,-88.4833,NAE-CAN,North,West
45.45,-91.2667,NAE-CAN,North,West
39.6667,-79.6333,NAE-USA,North,West
46.3667,-96.65,NAE-CAN,North,West
39.9333,-82.4667,NAE-CAN,North,West
32.3167,-84.5167,NAE-USA,North,West
38.6167,-81.9833,NAE-USA,North,West
39.0333,-89.95,NAE-USA,North,West
40.2333,-79.95,NAE-USA,North,West
39.0333,-84.7167,NAE-USA,North,West
35.55,-89.7833,NAE-USA,North,West
44.6833,-69.4333,NAE-CAN,North,West
41.6167,-87.1333,NAE-CAN,North,West
35.9167,-82.3,NAE-USA,North,West
41.0833,-75.0,NAE-USA,North,West
41.4167,-84.8667,NAE-USA,North,West
38.7833,-84.3667,NAE-USA,North,West
40.0667,-121.55,NAW-USA,North,West
42.1167,-89.25,NAE-CAN,North,West
36.8667,-87.8167,NAE-USA,North,West
33.8833,-78.5667,NAE-USA,North,West
45.4,-83.7833,NAE-CAN,North,West
42.7833,-85.5167,NAE-CAN,North,West
38.6167,-77.6667,NAE-USA,North,West
45.5667,-93.2167,NAE-CAN,North,West
43.0,-89.0,NAE-CAN,North,West
31.9833,-87.2833,NAE-USA,North,West
39.1167,-75.5333,NAE-USA,North,West
44.2,-69.05,NAE-CAN,North,West
35.3333,-79.25,NAE-USA,North,West
42.0167,-73.3333,NAE-USA,North,West
35.5333,-82.7,NAE-USA,North,West
37.0167,-95.9333,NAE-USA,North,West
37.9167,-86.75,NAE-USA,North,West
34.6833,-77.0667,NAE-USA,North,West
26.5667,-81.95,NAE-GUS,North,West
36.9167,-76.0167,NAE-USA,North,West
38.9333,-74.9167,NAE-USA,North,West
34.45,-120.0333,NAW-USA,North,West
36.9667,-121.95,NAW-USA,North,West
26.5167,-82.1833,NAE-GUS,North,West
34.7833,-91.75,NAE-USA,North,West
42.5333,-71.35,NAE-CAN,North,West
32.4167,-104.2167,NAW-USA,North,West
43.4833,-83.4,NAE-CAN,North,West
35.9167,-79.0833,NAE-USA,North,West
37.6833,-88.6167,NAE-USA,North,West
39.8,-82.7,NAE-USA,North,West
43.9833,-75.6167,NAE-CAN,North,West
36.25,-85.95,NAE-USA,North,West
41.8833,-70.7667,NAE-CAN,North,West
28.6833,-81.3333,NAE-GUS,North,West
46.9005292,-97.2111999,NAE-CAN,North,West
41.9,-86.0,NAE-CAN,North,West
36.6833,-93.8667,NAE-USA,North,West
42.6167,-78.05,NAE-CAN,North,West
29.5167,-98.5,NAE-GUS,North,West
42.3378699,-71.0125206,NAE-CAN,North,West
33.3833,-118.4167,NAW-USA,North,West
41.6667,-70.6167,NAE-CAN,North,West
33.7833,-116.4667,NAW-USA,North,West
43.1667,-76.5667,NAE-CAN,North,West
37.1333,-85.9667,NAE-USA,North,West
35.4333,-120.8833,NAW-USA,North,West
42.9333,-75.85,NAE-USA,North,West
41.3833,-96.6,NAE-USA,North,West
36.1667,-79.1667,NAE-USA,North,West
39.2167,-81.5,NAE-USA,North,West
43.4,-84.9667,NAE-CAN,North,West
45.4,-87.35,NAE-CAN,North,West
28.65,-82.0,NAE-GUS,North,West
40.5333,-75.4,NAE-USA,North,West
40.3,-82.7,NAE-CAN,North,West
39.8,-84.9833,NAE-USA,North,West
45.15,-93.05,NAE-CAN,North,West
40.9167,-111.8667,NAW-USA,North,West
42.3833,-122.9167,NAW-USA,North,West
39.2167,-92.1333,NAE-USA,North,West
40.8333,-77.6833,NAE-USA,North,West
38.3833,-82.55,NAE-USA,North,West
39.8833,-88.7333,NAE-USA,North,West
45.1833,-93.3833,NAE-CAN,North,West
38.9667,-97.0167,NAE-USA,North,West
41.15,-73.75,NAE-USA,North,West
40.1333,-79.9,NAE-USA,North,West
32.85,-79.9667,NAE-USA,North,West
40.75,-88.2833,NAE-CAN,North,West
42.2,-79.4667,NAE-CAN,North,West
42.1667,-75.8667,NAE-USA,North,West
34.75,-87.9667,NAE-USA,North,West
44.6,-67.9167,NAE-CAN,North,West
39.5167,-75.8,NAE-USA,North,West
38.95,-82.1167,NAE-USA,North,West
40.6167,-80.5667,NAE-USA,North,West
42.8833,-72.4667,NAE-CAN,North,West
45.3167,-91.65,NAE-CAN,North,West
38.9667,-77.0833,NAE-USA,North,West
38.8167,-102.35,NAW-USA,North,West
30.7667,-88.0667,NAE-USA,North,West
33.2833,-86.35,NAE-USA,North,West
36.0,-105.9333,NAW-USA,North,West
48.5899222,-109.2312312,NAW-CAN,North,West
29.5667,-98.2333,NAE-GUS,North,West
45.15,-93.15,NAE-CAN,North,West
40.8333,-73.7833,NAE-USA,North,West
46.4667,-111.9833,NAW-CAN,North,West
44.95,-95.3667,NAE-CAN,North,West
42.0167,-88.8333,NAE-CAN,North,West
34.6833,-91.3,NAE-USA,North,West
41.7833,-79.1,NAE-USA,North,West
34.6167,-83.5333,NAE-USA,North,West
46.1,-123.2,NAW-USA,North,West
42.5333,-83.1333,NAE-CAN,North,West
40.3,-78.45,NAE-USA,North,West
34.8667,-83.4,NAE-USA,North,West
39.0333,-122.6667,NAW-USA,North,West
39.9167,-78.3833,NAE-USA,North,West
45.4167,-94.05,NAE-CAN,North,West
38.4833,-81.3333,NAE-USA,North,West
43.0,-91.65,NAE-CAN,North,West
38.6833,-94.6,NAE-USA,North,West
41.5,-81.6667,NAE-CAN,North,West
41.6667,-75.55,NAE-USA,North,West
35.3833,-87.9833,NAE-USA,North,West
39.3667,-106.1667,NAW-USA,North,West
32.4167,-83.6333,NAE-USA,North,West
30.85,-91.0,NAE-USA,North,West
38.3667,-93.7833,NAE-USA,North,West
42.55,-88.8667,NAE-CAN,North,West
35.1167,-81.2333,NAE-USA,North,West
44.0333,-87.7,NAE-CAN,North,West
38.8,-123.0167,NAW-USA,North,West
29.0167,-95.4,NAE-GUS,North,West
40.0667,-79.9,NAE-USA,North,West
41.4167,-90.45,NAE-CAN,North,West
36.0167,-84.4167,NAE-USA,North,West
37.5,-76.3833,NAE-USA,North,West
32.1,-109.9167,NAW-USA,North,West
41.5167,-80.05,NAE-USA,North,West
32.7333,-96.8833,NAE-USA,North,West
25.7167,-80.25,NAE-GUS,North,West
42.0667,-110.2667,NAW-USA,North,West
40.8667,-73.45,NAE-USA,North,West
32.7,-89.2,NAE-USA,North,West
42.6333,-91.2,NAE-CAN,North,West
36.1,-80.0,NAE-USA,North,West
37.9,-121.1333,NAW-USA,North,West
40.9333,-75.1,NAE-USA,North,West
48.3667,-114.1667,NAW-CAN,North,West
34.2,-83.45,NAE-USA,North,West
42.5667,-83.4833,NAE-CAN,North,West
32.1333,-84.3667,NAE-USA,North,West
31.0,-83.8667,NAE-USA,North,West
36.9,-95.9333,NAE-USA,North,West
34.7167,-111.9167,NAW-USA,North,West
36.3833,-75.8333,NAE-USA,North,West
32.6833,-117.1667,NAW-USA,North,West
36.9833,-121.8,NAW-USA,North,West
38.9667,-85.95,NAE-USA,North,West
42.6833,-82.5333,NAE-CAN,North,West
38.6667,-96.5,NAE-USA,North,West
38.3667,-76.3833,NAE-USA,North,West
46.6667,-120.7,NAW-CAN,North,West
42.35,-73.8,NAE-USA,North,West
40.85,-99.9833,NAW-USA,North,West
35.2333,-81.0667,NAE-USA,North,West
36.1167,-78.6833,NAE-USA,North,West
40.6667,-79.1833,NAE-USA,North,West
35.5167,-120.5167,NAW-USA,North,West
38.15,-78.85,NAE-USA,North,West
41.6,-72.65,NAE-USA,North,West
41.2,-73.8833,NAE-USA,North,West
40.7333,-74.05,NAE-USA,North,West
36.9667,-82.9833,NAE-USA,North,West
36.3833,-87.6167,NAE-USA,North,West
39.2167,-76.5833,NAE-USA,North,West
38.5333,-75.2333,NAE-USA,North,West
44.2667,-88.6667,NAE-CAN,North,West
41.6833,-93.95,NAE-USA,North,West
35.3667,-92.4,NAE-USA,North,West
43.25,-89.5,NAE-CAN,North,West
30.6,-87.9,NAE-USA,North,West
42.6,-88.7,NAE-CAN,North,West
40.3667,-76.9167,NAE-USA,North,West
39.1167,-84.4667,NAE-USA,North,West
30.7167,-86.1,NAE-USA,North,West
44.45,-88.05,NAE-CAN,North,West
45.9833,-83.9,NAE-CAN,North,West
40.3833,-96.9167,NAE-USA,North,West
36.2333,-81.5,NAE-USA,North,West
38.5167,-122.4667,NAW-USA,North,West
42.15,-88.0833,NAE-CAN,North,West
46.4667,-93.8833,NAE-CAN,North,West
41.9167,-88.75,NAE-CAN,North,West
37.6833,-106.35,NAW-USA,North,West
39.5667,-75.5833,NAE-USA,North,West
42.4833,-78.4833,NAE-CAN,North,West
42.2833,-74.9333,NAE-USA,North,West
40.4,-79.5667,NAE-USA,North,West
33.4333,-85.6833,NAE-USA,North,West
41.3167,-89.3,NAE-CAN,North,West
30.45,-93.4167,NAE-GUS,North,West
40.1333,-97.7167,NAE-USA,North,West
41.2,-83.8833,NAE-USA,North,West
34.0167,-88.1667,NAE-USA,North,West
42.3167,-83.0333,NAE-CAN,North,West
42.55,-71.5667,NAE-CAN,North,West
41.7667,-110.5333,NAW-USA,North,West
36.0667,-87.3833,NAE-USA,North,West
38.85,-76.8833,NAE-USA,North,West
43.1,-74.7667,NAE-USA,North,West
37.4667,-108.5,NAW-USA,North,West
31.0333,-84.8667,NAE-USA,North,West
36.6167,-90.8167,NAE-USA,North,West
42.2833,-71.0667,NAE-CAN,North,West
42.6333,-86.2,NAE-CAN,North,West
38.4333,-120.85,NAW-USA,North,West
42.4833,-79.2667,NAE-CAN,North,West
38.35,-79.8667,NAE-USA,North,West
29.0333,-82.45,NAE-GUS,North,West
38.5,-90.2,NAE-USA,North,West
40.3667,-79.85,NAE-USA,North,West
38.6,-90.9833,NAE-USA,North,West
42.05,-70.6667,NAE-CAN,North,West
35.3,-98.55,NAE-USA,North,West
35.1833,-81.5333,NAE-USA,North,West
40.6667,-87.4,NAE-CAN,North,West
37.2667,-87.5,NAE-USA,North,West
42.4667,-91.2667,NAE-CAN,North,West
42.8833,-77.4333,NAE-CAN,North,West
42.4833,-90.6333,NAE-CAN,North,West
40.8167,-80.6333,NAE-USA,North,West
41.5667,-70.55,NAE-CAN,North,West
41.7667,-70.95,NAE-CAN,North,West
40.4333,-74.1167,NAE-USA,North,West
41.65,-81.45,NAE-CAN,North,West
42.9667,-85.2167,NAE-CAN,North,West
44.7333,-67.3833,NAE-CAN,North,West
40.7667,-74.2,NAE-USA,North,West
40.8333,-80.5333,NAE-USA,North,West
37.75,-82.7833,NAE-USA,North,West
40.9333,-73.1,NAE-USA,North,West
42.7833,-88.4,NAE-CAN,North,West
42.15,-71.2,NAE-CAN,North,West
41.9167,-72.55,NAE-CAN,North,West
44.9,-66.9833,NAE-CAN,North,West
44.8167,-68.6833,NAE-CAN,North,West
37.0833,-88.0667,NAE-USA,North,West
44.7,-72.5333,NAE-CAN,North,West
45.3167,-94.5333,NAE-CAN,North,West
41.3833,-70.5167,NAE-CAN,North,West
39.2333,-76.45,NAE-USA,North,West
41.8667,-80.1167,NAE-USA,North,West
39.3333,-101.5333,NAW-USA,North,West
29.1833,-96.2667,NAE-GUS,North,West
38.6667,-121.0667,NAW-USA,North,West
39.2167,-104.5333,NAW-USA,North,West
38.5333,-81.9333,NAE-USA,North,West
21.9167,-159.5833,NAW-USA,North,West
37.3,-85.2833,NAE-USA,North,West
45.3,-93.5667,NAE-CAN,North,West
34.9167,-86.9667,NAE-USA,North,West
36.8,-87.15,NAE-USA,North,West
44.2333,-96.4833,NAE-CAN,North,West
32.1167,-81.4833,NAE-USA,North,West
32.2333,-84.3,NAE-USA,North,West
35.3167,-81.75,NAE-USA,North,West
33.6,-84.2833,NAE-USA,North,West
39.2333,-86.6167,NAE-USA,North,West
41.9,-72.4667,NAE-CAN,North,West
40.85,-80.25,NAE-USA,North,West
34.4167,-119.8833,NAW-USA,North,West
39.5833,-75.1667,NAE-USA,North,West
40.7,-73.7,NAE-USA,North,West
43.7333,-90.2667,NAE-CAN,North,West
43.6,-97.6167,NAE-CAN,North,West
39.2833,-120.6667,NAW-USA,North,West
43.1167,-94.6833,NAE-CAN,North,West
32.8667,-95.75,NAE-USA,North,West
29.3833,-89.6,NAE-USA,North,West
39.7667,-75.0,NAE-USA,North,West
40.05,-105.05,NAW-USA,North,West
42.1,-77.1333,NAE-CAN,North,West
26.4333,-81.8167,NAE-GUS,North,West
36.0167,-101.9833,NAW-USA,North,West
33.1,-91.25,NAE-USA,North,West
37.9667,-87.55,NAE-USA,North,West
39.25,-84.4167,NAE-USA,North,West
40.2667,-74.8,NAE-USA,North,West
39.3333,-94.2167,NAE-USA,North,West
38.5833,-120.65,NAW-USA,North,West
38.6333,-90.0833,NAE-USA,North,West
41.0167,-79.3167,NAE-USA,North,West
41.55,-88.05,NAE-CAN,North,West
34.4333,-84.7,NAE-USA,North,West
41.75,-81.2667,NAE-CAN,North,West
39.3667,-75.2167,NAE-USA,North,West
32.5,-97.8,NAE-USA,North,West
40.05,-95.6,NAE-USA,North,West
36.6667,-88.5167,NAE-USA,North,West
41.9167,-77.2333,NAE-USA,North,West
34.2667,-116.9333,NAW-USA,North,West
27.7667,-80.6,NAE-GUS,North,West
38.7333,-90.3,NAE-USA,North,West
30.6667,-81.45,NAE-USA,North,West
31.6167,-91.55,NAE-USA,North,West
38.5,-120.75,NAW-USA,North,West
25.7667,-80.1333,NAE-GUS,North,West
41.5333,-73.9,NAE-USA,North,West
29.4667,-81.1167,NAE-GUS,North,West
30.0833,-81.7167,NAE-USA,North,West
46.9333,-92.9,NAE-CAN,North,West
34.7833,-87.6667,NAE-USA,North,West
38.3833,-105.1333,NAW-USA,North,West
25.45,-80.4833,NAE-GUS,North,West
40.3667,-89.8333,NAE-USA,North,West
43.8167,-73.05,NAE-CAN,North,West
39.8667,-121.6667,NAW-USA,North,West
38.4667,-122.8833,NAW-USA,North,West
33.0333,-83.9333,NAE-USA,North,West
42.9333,-88.8333,NAE-CAN,North,West
41.45,-96.0167,NAE-USA,North,West
30.5833,-103.8833,NAW-USA,North,West
26.1167,-80.1333,NAE-GUS,North,West
40.0833,-104.8,NAW-USA,North,West
40.3167,-74.0333,NAE-USA,North,West
40.4,-84.7667,NAE-USA,North,West
44.9,-93.1667,NAE-CAN,North,West
35.4333,-78.4167,NAE-USA,North,West
43.55,-88.9,NAE-CAN,North,West
40.9833,-86.8667,NAE-CAN,North,West
44.6333,-86.2333,NAE-CAN,North,West
38.6333,-82.8333,NAE-USA,North,West
40.1167,-82.1167,NAE-CAN,North,West
40.3,-75.5167,NAE-USA,North,West
38.3031837,-77.4605399,NAE-USA,North,West
40.6833,-80.25,NAE-USA,North,West
48.0,-122.5333,NAW-CAN,North,West
30.4833,-86.1333,NAE-USA,North,West
40.5167,-75.05,NAE-USA,North,West
43.9833,-69.3333,NAE-CAN,North,West
38.3167,-75.6167,NAE-USA,North,West
41.4167,-72.0833,NAE-CAN,North,West
41.7167,-77.6333,NAE-CAN,North,West
40.7333,-82.7833,NAE-CAN,North,West
45.6,-111.2167,NAW-USA,North,West
35.3167,-89.6,NAE-USA,North,West
43.1833,-73.65,NAE-CAN,North,West
40.1000828,-123.79492,NAW-USA,North,West
44.5,-114.2167,NAW-USA,North,West
38.85,-120.85,NAW-USA,North,West
32.0167,-102.3667,NAW-USA,North,West
41.6667,-74.15,NAE-USA,North,West
43.1,-93.6,NAE-CAN,North,West
35.7,-78.6,NAE-USA,North,West
41.3333,-85.1333,NAE-USA,North,West
41.3833,-73.9333,NAE-USA,North,West
32.0167,-94.3667,NAE-GUS,North,West
41.4333,-90.15,NAE-CAN,North,West
38.7333,-85.05,NAE-USA,North,West
40.45,-88.3667,NAE-CAN,North,West
36.45,-89.9167,NAE-USA,North,West
42.3167,-72.2,NAE-CAN,North,West
45.4833,-90.5833,NAE-CAN,North,West
34.1425078,-118.255075,NAW-USA,North,West
41.9,-88.0667,NAE-CAN,North,West
38.9667,-76.8,NAE-USA,North,West
31.9333,-81.9167,NAE-USA,North,West
34.1333,-85.1667,NAE-USA,North,West
46.1333,-90.6,NAE-CAN,North,West
40.8167,-97.2167,NAE-USA,North,West
40.95,-117.4833,NAW-USA,North,West
45.8167,-120.8167,NAW-USA,North,West
31.4333,-98.5667,NAE-GUS,North,West
37.6833,-77.8833,NAE-USA,North,West
29.9833,-90.4,NAE-GUS,North,West
36.8333,-87.0167,NAE-USA,North,West
40.0167,-76.1333,NAE-USA,North,West
39.25,-78.3167,NAE-USA,North,West
41.4,-74.3167,NAE-USA,North,West
39.35,-86.6667,NAE-USA,North,West
41.2,-84.9667,NAE-USA,North,West
42.9167,-83.6167,NAE-CAN,North,West
38.7167,-90.1167,NAE-USA,North,West
46.9833,-123.95,NAW-CAN,North,West
33.8833,-83.95,NAE-USA,North,West
44.5167,-88.0167,NAE-CAN,North,West
43.6333,-75.8833,NAE-CAN,North,West
41.1,-72.3667,NAE-USA,North,West
41.3167,-75.3,NAE-USA,North,West
39.9167,-81.4667,NAE-USA,North,West
39.0667,-121.8833,NAW-USA,North,West
41.5833,-71.9167,NAE-CAN,North,West
35.1167,-120.6167,NAW-USA,North,West
29.9333,-93.9167,NAE-GUS,North,West
33.45,-82.15,NAE-USA,North,West
44.5667,-71.5667,NAE-CAN,North,West
40.7833,-74.0,NAE-USA,North,West
35.3167,-92.3333,NAE-USA,North,West
39.65,-106.95,NAW-USA,North,West
46.9333,-94.5167,NAE-CAN,North,West
39.9,-85.1667,NAE-USA,North,West
37.09024,-95.712891,NAE-USA,North,West
21.5833,-158.1,NAW-USA,North,West
36.1333,-88.1667,NAE-USA,North,West
41.9667,-75.75,NAE-USA,North,West
43.9167,-112.2,NAW-USA,North,West
36.9667,-76.35,NAE-USA,North,West
39.7,-78.1833,NAE-USA,North,West
43.85,-82.65,NAE-CAN,North,West
45.4333,-84.9833,NAE-CAN,North,West
43.7667,-96.1833,NAE-CAN,North,West
43.4333,-95.4167,NAE-CAN,North,West
44.2667,-123.1667,NAW-USA,North,West
38.85,-76.6167,NAE-USA,North,West
41.9667,-87.8,NAE-CAN,North,West
40.85,-74.0667,NAE-USA,North,West
42.6333,-85.2833,NAE-CAN,North,West
47.6333,-97.45,NAE-CAN,North,West
34.8833,-76.9167,NAE-USA,North,West
37.9,-86.75,NAE-USA,North,West
28.75,-81.8667,NAE-GUS,North,West
40.1667,-97.6,NAE-USA,North,West
42.5,-76.8667,NAE-CAN,North,West
34.7,-83.7167,NAE-USA,North,West
44.5167,-93.9,NAE-CAN,North,West
38.2667,-90.3833,NAE-USA,North,West
38.0167,-122.2833,NAW-USA,North,West
38.7,-91.4333,NAE-USA,North,West
40.65,-73.6833,NAE-USA,North,West
42.55,-113.75,NAW-USA,North,West
36.5667,-89.1833,NAE-USA,North,West
33.1167,-97.0333,NAE-USA,North,West
38.45,-90.5333,NAE-USA,North,West
47.25,-109.35,NAW-CAN,North,West
41.1167,-111.9833,NAW-USA,North,West
37.4,-120.8333,NAW-USA,North,West
41.0,-74.1,NAE-USA,North,West
38.5167,-98.7667,NAE-USA,North,West
42.7833,-86.1,NAE-CAN,North,West
36.6167,-93.2,NAE-USA,North,West
40.2,-78.9167,NAE-USA,North,West
41.5167,-73.6333,NAE-USA,North,West
42.6333,-76.1667,NAE-USA,North,West
21.3,-157.85,NAW-USA,North,West
47.4,-123.1333,NAW-CAN,North,West
36.85,-101.2,NAW-USA,North,West
43.1,-71.4667,NAE-CAN,North,West
41.15,-112.1167,NAW-USA,North,West
42.3333,-91.2333,NAE-CAN,North,West
38.4,-90.5667,NAE-USA,North,West
29.75,-95.35,NAE-GUS,North,West
40.6333,-74.1833,NAE-USA,North,West
47.5167,-92.1167,NAE-CAN,North,West
39.8333,-84.1167,NAE-USA,North,West
28.35,-82.7,NAE-GUS,North,West
41.5167,-85.0667,NAE-USA,North,West
33.0833,-79.8,NAE-USA,North,West
41.2833,-76.7167,NAE-USA,North,West
41.4167,-74.6333,NAE-USA,North,West
29.4,-96.0833,NAE-GUS,North,West
42.4667,-83.1667,NAE-CAN,North,West
37.7167,-93.35,NAE-USA,North,West
33.8833,-94.8167,NAE-USA,North,West
39.25,-119.9833,NAW-USA,North,West
28.0833,-80.5667,NAE-GUS,North,West
39.7833,-74.7333,NAE-USA,North,West
42.1667,-73.3333,NAE-USA,North,West
28.5667,-80.8,NAE-GUS,North,West
27.8667,-97.2,NAE-GUS,North,West
42.7833,-112.25,NAW-USA,North,West
28.8354507,-82.3313955,NAE-GUS,North,West
37.6833,-83.9667,NAE-USA,North,West
46.1333,-93.4833,NAE-CAN,North,West
34.8,-88.1833,NAE-USA,North,West
36.3167,-84.1833,NAE-USA,North,West
37.55,-83.3667,NAE-USA,North,West
42.3,-122.95,NAW-USA,North,West
59.45,-151.5167,NAW-CAN,North,West
37.7,-76.6833,NAE-USA,North,West
40.35,-74.4333,NAE-USA,North,West
40.95,-72.5833,NAE-USA,North,West
42.6667,-89.0167,NAE-CAN,North,West
44.5,-70.2167,NAE-CAN,North,West
40.2833,-79.9167,NAE-USA,North,West
37.9667,-83.8333,NAE-USA,North,West
36.0167,-95.9667,NAE-USA,North,West
40.0333,-74.6833,NAE-USA,North,West
28.6667,-80.7,NAE-GUS,North,West
42.3833,-88.25,NAE-CAN,North,West
36.1333,-94.1667,NAE-USA,North,West
44.5167,-67.6167,NAE-CAN,North,West
35.2667,-91.6333,NAE-USA,North,West
58.608,-154.028,NAW-CAN,North,West
21.6667,-157.95,NAW-USA,North,West
20.8833,-156.4667,NAW-USA,North,West
21.4,-157.7333,NAW-USA,North,West
39.1,-94.5667,NAE-USA,North,West
43.65,-83.9333,NAE-CAN,North,West
41.0333,-111.9333,NAW-USA,North,West
42.6,-83.3333,NAE-CAN,North,West
42.95,-78.8667,NAE-CAN,North,West
37.9,-122.2667,NAW-USA,North,West
39.2106145,-84.3671619,NAE-USA,North,West
35.1667,-94.9167,NAE-USA,North,West
41.45,-92.2333,NAE-USA,North,West
43.6667,-114.35,NAW-USA,North,West
44.45,-87.5,NAE-CAN,North,West
47.7,-122.6167,NAW-CAN,North,West
39.6333,-77.25,NAE-USA,North,West
20.7833,-156.45,NAW-USA,North,West
36.6333,-93.4167,NAE-USA,North,West
37.6833,-77.0,NAE-USA,North,West
39.35,-84.25,NAE-USA,North,West
38.5833,-90.4,NAE-USA,North,West
51.9667,177.5667,NAE-GRL,North,East
51.95,177.55,NAE-GRL,North,East
43.0833,-70.7333,NAE-CAN,North,West
36.0667,-75.7,NAE-USA,North,West
38.7667,-93.55,NAE-USA,North,West
34.9667,-96.75,NAE-USA,North,West
40.8333,-80.3167,NAE-USA,North,West
51.8667,-176.5667,NAW-USA,North,West
40.05,-91.5,NAE-USA,North,West
34.25,-117.6333,NAW-USA,North,West
45.45,-91.1,NAE-CAN,North,West
45.2333,-123.1,NAW-USA,North,West
33.0333,-85.0167,NAE-USA,North,West
38.0,-122.7,NAW-USA,North,West
34.25,-117.1833,NAW-USA,North,West
33.6667,-117.3333,NAW-USA,North,West
27.8833,-81.75,NAE-GUS,North,West
43.4333,-73.7167,NAE-CAN,North,West
41.6833,-74.9833,NAE-USA,North,West
42.7833,-83.2333,NAE-CAN,North,West
32.8,-91.1667,NAE-USA,North,West
38.7833,-90.7833,NAE-USA,North,West
34.3167,-78.5,NAE-USA,North,West
40.8833,-122.3833,NAW-USA,North,West
40.0378755,-76.3055144,NAE-USA,North,West
40.9,-74.65,NAE-USA,North,West
38.2333,-85.9833,NAE-USA,North,West
32.85,-85.1833,NAE-USA,North,West
38.55,-75.5667,NAE-USA,North,West
40.3833,-75.9167,NAE-USA,North,West
39.4667,-82.7333,NAE-USA,North,West
40.45,-74.2333,NAE-USA,North,West
40.6167,-73.7167,NAE-USA,North,West
39.6833,-123.4667,NAW-USA,North,West
44.45,-93.9,NAE-CAN,North,West
29.5,-95.0833,NAE-GUS,North,West
34.8333,-118.85,NAW-USA,North,West
37.4667,-86.2833,NAE-USA,North,West
34.25,-78.0333,NAE-USA,North,West
38.5333,-90.2667,NAE-USA,North,West
55.1167,-162.4167,NAW-USA,North,West
40.85,-73.9833,NAE-USA,North,West
40.1833,-83.0,NAE-USA,North,West
37.9333,-86.9,NAE-USA,North,West
39.0167,-92.4833,NAE-USA,North,West
39.2333,-94.4167,NAE-USA,North,West
26.2667,-80.0833,NAE-GUS,North,West
34.7800072,-86.9423801,NAE-USA,North,West
44.9667,-124.0167,NAW-USA,North,West
46.9667,-118.6,NAW-CAN,North,West
40.7,-73.9167,NAE-USA,North,West
38.0333,-92.7,NAE-USA,North,West
45.6,-122.7833,NAW-USA,North,West
45.15,-93.1333,NAE-CAN,North,West
44.2833,-68.6833,NAE-CAN,North,West
42.0167,-78.2,NAE-CAN,North,West
39.25,-81.7,NAE-USA,North,West
33.8667,-78.6167,NAE-USA,North,West
34.5167,-117.9667,NAW-USA,North,West
34.5,-117.8167,NAW-USA,North,West
40.3833,-74.0333,NAE-USA,North,West
42.6,-76.8167,NAE-CAN,North,West
39.7833,-75.35,NAE-USA,North,West
28.8333,-96.5333,NAE-GUS,North,West
33.7667,-118.1833,NAW-USA,North,West
40.3,-74.0,NAE-USA,North,West
39.4833,-81.0833,NAE-USA,North,West
27.4,-82.65,NAE-GUS,North,West
42.05,-72.5833,NAE-CAN,North,West
28.8833,-90.0167,NAE-GUS,North,West
40.5,-78.6167,NAE-USA,North,West
34.8,-106.7167,NAW-USA,North,West
35.6167,-119.6833,NAW-USA,North,West
42.7,-73.75,NAE-USA,North,West
28.8833,-90.0167,NAE-GUS,North,West
41.2833,-98.9667,NAE-USA,North,West
42.3167,-89.05,NAE-CAN,North,West
39.2667,-77.6333,NAE-USA,North,West
46.05,-118.5833,NAW-USA,North,West
36.25,-94.1167,NAE-USA,North,West
44.85,-66.9833,NAE-CAN,North,West
34.3833,-83.65,NAE-USA,North,West
44.4167,-84.0167,NAE-CAN,North,West
28.15,-82.45,NAE-GUS,North,West
34.4,-85.4,NAE-USA,North,West
45.6833,-121.2833,NAW-USA,North,West
35.9167,-87.3333,NAE-USA,North,West
30.2333,-85.65,NAE-USA,North,West
42.5333,-71.0333,NAE-CAN,North,West
36.9333,-76.1,NAE-USA,North,West
37.7667,-81.2,NAE-USA,North,West
46.2,-119.9833,NAW-USA,North,West
42.3333,-89.05,NAE-CAN,North,West
47.6333,-122.2667,NAW-CAN,North,West
30.4,-90.1667,NAE-USA,North,West
47.35,-120.1833,NAW-CAN,North,West
47.8,-122.1,NAW-CAN,North,West
40.1167,-74.0333,NAE-USA,North,West
47.55,-122.5333,NAW-CAN,North,West
40.8,-73.7,NAE-USA,North,West
43.0333,-74.7833,NAE-USA,North,West
43.7167,-76.0667,NAE-CAN,North,West
39.7833,-75.1667,NAE-USA,North,West
43.1167,-89.3667,NAE-CAN,North,West
43.9167,-93.95,NAE-CAN,North,West
42.5,-70.85,NAE-CAN,North,West
39.8167,-75.4167,NAE-USA,North,West
43.1667,-75.2833,NAE-USA,North,West
39.9667,-85.6,NAE-USA,North,West
43.0333,-85.8167,NAE-CAN,North,West
41.3167,-88.7,NAE-CAN,North,West
35.7833,-82.6833,NAE-USA,North,West
40.4,-74.2167,NAE-USA,North,West
38.0167,-86.2,NAE-USA,North,West
42.25,-79.5,NAE-CAN,North,West
47.05,-123.25,NAW-CAN,North,West
36.1,-87.6167,NAE-USA,North,West
43.0167,-89.3,NAE-CAN,North,West
40.45,-80.05,NAE-USA,North,West
36.1,-79.65,NAE-USA,North,West
43.6167,-85.2167,NAE-CAN,North,West
42.2667,-83.1667,NAE-CAN,North,West
42.9833,-77.5,NAE-CAN,North,West
41.35,-70.7667,NAE-CAN,North,West
34.5667,-85.5833,NAE-USA,North,West
32.7667,-91.7833,NAE-USA,North,West
29.9167,-89.9333,NAE-USA,North,West
43.6667,-71.5,NAE-CAN,North,West
39.8333,-90.5667,NAE-USA,North,West
44.65,-70.5333,NAE-CAN,North,West
25.7833,-80.1333,NAE-GUS,North,West
25.9667,-80.2,NAE-GUS,North,West
25.85,-80.1833,NAE-GUS,North,West
39.6333,-84.2833,NAE-USA,North,West
40.8833,-72.9333,NAE-USA,North,West
39.4333,-77.5333,NAE-USA,North,West
34.7167,-77.3333,NAE-USA,North,West
34.2333,-96.5333,NAE-USA,North,West
39.1667,-84.2833,NAE-USA,North,West
47.85,-122.2,NAW-CAN,North,West
30.4667,-96.2,NAE-GUS,North,West
33.55,-88.0667,NAE-USA,North,West
38.8833,-81.8667,NAE-USA,North,West
44.6333,-73.1167,NAE-CAN,North,West
28.6667,-80.85,NAE-GUS,North,West
40.2833,-75.9833,NAE-USA,North,West
33.0167,-84.5,NAE-USA,North,West
44.8333,-123.2167,NAW-USA,North,West
40.3167,-73.9667,NAE-USA,North,West
44.25,-72.05,NAE-CAN,North,West
36.6,-121.9,NAW-USA,North,West
40.8833,-92.8,NAE-USA,North,West
36.8333,-89.6833,NAE-USA,North,West
41.4333,-81.4167,NAE-CAN,North,West
39.4167,-89.45,NAE-USA,North,West
41.55,-91.1,NAE-USA,North,West
45.6833,-121.3833,NAW-USA,North,West
44.7833,-89.7,NAE-CAN,North,West
39.2,-119.6667,NAW-USA,North,West
40.7833,-76.4,NAE-USA,North,West
35.2,-80.0,NAE-USA,North,West
40.1167,-77.1833,NAE-USA,North,West
42.75,-78.8833,NAE-CAN,North,West
45.1833,-88.4667,NAE-CAN,North,West
47.95,-122.3,NAW-CAN,North,West
42.8667,-88.3333,NAE-CAN,North,West
35.4,-94.5833,NAE-USA,North,West
40.9167,-96.2667,NAE-USA,North,West
35.0833,-84.0333,NAE-USA,North,West
40.4167,-79.6833,NAE-USA,North,West
43.2167,-86.2333,NAE-CAN,North,West
41.35,-71.95,NAE-CAN,North,West
46.7167,-120.6833,NAW-CAN,North,West
42.5,-73.6,NAE-USA,North,West
42.2833,-71.35,NAE-CAN,North,West
30.4,-86.85,NAE-USA,North,West
21.9667,-159.3667,NAW-USA,North,West
44.0333,-90.0667,NAE-CAN,North,West
39.8333,-78.1333,NAE-USA,North,West
37.4167,-95.6667,NAE-USA,North,West
41.2833,-89.7833,NAE-CAN,North,West
40.2,-74.0167,NAE-USA,North,West
34.8667,-90.0,NAE-USA,North,West
41.6333,-70.9333,NAE-CAN,North,West
38.7167,-92.0833,NAE-USA,North,West
31.3833,-85.9167,NAE-USA,North,West
30.15,-95.2,NAE-GUS,North,West
39.3667,-107.15,NAW-USA,North,West
41.0333,-76.8667,NAE-USA,North,West
40.1667,-78.4,NAE-USA,North,West
43.55,-86.3333,NAE-CAN,North,West
39.7333,-76.7,NAE-USA,North,West
38.6,-91.2167,NAE-USA,North,West
42.5,-83.6,NAE-CAN,North,West
42.7333,-71.85,NAE-CAN,North,West
43.8667,-90.15,NAE-CAN,North,West
41.0833,-82.4,NAE-CAN,North,West
36.5833,-89.5167,NAE-USA,North,West
39.6333,-80.8667,NAE-USA,North,West
37.35,-76.2833,NAE-USA,North,West
40.6833,-74.4,NAE-USA,North,West
29.0333,-80.9333,NAE-GUS,North,West
40.6667,-75.75,NAE-USA,North,West
40.7,-74.0,NAE-USA,North,West
40.7333,-74.1667,NAE-USA,North,West
42.8,-70.8667,NAE-CAN,North,West
44.0333,-69.5333,NAE-CAN,North,West
43.2833,-78.7167,NAE-CAN,North,West
44.8333,-69.2833,NAE-CAN,North,West
41.4901024,-71.3128285,NAE-CAN,North,West
33.6167,-117.9167,NAW-USA,North,West
36.9667,-76.4167,NAE-USA,North,West
40.4667,-77.1167,NAE-USA,North,West
40.1167,-74.9,NAE-USA,North,West
31.5167,-82.6333,NAE-USA,North,West
42.75,-98.0167,NAE-USA,North,West
41.9333,-76.1333,NAE-USA,North,West
38.6833,-77.5667,NAE-USA,North,West
37.35,-80.7,NAE-USA,North,West
38.95,-86.2667,NAE-USA,North,West
33.4667,-81.9833,NAE-USA,North,West
25.8333,-80.15,NAE-GUS,North,West
38.7,-76.5167,NAE-USA,North,West
41.9833,-71.8833,NAE-CAN,North,West
43.5833,-72.35,NAE-CAN,North,West
29.9167,-95.5,NAE-GUS,North,West
25.8833,-80.1833,NAE-GUS,North,West
44.2667,-70.0167,NAE-CAN,North,West
43.1833,-76.8833,NAE-CAN,North,West
41.3,-81.7167,NAE-CAN,North,West
42.5167,-96.4667,NAE-USA,North,West
38.9833,-74.8167,NAE-USA,North,West
44.0167,-71.6833,NAE-CAN,North,West
42.3333,-72.6333,NAE-CAN,North,West
45.1167,-85.6167,NAE-CAN,North,West
43.15,-86.25,NAE-CAN,North,West
42.15,-70.7833,NAE-CAN,North,West
39.8833,-75.3,NAE-USA,North,West
44.05,-123.4333,NAW-USA,North,West
41.0833,-73.9167,NAE-USA,North,West
41.45,-70.5667,NAE-CAN,North,West
38.9833,-77.4,NAE-USA,North,West
41.8833,-87.7833,NAE-CAN,North,West
35.2167,-80.3167,NAE-USA,North,West
41.5833,-73.0833,NAE-USA,North,West
41.2833,-82.2167,NAE-CAN,North,West
36.25,-89.1833,NAE-USA,North,West
39.9167,-74.1333,NAE-USA,North,West
40.3167,-74.0167,NAE-USA,North,West
35.1167,-84.7167,NAE-USA,North,West
45.25,-96.3167,NAE-CAN,North,West
41.2833,-89.05,NAE-CAN,North,West
43.25,-70.6,NAE-CAN,North,West
35.7167,-97.9667,NAE-USA,North,West
42.7167,-84.4167,NAE-CAN,North,West
40.8167,-73.6,NAE-USA,North,West
38.0333,-122.2333,NAW-USA,North,West
38.65,-90.3667,NAE-USA,North,West
34.1833,-102.1333,NAW-USA,North,West
41.4667,-75.6,NAE-USA,North,West
42.0167,-96.0833,NAE-USA,North,West
40.75,-82.5833,NAE-CAN,North,West
46.8667,-89.2833,NAE-CAN,North,West
35.0667,-85.05,NAE-USA,North,West
30.2833,-87.5667,NAE-USA,North,West
48.5978797,-122.9446258,NAW-CAN,North,West
34.85,-120.4333,NAW-USA,North,West
41.6333,-83.4833,NAE-CAN,North,West
47.6167,-120.2167,NAW-CAN,North,West
38.05,-93.7,NAE-USA,North,West
39.2,-95.3,NAE-USA,North,West
41.6333,-70.3833,NAE-CAN,North,West
43.45,-76.5,NAE-CAN,North,West
41.75,-83.7333,NAE-CAN,North,West
40.4667,-75.1667,NAE-USA,North,West
46.3167,-120.0833,NAW-CAN,North,West
28.6667,-81.2,NAE-GUS,North,West
37.0833,-88.6167,NAE-USA,North,West
38.6833,-90.3,NAE-USA,North,West
28.9833,-81.5333,NAE-GUS,North,West
42.9167,-74.5667,NAE-USA,North,West
40.4167,-75.5333,NAE-USA,North,West
40.4667,-79.1667,NAE-USA,North,West
25.6167,-80.3167,NAE-GUS,North,West
32.7667,-98.2833,NAE-USA,North,West
37.25,-78.6667,NAE-USA,North,West
41.6833,-94.35,NAE-USA,North,West
35.2667,-111.95,NAW-USA,North,West
34.9,-79.0,NAE-USA,North,West
29.6833,-95.2,NAE-GUS,North,West
40.7667,-73.0167,NAE-USA,North,West
45.9333,-119.6,NAW-USA,North,West
39.75,-76.2667,NAE-USA,North,West
45.35,-89.0,NAE-CAN,North,West
41.0333,-72.45,NAE-USA,North,West
43.1333,-71.45,NAE-CAN,North,West
25.9833,-80.1667,NAE-GUS,North,West
39.1833,-121.1833,NAW-USA,North,West
38.2833,-122.65,NAW-USA,North,West
39.95,-75.05,NAE-USA,North,West
30.3333,-87.1333,NAE-USA,North,West
40.95,-74.2833,NAE-USA,North,West
31.5,-87.4833,NAE-USA,North,West
39.4667,-76.2,NAE-USA,North,West
42.8667,-71.95,NAE-CAN,North,West
44.5333,-123.35,NAW-USA,North,West
35.7833,-83.55,NAE-USA,North,West
46.3333,-94.4667,NAE-CAN,North,West
29.1833,-89.25,NAE-USA,North,West
31.8667,-86.9833,NAE-USA,North,West
41.1667,-104.0667,NAW-USA,North,West
41.6,-74.2833,NAE-USA,North,West
41.9667,-73.65,NAE-USA,North,West
44.4333,-90.1167,NAE-CAN,North,West
26.8333,-82.2667,NAE-GUS,North,West
58.35,-135.6333,NAW-CAN,North,West
41.5667,-85.0,NAE-USA,North,West
42.55,-87.9333,NAE-CAN,North,West
35.6333,-86.0333,NAE-USA,North,West
38.9,-123.6833,NAW-USA,North,West
34.45,-120.4667,NAW-USA,North,West
40.0833,-74.05,NAE-USA,North,West
38.0667,-122.8,NAW-USA,North,West
48.9833,-123.0667,NAW-CAN,North,West
47.7833,-122.4,NAW-CAN,North,West
41.0167,-80.6,NAE-USA,North,West
30.7167,-85.9333,NAE-USA,North,West
46.9667,-95.3833,NAE-CAN,North,West
30.4474878,-91.2073261,NAE-GUS,North,West
29.8833,-93.9167,NAE-GUS,North,West
47.6,-122.5,NAW-CAN,North,West
29.3667,-94.75,NAE-GUS,North,West
28.4,-80.6,NAE-GUS,North,West
38.05,-122.0167,NAW-USA,North,West
29.0,-89.1667,NAE-USA,North,West
39.3,-74.9667,NAE-USA,North,West
41.9,-73.9833,NAE-USA,North,West
29.1,-90.1833,NAE-GUS,North,West
47.85,-122.5833,NAW-CAN,North,West
48.0167,-122.75,NAW-CAN,North,West
34.1333,-119.1833,NAW-USA,North,West
42.9667,-82.4167,NAE-CAN,North,West
40.9333,-73.0667,NAE-USA,North,West
26.05,-80.1167,NAE-GUS,North,West
47.9167,-122.6833,NAW-CAN,North,West
61.2667,-149.9167,NAW-CAN,North,West
47.7,-122.5667,NAW-CAN,North,West
27.6333,-82.55,NAE-GUS,North,West
40.4333,-74.1,NAE-USA,North,West
40.8,-73.9167,NAE-USA,North,West
40.7833,-74.9,NAE-USA,North,West
40.6833,-74.1167,NAE-USA,North,West
30.05,-90.5,NAE-GUS,North,West
42.75,-124.5,NAW-USA,North,West
38.3,-78.8167,NAE-USA,North,West
39.9833,-75.1,NAE-USA,North,West
29.8,-85.3,NAE-GUS,North,West
35.1667,-120.75,NAW-USA,North,West
40.8167,-73.6833,NAE-USA,North,West
41.5833,-87.2,NAE-CAN,North,West
42.5667,-78.0333,NAE-CAN,North,West
33.5667,-83.8833,NAE-USA,North,West
27.8667,-97.3167,NAE-GUS,North,West
37.3833,-122.2333,NAW-USA,North,West
42.0333,-78.3333,NAE-CAN,North,West
41.2,-73.5667,NAE-USA,North,West
33.8,-95.5167,NAE-USA,North,West
36.15,-75.85,NAE-USA,North,West
37.5333,-77.9167,NAE-USA,North,West
43.2833,-89.7167,NAE-CAN,North,West
42.0833,-111.8667,NAW-USA,North,West
38.2333,-82.5833,NAE-USA,North,West
37.3,-78.55,NAE-USA,North,West
33.2333,-96.8,NAE-USA,North,West
47.8167,-122.4333,NAW-CAN,North,West
39.8833,-76.15,NAE-USA,North,West
33.1333,-94.15,NAE-USA,North,West
39.9167,-120.9167,NAW-USA,North,West
33.7333,-86.15,NAE-USA,North,West
33.95,-86.0333,NAE-USA,North,West
33.0167,-117.05,NAW-USA,North,West
33.7333,-116.4167,NAW-USA,North,West
36.35,-105.6,NAW-USA,North,West
38.3,-78.05,NAE-USA,North,West
42.4667,-73.8167,NAE-USA,North,West
32.2593146,-90.4225951,NAE-USA,North,West
39.0,-94.45,NAE-USA,North,West
40.8,-105.5833,NAW-USA,North,West
40.3667,-75.4833,NAE-USA,North,West
41.0,-95.2167,NAE-USA,North,West
39.25,-123.2,NAW-USA,North,West
37.4667,-80.3167,NAE-USA,North,West
48.9,-115.1667,NAW-CAN,North,West
41.0833,-78.8833,NAE-USA,North,West
41.9167,-73.9,NAE-USA,North,West
37.55,-77.45,NAE-USA,North,West
44.9167,-123.2167,NAW-USA,North,West
40.8833,-84.2,NAE-USA,North,West
44.8833,-89.4167,NAE-CAN,North,West
43.45,-89.2333,NAE-CAN,North,West
41.9167,-87.8333,NAE-CAN,North,West
29.95,-90.2,NAE-USA,North,West
37.7333,-120.9333,NAW-USA,North,West
45.6167,-122.7667,NAW-USA,North,West
41.3833,-73.1667,NAE-USA,North,West
41.7667,-71.35,NAE-CAN,North,West
38.2833,-78.2667,NAE-USA,North,West
41.65,-80.85,NAE-CAN,North,West
41.45,-74.1833,NAE-USA,North,West
39.5333,-91.0,NAE-USA,North,West
44.1833,-69.0833,NAE-CAN,North,West
37.7167,-77.6667,NAE-USA,North,West
34.8,-85.0167,NAE-USA,North,West
41.4667,-81.8333,NAE-CAN,North,West
38.0167,-122.25,NAW-USA,North,West
41.8333,-71.9,NAE-CAN,North,West
38.5667,-75.1,NAE-USA,North,West
43.2333,-70.8167,NAE-CAN,North,West
33.7333,-117.1667,NAW-USA,North,West
45.7333,-120.2,NAW-USA,North,West
41.0833,-81.2333,NAE-CAN,North,West
29.55,-95.8,NAE-GUS,North,West
41.5667,-74.0,NAE-USA,North,West
37.4167,-88.35,NAE-USA,North,West
42.7833,-73.9667,NAE-USA,North,West
43.5167,-96.55,NAE-CAN,North,West
32.9,-96.55,NAE-USA,North,West
33.0,-80.8,NAE-USA,North,West
39.85,-75.0667,NAE-USA,North,West
40.9667,-73.6833,NAE-USA,North,West
39.9,-95.8,NAE-USA,North,West
39.4833,-83.6333,NAE-USA,North,West
43.5,-70.45,NAE-CAN,North,West
38.5667,-121.4833,NAW-USA,North,West
41.0167,-72.3,NAE-USA,North,West
40.9167,-72.2833,NAE-USA,North,West
46.0833,-88.0667,NAE-CAN,North,West
38.3833,-81.8167,NAE-USA,North,West
38.7833,-90.5,NAE-USA,North,West
40.7167,-76.1833,NAE-USA,North,West
42.4833,-82.8833,NAE-CAN,North,West
44.0167,-69.1833,NAE-CAN,North,West
40.4167,-84.6333,NAE-USA,North,West
26.4833,-82.0833,NAE-GUS,North,West
30.0833,-81.5833,NAE-USA,North,West
43.0,-74.6833,NAE-USA,North,West
31.9167,-91.2333,NAE-USA,North,West
30.25,-91.2333,NAE-GUS,North,West
38.6167,-90.1833,NAE-USA,North,West
44.8333,-92.9833,NAE-CAN,North,West
27.7167,-82.7333,NAE-GUS,North,West
27.7667,-82.6833,NAE-GUS,North,West
39.9167,-77.7833,NAE-USA,North,West
40.7833,-124.2,NAW-USA,North,West
37.2,-105.55,NAW-USA,North,West
32.7,-117.15,NAW-USA,North,West
36.1167,-121.0167,NAW-USA,North,West
38.6167,-89.1167,NAE-USA,North,West
40.85,-73.7167,NAE-USA,North,West
41.4333,-82.7,NAE-CAN,North,West
33.9167,-84.3667,NAE-USA,North,West
43.6667,-84.3667,NAE-CAN,North,West
30.4,-86.2333,NAE-USA,North,West
33.95,-120.1,NAW-USA,North,West
33.4667,-80.4833,NAE-USA,North,West
42.9167,-85.2,NAE-CAN,North,West
27.3333,-82.5333,NAE-GUS,North,West
27.2167,-97.7833,NAE-GUS,North,West
47.0,-123.4667,NAW-CAN,North,West
35.2167,-88.2333,NAE-USA,North,West
40.45,-74.35,NAE-USA,North,West
42.4667,-90.25,NAE-CAN,North,West
44.7,-122.8333,NAW-USA,North,West
33.5833,-91.0667,NAE-USA,North,West
33.5,-111.8833,NAW-USA,North,West
37.7833,-78.4833,NAE-USA,North,West
40.8333,-73.6333,NAE-USA,North,West
37.6,-87.5167,NAE-USA,North,West
37.1167,-96.1833,NAE-USA,North,West
32.4073589,-87.0211007,NAE-USA,North,West
41.4667,-81.5333,NAE-CAN,North,West
30.45,-86.5833,NAE-USA,North,West
40.7833,-76.55,NAE-USA,North,West
44.45,-123.1,NAW-USA,North,West
41.1833,-97.4167,NAE-USA,North,West
45.3,-90.95,NAE-CAN,North,West
41.0667,-72.3333,NAE-USA,North,West
42.2333,-71.3667,NAE-CAN,North,West
38.65,-120.9167,NAW-USA,North,West
39.65,-74.1833,NAE-USA,North,West
30.2,-88.95,NAE-USA,North,West
40.7333,-74.3167,NAE-USA,North,West
37.6167,-82.35,NAE-USA,North,West
37.15,-120.2833,NAW-USA,North,West
37.1667,-90.4667,NAE-USA,North,West
39.0333,-84.3833,NAE-USA,North,West
45.0,-122.7667,NAW-USA,North,West
28.0333,-97.5,NAE-GUS,North,West
44.2833,-121.5333,NAW-USA,North,West
64.4833,-166.2,NAW-USA,North,West
33.35,-92.7167,NAE-USA,North,West
47.5333,-116.1667,NAW-CAN,North,West
40.15,-79.7333,NAE-USA,North,West
48.15,-122.1667,NAW-CAN,North,West
34.75,-76.5167,NAE-USA,North,West
47.3833,-119.4833,NAW-CAN,North,West
42.65,-111.6,NAW-USA,North,West
38.3167,-76.45,NAE-USA,North,West
41.7333,-71.1667,NAE-CAN,North,West
41.5833,-70.9333,NAE-CAN,North,West
41.6833,-72.5833,NAE-CAN,North,West
42.6,-70.8667,NAE-CAN,North,West
40.55,-111.9167,NAW-USA,North,West
41.4333,-71.5167,NAE-CAN,North,West
36.4333,-76.3167,NAE-USA,North,West
41.1833,-111.9667,NAW-USA,North,West
26.1,-97.15,NAE-GUS,North,West
44.8833,-93.05,NAE-CAN,North,West
40.7167,-111.8833,NAW-USA,North,West
42.1,-71.25,NAE-CAN,North,West
41.2333,-77.0,NAE-USA,North,West
41.6833,-72.1667,NAE-CAN,North,West
34.9833,-90.1167,NAE-USA,North,West
36.45,-83.8667,NAE-USA,North,West
39.2833,-86.75,NAE-USA,North,West
35.6833,-80.4333,NAE-USA,North,West
43.2,-91.95,NAE-CAN,North,West
38.2,-77.5833,NAE-USA,North,West
43.1667,-90.0667,NAE-CAN,North,West
42.4333,-88.1833,NAE-CAN,North,West
39.8667,-76.85,NAE-USA,North,West
37.2667,-79.85,NAE-USA,North,West
40.8667,-72.5333,NAE-USA,North,West
40.2667,-78.45,NAE-USA,North,West
40.6333,-112.2833,NAW-USA,North,West
35.4,-79.7833,NAE-USA,North,West
38.4,-85.8833,NAE-USA,North,West
34.3667,-82.6833,NAE-USA,North,West
40.5833,-74.15,NAE-USA,North,West
40.2333,-76.8333,NAE-USA,North,West
42.5333,-73.3667,NAE-USA,North,West
41.7833,-89.6833,NAE-CAN,North,West
38.4333,-77.9,NAE-USA,North,West
44.7167,-94.35,NAE-CAN,North,West
41.8167,-87.7667,NAE-CAN,North,West
32.4333,-82.2,NAE-USA,North,West
45.05,-92.8,NAE-CAN,North,West
47.35,-111.1667,NAW-CAN,North,West
37.95,-121.2833,NAW-USA,North,West
41.3333,-71.9,NAE-CAN,North,West
41.2167,-73.9833,NAE-USA,North,West
41.2333,-73.9833,NAE-USA,North,West
38.5,-90.0833,NAE-USA,North,West
41.5667,-73.7333,NAE-USA,North,West
42.15,-79.4,NAE-CAN,North,West
40.1,-78.9333,NAE-USA,North,West
44.8,-90.0667,NAE-CAN,North,West
43.8667,-111.7333,NAW-USA,North,West
40.5,-81.6333,NAE-CAN,North,West
33.75,-87.05,NAE-USA,North,West
24.65,-81.45,NAE-GUS,North,West
33.9833,-77.95,NAE-USA,North,West
61.5333,-150.5,NAW-CAN,North,West
37.1833,-77.55,NAE-USA,North,West
44.9667,-85.65,NAE-CAN,North,West
38.15,-79.2,NAE-USA,North,West
41.7167,-83.7,NAE-CAN,North,West
42.9333,-97.65,NAE-USA,North,West
34.1333,-78.8667,NAE-USA,North,West
47.5167,-90.9167,NAE-CAN,North,West
29.9833,-90.4333,NAE-GUS,North,West
47.3667,-123.05,NAW-CAN,North,West
41.5,-92.7333,NAE-USA,North,West
42.2333,-122.7833,NAW-USA,North,West
34.75,-95.0333,NAE-USA,North,West
32.5333,-85.8833,NAE-USA,North,West
26.2,-80.25,NAE-GUS,North,West
37.2333,-89.2667,NAE-USA,North,West
37.65,-81.3,NAE-USA,North,West
51.7333,-178.0333,NAW-USA,North,West
44.5333,-123.1,NAW-USA,North,West
41.0667,-73.8667,NAE-USA,North,West
48.3833,-124.7333,NAW-CAN,North,West
25.0,-80.5167,NAE-GUS,North,West
33.1833,-90.2167,NAE-USA,North,West
36.5833,-92.3,NAE-USA,North,West
44.0333,-107.45,NAW-USA,North,West
43.95,-69.2167,NAE-CAN,North,West
35.95,-119.0333,NAW-USA,North,West
44.35,-121.1667,NAW-USA,North,West
32.0833,-90.2833,NAE-USA,North,West
33.0833,-96.8833,NAE-USA,North,West
33.7833,-118.2333,NAW-USA,North,West
41.6833,-81.05,NAE-CAN,North,West
47.6,-115.35,NAW-CAN,North,West
40.8167,-78.6167,NAE-USA,North,West
45.8833,-111.5833,NAW-USA,North,West
41.7833,-86.6,NAE-CAN,North,West
37.8667,-122.45,NAW-USA,North,West
33.7,-91.45,NAE-USA,North,West
34.1333,-79.9333,NAE-USA,North,West
34.25,-96.6833,NAE-USA,North,West
43.9667,-90.5,NAE-CAN,North,West
40.9667,-76.0833,NAE-USA,North,West
41.25,-73.9833,NAE-USA,North,West
41.2,-89.0667,NAE-CAN,North,West
31.4333,-106.0833,NAW-USA,North,West
40.5167,-74.25,NAE-USA,North,West
39.8167,-75.75,NAE-USA,North,West
30.8833,-98.4667,NAE-GUS,North,West
38.6,-90.45,NAE-USA,North,West
39.4,-86.15,NAE-USA,North,West
41.3167,-80.4167,NAE-USA,North,West
44.3333,-91.5167,NAE-CAN,North,West
36.7833,-121.3167,NAW-USA,North,West
38.55,-77.3333,NAE-USA,North,West
46.25,-119.1167,NAW-CAN,North,West
33.5833,-85.8667,NAE-USA,North,West
38.0,-86.8,NAE-USA,North,West
42.7167,-73.6833,NAE-USA,North,West
35.6667,-90.5,NAE-USA,North,West
35.2,-82.2333,NAE-USA,North,West
40.8833,-72.4,NAE-USA,North,West
48.0667,-122.2833,NAW-CAN,North,West
34.6833,-90.3667,NAE-USA,North,West
44.2167,-74.4667,NAE-CAN,North,West
42.5833,-72.55,NAE-CAN,North,West
42.5833,-74.7667,NAE-USA,North,West
43.35,-86.15,NAE-CAN,North,West
32.0,-80.8333,NAE-USA,North,West
34.5667,-91.45,NAE-USA,North,West
20.65,-156.3833,NAW-USA,North,West
43.35,-123.4667,NAW-USA,North,West
43.6833,-90.2667,NAE-CAN,North,West
46.55,-120.4667,NAW-CAN,North,West
37.7667,-87.9333,NAE-USA,North,West
44.6,-69.3333,NAE-CAN,North,West
32.85,-96.8,NAE-USA,North,West
40.8333,-73.55,NAE-USA,North,West
44.4,-74.2667,NAE-CAN,North,West
40.0667,-75.6833,NAE-USA,North,West
42.0667,-71.6167,NAE-CAN,North,West
38.0833,-120.4667,NAW-USA,North,West
33.4167,-96.5667,NAE-USA,North,West
42.6667,-90.7167,NAE-CAN,North,West
38.6,-83.3167,NAE-USA,North,West
34.9,-84.9667,NAE-USA,North,West
47.4167,-122.4667,NAW-CAN,North,West
29.2667,-89.35,NAE-USA,North,West
34.2667,-119.2833,NAW-USA,North,West
41.4167,-82.35,NAE-CAN,North,West
42.1167,-85.5167,NAE-CAN,North,West
38.1333,-121.2,NAW-USA,North,West
38.4833,-75.8167,NAE-USA,North,West
46.1667,-119.0,NAW-CAN,North,West
38.2667,-122.4333,NAW-USA,North,West
40.3167,-111.75,NAW-USA,North,West
29.8833,-89.8833,NAE-USA,North,West
43.55,-90.8833,NAE-CAN,North,West
40.95,-72.8333,NAE-USA,North,West
33.1167,-85.5667,NAE-USA,North,West
32.6667,-80.1667,NAE-USA,North,West
29.6833,-97.2833,NAE-GUS,North,West
29.9167,-90.2,NAE-GUS,North,West
21.4333,-158.1833,NAW-USA,North,West
21.4333,-158.1833,NAW-USA,North,West
41.25,-82.3833,NAE-CAN,North,West
40.45,-83.0667,NAE-USA,North,West
41.4667,-95.2167,NAE-USA,North,West
36.7167,-93.1833,NAE-USA,North,West
37.3833,-102.2667,NAW-USA,North,West
33.85,-81.7167,NAE-USA,North,West
34.3833,-82.2333,NAE-USA,North,West
45.8167,-122.85,NAW-USA,North,West
38.7833,-84.9,NAE-USA,North,West
36.1,-84.5833,NAE-USA,North,West
41.65,-73.3167,NAE-USA,North,West
33.7333,-82.7333,NAE-USA,North,West
41.1667,-111.9667,NAW-USA,North,West
34.15,-89.6167,NAE-USA,North,West
31.8,-91.3667,NAE-USA,North,West
41.2167,-76.3667,NAE-USA,North,West
42.35,-87.8333,NAE-CAN,North,West
46.15,-123.4,NAW-USA,North,West
44.35,-89.0833,NAE-CAN,North,West
32.6833,-84.7333,NAE-USA,North,West
44.9667,-93.5,NAE-CAN,North,West
37.1333,-94.45,NAE-USA,North,West
29.5333,-95.1167,NAE-GUS,North,West
30.05,-90.8667,NAE-GUS,North,West
35.9,-80.25,NAE-USA,North,West
41.9333,-70.0333,NAE-CAN,North,West
43.8667,-71.9167,NAE-CAN,North,West
43.0167,-88.0,NAE-CAN,North,West
42.3667,-71.7833,NAE-CAN,North,West
41.9167,-71.7833,NAE-CAN,North,West
39.8167,-75.8167,NAE-USA,North,West
40.3833,-79.9,NAE-USA,North,West
40.2833,-74.0167,NAE-USA,North,West
39.95,-84.3167,NAE-USA,North,West
42.35,-71.2333,NAE-CAN,North,West
41.3833,-73.95,NAE-USA,North,West
38.75,-83.0167,NAE-USA,North,West
40.3333,-75.9333,NAE-USA,North,West
43.5833,-73.0333,NAE-CAN,North,West
40.7333,-73.1,NAE-USA,North,West
41.65,-70.25,NAE-CAN,North,West
40.0167,-74.8333,NAE-USA,North,West
44.6333,-105.3333,NAW-USA,North,West
38.1167,-75.7,NAE-USA,North,West
46.8900903,-124.1040613,NAW-CAN,North,West
34.05,-118.4167,NAW-USA,North,West
44.3167,-88.9167,NAE-CAN,North,West
44.05,-73.2,NAE-CAN,North,West
42.4333,-72.6333,NAE-CAN,North,West
36.1,-77.7,NAE-USA,North,West
45.15,-88.75,NAE-CAN,North,West
46.75,-89.5833,NAE-CAN,North,West
39.9833,-86.3333,NAE-USA,North,West
42.0833,-70.9333,NAE-CAN,North,West
41.9,-87.6667,NAE-CAN,North,West
41.5667,-78.6833,NAE-USA,North,West
43.6667,-72.3167,NAE-CAN,North,West
31.3333,-83.0333,NAE-USA,North,West
39.15,-122.15,NAW-USA,North,West
42.6833,-84.2833,NAE-CAN,North,West
41.7,-72.2,NAE-CAN,North,West
32.75,-97.65,NAE-USA,North,West
46.6667,-117.1333,NAW-CAN,North,West
33.7667,-118.2667,NAW-USA,North,West
34.2167,-77.9333,NAE-USA,North,West
41.7,-72.15,NAE-CAN,North,West
44.3,-69.5667,NAE-CAN,North,West
32.05,-100.1167,NAE-GUS,North,West
42.1,-87.7333,NAE-CAN,North,West
44.05,-91.6333,NAE-CAN,North,West
41.9167,-73.05,NAE-USA,North,West
28.6833,-81.3,NAE-GUS,North,West
40.3667,-80.7,NAE-USA,North,West
43.6167,-89.7667,NAE-CAN,North,West
41.6,-72.9833,NAE-USA,North,West
41.5167,-85.3667,NAE-USA,North,West
43.5833,-71.2,NAE-CAN,North,West
38.0,-122.6333,NAW-USA,North,West
41.35,-74.1,NAE-USA,North,West
35.6333,-82.5833,NAE-USA,North,West
43.5167,-75.15,NAE-CAN,North,West
40.6167,-73.7,NAE-USA,North,West
41.45,-81.4667,NAE-CAN,North,West
40.7532952,-73.9068973,NAE-USA,North,West
44.1333,-72.0167,NAE-CAN,North,West
41.1833,-77.3667,NAE-USA,North,West
44.3167,-88.1667,NAE-CAN,North,West
38.55,-82.7667,NAE-USA,North,West
41.5167,-86.1667,NAE-CAN,North,West
41.0,-74.1667,NAE-USA,North,West
40.0,-75.2667,NAE-USA,North,West
32.85,-90.4,NAE-USA,North,West
52.0167,-176.0333,NAW-USA,North,West
43.1667,-70.6,NAE-CAN,North,West
43.1333,-70.6333,NAE-CAN,North,West
43.2333,-79.05,NAE-CAN,North,West
38.7833,-121.8667,NAW-USA,North,West
35.2333,-82.4,NAE-USA,North,West
44.2833,-92.6667,NAE-CAN,North,West
41.83333333,-87.63333333,NAE-CAN,North,West
36.8973,-76.3476,NAE-USA,North,West
33.71666667,-118.41,NAW-USA,North,West
32.03333333,-81.11666667,NAE-USA,North,West
37.83333333,-122.3,NAW-USA,North,West
25.76666667,-80.16666667,NAE-GUS,North,West
35.06666667,-90.16666667,NAE-USA,North,West
42.652341,-73.755086,NAE-USA,North,West
61.2063,-149.931,NAW-CAN,North,West
39.883,-76.983,NAE-USA,North,West
42.373,-71.0435,NAE-CAN,North,West
30.080174,-94.1265562,NAE-GUS,North,West
39.9259463,-75.1196199,NAE-USA,North,West
32.79487,-79.914565,NAE-USA,North,West
39.849557,-75.3557457,NAE-USA,North,West
34.39866,-119.518162,NAW-USA,North,West
27.8005828,-97.396381,NAE-GUS,North,West
38.349862,-81.631863,NAE-USA,North,West
39.1031182,-84.5120196,NAE-USA,North,West
42.5005583,-90.6645718,NAE-CAN,North,West
35.283,-99.133,NAE-USA,North,West
39.1,-84.6,NAE-USA,North,West
31.0,-83.567,NAE-USA,North,West
41.585734,-93.624048,NAE-USA,North,West
38.75,-108.067,NAW-USA,North,West
53.8898,-166.5421999,NAW-USA,North,West
42.067,-74.983,NAE-USA,North,West
44.1,-70.383,NAE-CAN,North,West
41.6392024,-87.4547635,NAE-CAN,North,West
34.117,-117.517,NAW-USA,North,West
34.05,-79.75,NAE-USA,North,West
27.783,-82.783,NAE-GUS,North,West
37.95,-92.967,NAE-USA,North,West
42.587007,-87.825115,NAE-CAN,North,West
34.433,-119.883,NAW-USA,North,West
42.130053,-80.086061,NAE-CAN,North,West
39.31667,-74.98333,NAE-USA,North,West
41.7,-71.167,NAE-CAN,North,West
35.533,-76.217,NAE-USA,North,West
40.817,-73.017,NAE-USA,North,West
33.583,-83.817,NAE-USA,North,West
28.9541368,-95.3596617,NAE-GUS,North,West
34.433,-92.383,NAE-USA,North,West
41.433,-81.85,NAE-CAN,North,West
33.376834,-79.2944964,NAE-USA,North,West
40.8,-74.2,NAE-USA,North,West
39.89223,-75.116706,NAE-USA,North,West
29.3013479,-94.7976958,NAE-GUS,North,West
41.85,-73.233,NAE-USA,North,West
30.3674198,-89.0928155,NAE-USA,North,West
42.433,-82.9,NAE-CAN,North,West
43.183,-78.567,NAE-CAN,North,West
27.75,-90.833,NAE-GUS,North,West
38.6,-121.267,NAW-USA,North,West
37.68333,-97.33333,NAE-USA,North,West
26.1,-98.267,NAE-GUS,North,West
27.867,-97.067,NAE-GUS,North,West
34.983,-81.417,NAE-USA,North,West
42.367,-88.133,NAE-CAN,North,West
39.744655,-75.5483909,NAE-USA,North,West
48.6023149,-93.4040679,NAE-CAN,North,West
19.7241106,-155.0868193,NAW-USA,North,West
45.617,-70.233,NAE-CAN,North,West
30.389696,-81.5419,NAE-USA,North,West
37.31806,-77.17972,NAE-USA,North,West
39.917,-89.05,NAE-USA,North,West
29.767,-95.233,NAE-GUS,North,West
36.417,-81.467,NAE-USA,North,West
41.41667,-78.55,NAE-USA,North,West
36.733,-80.383,NAE-USA,North,West
28.217,-82.45,NAE-GUS,North,West
25.767,-80.183,NAE-GUS,North,West
33.8,-118.067,NAW-USA,North,West
30.2,-93.2833,NAE-GUS,North,West
44.977753,-93.2650108,NAE-CAN,North,West
40.783,-73.967,NAE-USA,North,West
30.6953657,-88.0398912,NAE-USA,North,West
34.7229391,-76.7260436,NAE-USA,North,West
44.5864488,-75.6482908,NAE-CAN,North,West
29.9510658,-90.0715323,NAE-USA,North,West
44.088539,-87.658522,NAE-CAN,North,West
41.633,-70.967,NAE-CAN,North,West
29.9429828,-90.3517469,NAE-GUS,North,West
37.817,-75.583,NAE-USA,North,West
39.583,-91.4,NAE-USA,North,West
32.90567,-79.96115,NAE-USA,North,West
43.1,-70.817,NAE-CAN,North,West
38.9,-75.167,NAE-USA,North,West
41.2565369,-95.9345034,NAE-USA,North,West
40.667,-73.817,NAE-USA,North,West
47.9789848,-122.2020795,NAW-CAN,North,West
40.5,-74.2666,NAE-USA,North,West
45.511841,-122.675634,NAW-USA,North,West
26.1,-80.133,NAE-GUS,North,West
30.1588129,-85.6602058,NAE-USA,North,West
39.908,-75.1695,NAE-USA,North,West
30.45,-91.2,NAE-GUS,North,West
28.6,-96.617,NAE-GUS,North,West
30.420567,-87.217816,NAE-USA,North,West
41.8,-71.3833,NAE-CAN,North,West
43.6590993,-70.2568189,NAE-CAN,North,West
40.45,-73.833,NAE-USA,North,West
43.45,-95.317,NAE-CAN,North,West
47.533,-122.633,NAW-CAN,North,West
29.88333,-93.91667,NAE-GUS,North,West
42.48333,-82.88333,NAE-CAN,North,West
39.278622,-93.9768876,NAE-USA,North,West
40.167,-104.367,NAW-USA,North,West
40.017,-76.167,NAE-USA,North,West
38.167,-78.267,NAE-USA,North,West
37.4852152,-122.2363548,NAW-USA,North,West
40.81667,-73.68333,NAE-USA,North,West
40.567,-73.833,NAE-USA,North,West
40.783,-73.633,NAE-USA,North,West
30.5639831,-93.6509005,NAE-GUS,North,West
47.6062095,-122.3320708,NAW-CAN,North,West
37.77916,-122.420049,NAW-USA,North,West
42.101355,-72.588234,NAE-CAN,North,West
37.338902,-121.890434,NAW-USA,North,West
38.6269929,-88.9456158,NAE-USA,North,West
29.95,-90.317,NAE-GUS,North,West
31.149678,-81.491586,NAE-USA,North,West
44.9537029,-93.0899578,NAE-CAN,North,West
29.467,-89.683,NAE-USA,North,West
35.3314225,-107.6431104,NAW-USA,North,West
34.117,-117.583,NAW-USA,North,West
71.283,-156.667,NAW-CAN,North,West
31.617,-111.05,NAW-USA,North,West
47.2528768,-122.4442906,NAW-CAN,North,West
40.25,-81.217,NAE-USA,North,West
39.35,-94.767,NAE-USA,North,West
43.283,-77.617,NAE-CAN,North,West
37.783,-79.883,NAE-USA,North,West
27.950575,-82.4571776,NAE-GUS,North,West
41.483,-79.45,NAE-USA,North,West
43.833,-90.633,NAE-CAN,North,West
51.933,177.45,NAE-GRL,North,East
39.9,-83.083,NAE-USA,North,West
61.1,-146.2,NAW-CAN,North,West
39.0428907,-75.5718695,NAE-USA,North,West
42.6,-85.083,NAE-CAN,North,West
40.533,-84.733,NAE-USA,North,West
43.767,-94.183,NAE-CAN,North,West
41.21667,-75.86667,NAE-USA,North,West
43.417,-75.9,NAE-CAN,North,West
44.483,-73.2,NAE-CAN,North,West
29.75,-90.0,NAE-USA,North,West
39.8,-75.617,NAE-USA,North,West
41.667,-92.017,NAE-CAN,North,West
40.333,-79.8,NAE-USA,North,West
44.96667,-93.5,NAE-CAN,North,West
48.267,-124.267,NAW-CAN,North,West
43.417,-75.883,NAE-CAN,North,West
44.117,-88.733,NAE-CAN,North,West
37.55,-120.9,NAW-USA,North,West
39.38333,-81.2,NAE-USA,North,West
33.333,-86.617,NAE-USA,North,West
47.25,-119.717,NAW-CAN,North,West
38.533,-79.783,NAE-USA,North,West
43.967,-70.6,NAE-CAN,North,West
33.6,-91.2,NAE-USA,North,West
28.1461248,-82.7567679,NAE-GUS,North,West
39.9991865,-78.2388071,NAE-USA,North,West
13.1667,-61.2333,NAE-CAR,North,West
13.1333,-61.2167,NAE-CAR,North,West
13.0,-61.2167,NAE-CAR,North,West
12.717,-61.317,NAE-CAR,North,West
13.267,-61.117,NAE-CAR,North,West
13.2509747,-61.1863473,NAE-CAR,North,West
17.75,-64.75,NAE-CAR,North,West
18.3333,-64.8,NAE-CAR,North,West
18.35,-64.9333,NAE-CAR,North,West
18.3419004,-64.9307007,NAE-CAR,North,West
17.6908086,-64.7493118,NAE-CAR,North,West
12.0560975,-61.7487996,NAE-CAR,North,West
21.4674584,-71.1389101,NAE-CAR,North,West
21.8673461,-71.975699,NAE-CAR,North,West
21.7737654,-72.271908,NAE-CAR,North,West
21.5112365,-71.51898,NAE-CAR,North,West
18.45,-64.733,NAE-CAR,North,West
18.317,-64.617,NAE-CAR,North,West
18.417,-64.6,NAE-CAR,North,West
18.4286115,-64.6184657,NAE-CAR,North,West
18.383,-64.7,NAE-CAR,North,West
18.4334704,-64.6332782,NAE-CAR,North,West
39.8833,20.0,EU-BLA,North,East
41.8,19.5667,EU-BLA,North,East
40.4667,19.4833,EU-BLA,North,East
41.153332,20.168331,EU-BLA,North,East
41.3245904,19.4564686,EU-BLA,North,East
40.133,19.717,EU-BLA,North,East
48.3833,15.85,EU-EEU,North,East
48.2167,14.4,EU-EEU,North,East
48.6833,16.8667,EU-EEU,North,East
47.4167,13.2167,EU-EEU,North,East
47.9833,14.75,EU-EEU,North,East
47.5,9.7667,EU-EEU,North,East
48.3,16.5667,EU-EEU,North,East
47.6,16.6333,EU-EEU,North,East
48.6,16.8167,EU-EEU,North,East
47.9,16.6333,EU-EEU,North,East
48.45,15.5667,EU-EEU,North,East
48.3833,15.5167,EU-EEU,North,East
47.95,16.4,EU-EEU,North,East
46.6833,15.8333,EU-EEU,North,East
48.45,15.75,EU-EEU,North,East
48.45,15.8833,EU-EEU,North,East
48.35,14.45,EU-EEU,North,East
47.6667,12.1667,EU-EEU,North,East
48.3333,15.9,EU-EEU,North,East
47.7667,13.2167,EU-EEU,North,East
48.7167,13.5833,EU-EEU,North,East
46.9333,16.0,EU-EEU,North,East
47.15,11.35,EU-EEU,North,East
46.7167,15.55,EU-EEU,North,East
47.9167,13.8,EU-EEU,North,East
48.3333,16.2333,EU-EEU,North,East
48.2167,14.8333,EU-EEU,North,East
48.4,16.6167,EU-EEU,North,East
47.8667,15.8833,EU-EEU,North,East
48.45,15.7167,EU-EEU,North,East
48.45,15.7167,EU-EEU,North,East
48.0333,15.7667,EU-EEU,North,East
48.7,16.0667,EU-EEU,North,East
48.3833,16.1,EU-EEU,North,East
46.9833,15.5,EU-EEU,North,East
48.5,16.5667,EU-EEU,North,East
48.0667,16.7833,EU-EEU,North,East
48.3167,15.6667,EU-EEU,North,East
48.7833,15.5667,EU-EEU,North,East
48.7,16.05,EU-EEU,North,East
47.1167,15.35,EU-EEU,North,East
47.4,14.9,EU-EEU,North,East
47.25,11.2667,EU-EEU,North,East
48.65,16.65,EU-EEU,North,East
47.2,14.8167,EU-EEU,North,East
48.2167,15.1667,EU-EEU,North,East
48.36056,15.66426,EU-EEU,North,East
48.3,16.35,EU-EEU,North,East
48.4833,13.8833,EU-EEU,North,East
46.6667,15.4667,EU-EEU,North,East
48.5833,15.8667,EU-EEU,North,East
48.0833,13.6667,EU-EEU,North,East
48.2167,15.15,EU-EEU,North,East
47.2333,16.0833,EU-EEU,North,East
48.1833,14.7,EU-EEU,North,East
47.75,16.6667,EU-EEU,North,East
47.8333,16.1,EU-EEU,North,East
48.4833,15.8833,EU-EEU,North,East
48.4833,13.9833,EU-EEU,North,East
48.05,14.85,EU-EEU,North,East
47.9333,17.0667,EU-EEU,North,East
47.1833,9.8,EU-EEU,North,East
48.1,14.8,EU-EEU,North,East
47.8333,16.6667,EU-EEU,North,East
48.3333,14.1833,EU-EEU,North,East
48.1833,15.0667,EU-EEU,North,East
48.1333,15.15,EU-EEU,North,East
47.85,16.8333,EU-EEU,North,East
48.2,15.5167,EU-EEU,North,East
47.3833,13.45,EU-EEU,North,East
48.2333,13.0,EU-EEU,North,East
47.2833,11.05,EU-EEU,North,East
48.0667,16.85,EU-EEU,North,East
48.4,15.5,EU-EEU,North,East
48.4833,13.75,EU-EEU,North,East
47.9833,12.8833,EU-EEU,North,East
47.05,15.75,EU-EEU,North,East
46.9167,15.25,EU-EEU,North,East
48.6,16.7667,EU-EEU,North,East
48.4667,14.15,EU-EEU,North,East
48.3833,14.7333,EU-EEU,North,East
48.7,15.9,EU-EEU,North,East
47.85,16.6167,EU-EEU,North,East
48.4333,15.55,EU-EEU,North,East
48.45,16.7333,EU-EEU,North,East
48.3667,15.4167,EU-EEU,North,East
47.6,13.6333,EU-EEU,North,East
47.4833,16.4833,EU-EEU,North,East
48.1167,14.0167,EU-EEU,North,East
46.8,15.8667,EU-EEU,North,East
47.1333,13.8,EU-EEU,North,East
48.4167,13.5333,EU-EEU,North,East
47.3167,11.65,EU-EEU,North,East
48.3833,15.6833,EU-EEU,North,East
48.3333,15.7333,EU-EEU,North,East
46.6167,14.05,EU-ADR,North,East
47.4667,15.0,EU-EEU,North,East
48.1667,14.7167,EU-EEU,North,East
48.1,15.5167,EU-EEU,North,East
46.8833,15.4667,EU-EEU,North,East
47.8,16.5,EU-EEU,North,East
48.4833,15.6833,EU-EEU,North,East
47.63333,12.21667,EU-EEU,North,East
48.7584649,16.6507933,EU-EEU,North,East
48.183,16.433,EU-EEU,North,East
48.462842,14.2237852,EU-EEU,North,East
47.9456638,13.6048457,EU-EEU,North,East
48.083,14.133,EU-EEU,North,East
48.053,16.64653,EU-EEU,North,East
60.1,19.95,EU-SCA,North,East
44.9667,15.9333,EU-EEU,North,East
45.05,18.5667,EU-BLA,North,East
43.95,17.9,EU-EEU,North,East
43.65,17.75,EU-EEU,North,East
44.5333,18.0833,EU-BLA,North,East
42.9167,17.6167,EU-EEU,North,East
44.7667,16.6667,EU-EEU,North,East
43.9,18.35,EU-BLA,North,East
44.3833,19.1,EU-BLA,North,East
50.4833,5.1,EU-NEU,North,East
51.2167,4.4167,EU-NEU,North,East
50.8167,3.9667,EU-NEU,North,East
50.9833,3.55,EU-NEU,North,East
50.3667,3.7667,EU-NEU,North,East
50.6,5.4,EU-NEU,North,East
51.0333,4.1667,EU-NEU,North,East
50.2833,5.3333,EU-NEU,North,East
51.2,3.5167,EU-NEU,North,East
50.7833,3.5,EU-NEU,North,East
50.35,3.8833,EU-NEU,North,East
50.9833,4.5667,EU-NEU,North,East
50.3833,3.9333,EU-NEU,North,East
50.8333,4.3333,EU-NEU,North,East
50.4167,4.4333,EU-NEU,North,East
50.6833,5.6667,EU-NEU,North,East
50.4667,4.3667,EU-NEU,North,East
51.1333,3.9833,EU-NEU,North,East
51.0,4.0833,EU-NEU,North,East
51.05,3.6667,EU-NEU,North,East
50.8,5.6667,EU-NEU,North,East
50.95,3.6333,EU-NEU,North,East
51.15,3.9667,EU-NEU,North,East
50.85,3.6333,EU-NEU,North,East
50.7,3.25,EU-NEU,North,East
49.5833,5.5833,EU-NEU,North,East
50.4333,4.7333,EU-NEU,North,East
50.9333,3.6667,EU-NEU,North,East
51.1667,5.0,EU-NEU,North,East
51.0167,5.2333,EU-NEU,North,East
51.05,3.7167,EU-NEU,North,East
50.7667,3.8667,EU-NEU,North,East
50.7333,5.6667,EU-NEU,North,East
50.7833,3.1333,EU-NEU,North,East
51.0833,3.5333,EU-NEU,North,East
50.4333,4.6667,EU-NEU,North,East
51.0167,3.0,EU-NEU,North,East
50.8833,4.4167,EU-NEU,North,East
51.2,5.45,EU-NEU,North,East
50.3,4.9,EU-NEU,North,East
50.5167,5.2333,EU-NEU,North,East
50.45,4.8833,EU-NEU,North,East
50.65,5.6333,EU-NEU,North,East
50.9333,3.1833,EU-NEU,North,East
51.1833,5.5167,EU-NEU,North,East
50.8333,3.2667,EU-NEU,North,East
50.95,5.3,EU-NEU,North,East
51.1,5.1333,EU-NEU,North,East
50.5667,3.7667,EU-NEU,North,East
51.05,3.5667,EU-NEU,North,East
50.65,3.8,EU-NEU,North,East
50.8,3.1833,EU-NEU,North,East
50.6333,5.5667,EU-NEU,North,East
50.35,4.25,EU-NEU,North,East
51.1,3.9833,EU-NEU,North,East
50.3833,4.9,EU-NEU,North,East
50.6667,4.45,EU-NEU,North,East
50.4833,4.9667,EU-NEU,North,East
50.55,3.5,EU-NEU,North,East
51.0167,3.5333,EU-NEU,North,East
50.9,3.7,EU-NEU,North,East
50.9667,3.7,EU-NEU,North,East
51.0,4.0667,EU-NEU,North,East
51.1667,3.2667,EU-NEU,North,East
51.0667,4.15,EU-NEU,North,East
50.45,4.5833,EU-NEU,North,East
51.1833,5.1,EU-NEU,North,East
50.45,3.9333,EU-NEU,North,East
50.45,4.7,EU-NEU,North,East
51.0167,4.5167,EU-NEU,North,East
50.4667,5.0,EU-NEU,North,East
50.9167,5.6833,EU-NEU,North,East
50.2333,4.9167,EU-NEU,North,East
50.5333,5.2833,EU-NEU,North,East
50.8333,4.0167,EU-NEU,North,East
50.9333,3.4333,EU-NEU,North,East
50.85,4.05,EU-NEU,North,East
50.7833,3.9,EU-NEU,North,East
50.8833,3.3333,EU-NEU,North,East
51.2,2.9167,EU-NEU,North,East
51.1167,4.9667,EU-NEU,North,East
51.15,3.2333,EU-NEU,North,East
51.2833,3.2833,EU-NEU,North,East
51.1167,5.65,EU-NEU,North,East
50.75,3.4667,EU-NEU,North,East
51.2167,5.4167,EU-NEU,North,East
50.8333,4.0667,EU-NEU,North,East
50.55,3.4333,EU-NEU,North,East
50.9667,2.7333,EU-NEU,North,East
50.5,4.35,EU-NEU,North,East
50.7167,5.6833,EU-NEU,North,East
50.35,4.8667,EU-NEU,North,East
50.6833,5.55,EU-NEU,North,East
50.6,4.2167,EU-NEU,North,East
50.4333,4.5833,EU-NEU,North,East
51.1333,4.2833,EU-NEU,North,East
50.4667,4.9833,EU-NEU,North,East
51.2167,2.95,EU-NEU,North,East
50.9667,3.7167,EU-NEU,North,East
51.0,2.8167,EU-NEU,North,East
50.3,4.1333,EU-NEU,North,East
50.8333,3.3,EU-NEU,North,East
50.5333,5.2167,EU-NEU,North,East
50.9,4.1,EU-NEU,North,East
51.6333,2.9167,EU-NEU,North,East
50.6167,5.5333,EU-NEU,North,East
51.0333,4.3667,EU-NEU,North,East
50.5833,5.4833,EU-NEU,North,East
50.5903852,3.4334752,EU-NEU,North,East
50.5,5.0167,EU-NEU,North,East
50.4833,4.4,EU-NEU,North,East
51.1167,3.2167,EU-NEU,North,East
51.0667,4.4667,EU-NEU,North,East
50.7,3.3333,EU-NEU,North,East
51.0667,4.3667,EU-NEU,North,East
51.1,2.7,EU-NEU,North,East
51.2,2.9667,EU-NEU,North,East
51.3333,3.2,EU-NEU,North,East
51.2,3.8167,EU-NEU,North,East
50.9833,4.4667,EU-NEU,North,East
50.933,4.033,EU-NEU,North,East
51.083,3.45,EU-NEU,North,East
51.067,2.6,EU-NEU,North,East
51.317,5.083,EU-NEU,North,East
51.033,3.667,EU-NEU,North,East
50.7,5.7,EU-NEU,North,East
50.55,5.217,EU-NEU,North,East
50.55,5.317,EU-NEU,North,East
50.617,5.583,EU-NEU,North,East
50.317,4.883,EU-NEU,North,East
51.033,4.067,EU-NEU,North,East
50.533,5.283,EU-NEU,North,East
50.917,3.65,EU-NEU,North,East
50.25,4.9,EU-NEU,North,East
50.617,3.767,EU-NEU,North,East
50.567,3.45,EU-NEU,North,East
50.333,4.833,EU-NEU,North,East
50.767,3.433,EU-NEU,North,East
50.45,4.617,EU-NEU,North,East
50.517,5.167,EU-NEU,North,East
51.05,4.45,EU-NEU,North,East
51.15,4.3,EU-NEU,North,East
51.317,3.133,EU-NEU,North,East
50.483,4.25,EU-NEU,North,East
50.483,3.817,EU-NEU,North,East
51.317,4.867,EU-NEU,North,East
50.867,5.617,EU-NEU,North,East
51.217,3.233,EU-NEU,North,East
51.25,3.717,EU-NEU,North,East
50.517,3.4,EU-NEU,North,East
51.017,4.2,EU-NEU,North,East
51.167,5.15,EU-NEU,North,East
50.55,3.717,EU-NEU,North,East
50.5,3.65,EU-NEU,North,East
50.75,5.733,EU-NEU,North,East
50.517,5.183,EU-NEU,North,East
51.167,5.583,EU-NEU,North,East
51.083,4.367,EU-NEU,North,East
51.1,4.233,EU-NEU,North,East
50.933,5.717,EU-NEU,North,East
51.133,5.6,EU-NEU,North,East
51.15,3.333,EU-NEU,North,East
51.333,4.317,EU-NEU,North,East
50.55,3.417,EU-NEU,North,East
50.817,3.217,EU-NEU,North,East
50.317,4.167,EU-NEU,North,East
50.75,3.4,EU-NEU,North,East
49.85,5.25,EU-NEU,North,East
51.2,4.35,EU-NEU,North,East
50.717,3.933,EU-NEU,North,East
50.267,4.9,EU-NEU,North,East
51.083,5.2,EU-NEU,North,East
50.75,2.95,EU-NEU,North,East
50.683,4.217,EU-NEU,North,East
50.567,3.433,EU-NEU,North,East
50.76667,2.98333,EU-NEU,North,East
50.767,2.983,EU-NEU,North,East
50.383,4.45,EU-NEU,North,East
50.683,5.667,EU-NEU,North,East
50.583,3.4,EU-NEU,North,East
50.417,4.517,EU-NEU,North,East
51.033,4.117,EU-NEU,North,East
51.217,4.467,EU-NEU,North,East
51.317,4.267,EU-NEU,North,East
50.983,3.533,EU-NEU,North,East
50.267,4.917,EU-NEU,North,East
51.033,2.867,EU-NEU,North,East
51.033,5.733,EU-NEU,North,East
51.0,3.65,EU-NEU,North,East
50.9,5.4,EU-NEU,North,East
50.417,4.4,EU-NEU,North,East
50.883,4.067,EU-NEU,North,East
51.233,5.117,EU-NEU,North,East
50.883,3.35,EU-NEU,North,East
51.1,4.517,EU-NEU,North,East
50.733,3.85,EU-NEU,North,East
51.167,4.6,EU-NEU,North,East
50.867,5.583,EU-NEU,North,East
51.033,4.467,EU-NEU,North,East
51.183,3.567,EU-NEU,North,East
50.75,3.433,EU-NEU,North,East
51.1,5.0,EU-NEU,North,East
50.867,3.617,EU-NEU,North,East
51.283,4.417,EU-NEU,North,East
50.583,5.417,EU-NEU,North,East
50.667,3.333,EU-NEU,North,East
51.183,3.75,EU-NEU,North,East
50.983,5.717,EU-NEU,North,East
51.117,3.7,EU-NEU,North,East
50.433,4.55,EU-NEU,North,East
50.567,4.25,EU-NEU,North,East
50.45,4.767,EU-NEU,North,East
50.567,5.333,EU-NEU,North,East
50.433,4.783,EU-NEU,North,East
50.6,5.467,EU-NEU,North,East
50.317,4.2,EU-NEU,North,East
50.467,4.8,EU-NEU,North,East
51.2,4.717,EU-NEU,North,East
51.05,3.75,EU-NEU,North,East
50.933,5.383,EU-NEU,North,East
50.35,4.867,EU-NEU,North,East
51.05,4.1,EU-NEU,North,East
50.45,3.817,EU-NEU,North,East
50.467,3.883,EU-NEU,North,East
50.883,5.6,EU-NEU,North,East
50.967,5.5,EU-NEU,North,East
50.467,4.417,EU-NEU,North,East
50.93333,4.38333,EU-NEU,North,East
50.867,4.267,EU-NEU,North,East
51.117,5.183,EU-NEU,North,East
51.067,3.533,EU-NEU,North,East
51.167,4.35,EU-NEU,North,East
50.483,3.683,EU-NEU,North,East
51.067,4.4,EU-NEU,North,East
50.85,3.3,EU-NEU,North,East
51.183,4.833,EU-NEU,North,East
51.15,4.35,EU-NEU,North,East
50.733,4.233,EU-NEU,North,East
50.483,4.133,EU-NEU,North,East
50.483,4.15,EU-NEU,North,East
50.733,3.383,EU-NEU,North,East
50.55,5.367,EU-NEU,North,East
50.433,3.667,EU-NEU,North,East
50.533,3.417,EU-NEU,North,East
50.217,4.833,EU-NEU,North,East
50.467,4.033,EU-NEU,North,East
50.367,4.283,EU-NEU,North,East
50.667,5.633,EU-NEU,North,East
50.967,4.033,EU-NEU,North,East
51.217,5.483,EU-NEU,North,East
50.933,5.333,EU-NEU,North,East
50.483,3.75,EU-NEU,North,East
50.967,4.383,EU-NEU,North,East
51.0,4.55,EU-NEU,North,East
50.967,4.067,EU-NEU,North,East
50.917,3.25,EU-NEU,North,East
50.667,3.817,EU-NEU,North,East
50.65,4.267,EU-NEU,North,East
50.917,3.2,EU-NEU,North,East
50.517,5.15,EU-NEU,North,East
50.467,4.667,EU-NEU,North,East
50.633,3.367,EU-NEU,North,East
50.817,5.667,EU-NEU,North,East
51.283,4.167,EU-NEU,North,East
51.167,4.317,EU-NEU,North,East
50.8,3.5,EU-NEU,North,East
50.95,4.55,EU-NEU,North,East
51.133,3.417,EU-NEU,North,East
51.25,4.283,EU-NEU,North,East
51.017,4.367,EU-NEU,North,East
51.15,5.75,EU-NEU,North,East
51.15,5.817,EU-NEU,North,East
50.783,3.517,EU-NEU,North,East
50.85,3.283,EU-NEU,North,East
51.333,4.667,EU-NEU,North,East
50.883,5.65,EU-NEU,North,East
50.717,4.217,EU-NEU,North,East
50.383,4.35,EU-NEU,North,East
50.717,3.833,EU-NEU,North,East
50.883,4.7,EU-NEU,North,East
51.167,2.883,EU-NEU,North,East
51.117,3.733,EU-NEU,North,East
50.95,5.5,EU-NEU,North,East
51.017,3.883,EU-NEU,North,East
51.133,4.567,EU-NEU,North,East
51.3,4.3,EU-NEU,North,East
50.75,5.667,EU-NEU,North,East
51.233,5.3,EU-NEU,North,East
51.017,5.717,EU-NEU,North,East
50.783,5.683,EU-NEU,North,East
50.767,4.267,EU-NEU,North,East
51.2,5.567,EU-NEU,North,East
51.117,5.25,EU-NEU,North,East
50.517,3.433,EU-NEU,North,East
51.033,3.75,EU-NEU,North,East
50.983,5.2,EU-NEU,North,East
50.5,4.217,EU-NEU,North,East
50.4,4.383,EU-NEU,North,East
51.45,4.733,EU-NEU,North,East
51.133,5.083,EU-NEU,North,East
51.0,3.8,EU-NEU,North,East
50.8,3.117,EU-NEU,North,East
51.167,3.933,EU-NEU,North,East
50.617,3.8,EU-NEU,North,East
50.4,4.5,EU-NEU,North,East
51.2,4.617,EU-NEU,North,East
50.883,4.383,EU-NEU,North,East
50.817,5.667,EU-NEU,North,East
50.767,3.4,EU-NEU,North,East
51.083,3.583,EU-NEU,North,East
50.45,4.083,EU-NEU,North,East
51.25,4.45,EU-NEU,North,East
51.0,3.75,EU-NEU,North,East
50.95,2.85,EU-NEU,North,East
50.667,5.633,EU-NEU,North,East
50.85,4.317,EU-NEU,North,East
51.1,5.8,EU-NEU,North,East
50.483,3.95,EU-NEU,North,East
50.417,4.367,EU-NEU,North,East
50.467,4.867,EU-NEU,North,East
50.467,3.95,EU-NEU,North,East
51.133,2.75,EU-NEU,North,East
51.117,4.333,EU-NEU,North,East
51.217,5.417,EU-NEU,North,East
51.083,5.7,EU-NEU,North,East
50.6,5.55,EU-NEU,North,East
50.9,4.383,EU-NEU,North,East
51.033,3.55,EU-NEU,North,East
51.1,4.35,EU-NEU,North,East
51.167,4.65,EU-NEU,North,East
51.183,3.0,EU-NEU,North,East
50.467,4.0,EU-NEU,North,East
50.55,5.333,EU-NEU,North,East
50.817,4.433,EU-NEU,North,East
51.217,4.583,EU-NEU,North,East
51.133,4.883,EU-NEU,North,East
50.683,3.85,EU-NEU,North,East
51.117,5.8,EU-NEU,North,East
50.75,3.85,EU-NEU,North,East
51.15,4.85,EU-NEU,North,East
50.7,5.65,EU-NEU,North,East
50.667,4.217,EU-NEU,North,East
51.317,4.983,EU-NEU,North,East
50.85,3.6,EU-NEU,North,East
50.6,5.533,EU-NEU,North,East
51.033,5.183,EU-NEU,North,East
50.683,3.333,EU-NEU,North,East
50.383,4.867,EU-NEU,North,East
50.433,4.133,EU-NEU,North,East
50.417,4.533,EU-NEU,North,East
50.783,5.683,EU-NEU,North,East
50.45,3.7,EU-NEU,North,East
51.233,4.35,EU-NEU,North,East
50.733,3.4,EU-NEU,North,East
51.083,4.283,EU-NEU,North,East
50.183,5.583,EU-NEU,North,East
50.917,2.617,EU-NEU,North,East
50.65,3.783,EU-NEU,North,East
50.65,3.317,EU-NEU,North,East
50.533,3.583,EU-NEU,North,East
50.833,3.617,EU-NEU,North,East
50.3,4.117,EU-NEU,North,East
50.95,2.783,EU-NEU,North,East
50.917,2.617,EU-NEU,North,East
51.167,3.783,EU-NEU,North,East
51.35,4.767,EU-NEU,North,East
51.05,5.217,EU-NEU,North,East
50.95,3.133,EU-NEU,North,East
50.5,4.1,EU-NEU,North,East
50.433,4.383,EU-NEU,North,East
51.267,5.067,EU-NEU,North,East
50.767,3.483,EU-NEU,North,East
50.783,4.3,EU-NEU,North,East
51.083,4.417,EU-NEU,North,East
51.367,5.0,EU-NEU,North,East
51.183,3.183,EU-NEU,North,East
51.05,4.2,EU-NEU,North,East
51.183,3.233,EU-NEU,North,East
50.5,3.717,EU-NEU,North,East
51.233,4.567,EU-NEU,North,East
51.25,4.5,EU-NEU,North,East
51.133,4.267,EU-NEU,North,East
50.517,4.25,EU-NEU,North,East
50.517,4.25,EU-NEU,North,East
50.5,5.067,EU-NEU,North,East
50.5,5.0,EU-NEU,North,East
51.017,3.933,EU-NEU,North,East
51.133,4.333,EU-NEU,North,East
51.3,4.567,EU-NEU,North,East
51.183,4.883,EU-NEU,North,East
50.87122,5.27103,EU-NEU,North,East
50.967,5.267,EU-NEU,North,East
51.35,4.683,EU-NEU,North,East
50.483,5.033,EU-NEU,North,East
51.017,3.633,EU-NEU,North,East
51.0,4.017,EU-NEU,North,East
51.217,3.2,EU-NEU,North,East
50.717,3.35,EU-NEU,North,East
51.183,2.933,EU-NEU,North,East
50.617,5.55,EU-NEU,North,East
51.083,4.333,EU-NEU,North,East
51.217,5.233,EU-NEU,North,East
50.9,5.683,EU-NEU,North,East
51.15,3.783,EU-NEU,North,East
50.867,4.183,EU-NEU,North,East
51.067,5.083,EU-NEU,North,East
50.467,3.8,EU-NEU,North,East
50.433,4.55,EU-NEU,North,East
51.133,5.667,EU-NEU,North,East
51.083,4.4,EU-NEU,North,East
50.467,4.083,EU-NEU,North,East
50.533,5.267,EU-NEU,North,East
50.333,4.283,EU-NEU,North,East
51.117,4.183,EU-NEU,North,East
50.95,4.633,EU-NEU,North,East
50.433,4.6,EU-NEU,North,East
50.6,3.383,EU-NEU,North,East
51.133,4.217,EU-NEU,North,East
50.633,4.717,EU-NEU,North,East
51.317,4.95,EU-NEU,North,East
51.017,3.95,EU-NEU,North,East
49.91667,5.58333,EU-NEU,North,East
50.95,4.417,EU-NEU,North,East
51.067,2.667,EU-NEU,North,East
50.633,4.183,EU-NEU,North,East
50.817,5.633,EU-NEU,North,East
50.933,4.433,EU-NEU,North,East
50.2788486,6.1273655,EU-NEU,North,East
50.467,4.05,EU-NEU,North,East
51.183,4.633,EU-NEU,North,East
50.867,5.633,EU-NEU,North,East
51.1,4.083,EU-NEU,North,East
50.533,5.217,EU-NEU,North,East
50.883,3.417,EU-NEU,North,East
51.083,3.717,EU-NEU,North,East
51.067,3.267,EU-NEU,North,East
50.85,5.317,EU-NEU,North,East
50.783,3.033,EU-NEU,North,East
51.0,3.883,EU-NEU,North,East
50.8,3.167,EU-NEU,North,East
50.933,4.7,EU-NEU,North,East
51.0,3.983,EU-NEU,North,East
50.417,4.867,EU-NEU,North,East
50.5,3.533,EU-NEU,North,East
51.233,4.533,EU-NEU,North,East
50.217,4.867,EU-NEU,North,East
50.667,5.65,EU-NEU,North,East
51.1,4.3,EU-NEU,North,East
50.583,5.433,EU-NEU,North,East
50.333,4.883,EU-NEU,North,East
50.8,3.967,EU-NEU,North,East
50.6,5.483,EU-NEU,North,East
50.9,3.65,EU-NEU,North,East
51.067,4.033,EU-NEU,North,East
51.017,5.3,EU-NEU,North,East
51.117,3.55,EU-NEU,North,East
50.933,5.567,EU-NEU,North,East
50.917,3.433,EU-NEU,North,East
50.783,4.267,EU-NEU,North,East
50.8,3.333,EU-NEU,North,East
51.217,4.333,EU-NEU,North,East
51.0,3.717,EU-NEU,North,East
42.1,27.95,EU-BLA,North,East
43.4167,28.1667,EU-BLA,North,East
43.2,25.3,EU-BLA,North,East
43.4667,23.95,EU-BLA,North,East
42.65,25.7833,EU-BLA,North,East
43.25,27.7667,EU-BLA,North,East
42.0333,24.7833,EU-BLA,North,East
41.6,23.8,EU-BLA,North,East
42.65,27.7333,EU-BLA,North,East
43.6833,24.8833,EU-BLA,North,East
43.7333,23.95,EU-BLA,North,East
43.85,25.9667,EU-BLA,North,East
42.4167,27.7,EU-BLA,North,East
42.6,26.6833,EU-BLA,North,East
43.2033847,27.8867251,EU-BLA,North,East
42.5384931,27.2481942,EU-BLA,North,East
43.2173191,27.8641438,EU-BLA,North,East
53.05,26.6167,EU-EEU,North,East
53.35,32.05,EU-RUS,North,East
52.1167,26.0833,EU-EEU,North,East
52.35,30.4,EU-RUS,North,East
53.1,25.3167,EU-EEU,North,East
53.15,24.4333,EU-EEU,North,East
47.2667,8.4833,EU-EEU,North,East
47.0,9.5,EU-EEU,North,East
47.15,8.3167,EU-EEU,North,East
47.1833,7.5667,EU-NEU,North,East
47.2833,8.2,EU-EEU,North,East
46.4667,6.9,EU-NEU,North,East
46.6,6.6333,EU-NEU,North,East
46.9833,8.6,EU-EEU,North,East
47.4667,8.6667,EU-EEU,North,East
46.4333,6.2833,EU-NEU,North,East
47.1833,8.4667,EU-EEU,North,East
47.3833,7.0,EU-NEU,North,East
47.3167,7.3833,EU-NEU,North,East
46.25,6.2,EU-NEU,North,East
46.3167,6.2,EU-NEU,North,East
46.9167,6.6333,EU-NEU,North,East
47.5667,8.25,EU-EEU,North,East
46.4833,6.7333,EU-NEU,North,East
47.3,8.6,EU-EEU,North,East
47.2833,8.6167,EU-EEU,North,East
47.0167,9.5167,EU-EEU,North,East
46.9,6.7667,EU-NEU,North,East
47.6,9.2833,EU-EEU,North,East
47.0167,6.9667,EU-NEU,North,East
47.2833,8.6167,EU-EEU,North,East
47.0167,8.65,EU-EEU,North,East
47.5833,8.25,EU-EEU,North,East
47.45,8.7833,EU-EEU,North,East
47.1333,7.6,EU-NEU,North,East
46.1833,6.1333,EU-NEU,North,East
47.05,7.0667,EU-NEU,North,East
46.65,6.2667,EU-NEU,North,East
47.3333,8.6667,EU-EEU,North,East
47.2833,8.6333,EU-EEU,North,East
47.2833,8.2333,EU-EEU,North,East
46.3167,7.55,EU-NEU,North,East
47.1,9.0667,EU-EEU,North,East
47.2667,7.6833,EU-NEU,North,East
46.7333,7.95,EU-NEU,North,East
46.1333,8.7333,EU-EEU,North,East
46.3,7.8,EU-EEU,North,East
46.6167,7.6833,EU-NEU,North,East
46.4833,7.2167,EU-NEU,North,East
46.8833,6.7667,EU-NEU,North,East
46.5167,6.5667,EU-NEU,North,East
47.6667,9.05,EU-EEU,North,East
47.1667,8.1333,EU-EEU,North,East
47.2333,8.9333,EU-EEU,North,East
46.9667,8.3333,EU-EEU,North,East
47.2,8.4667,EU-EEU,North,East
47.1,7.15,EU-NEU,North,East
47.2667,8.6667,EU-EEU,North,East
47.1333,7.55,EU-NEU,North,East
46.2833,6.1667,EU-NEU,North,East
46.7167,6.9667,EU-NEU,North,East
47.0167,8.4833,EU-EEU,North,East
47.1,8.5167,EU-EEU,North,East
47.45,8.3667,EU-EEU,North,East
46.3,7.05,EU-NEU,North,East
46.55,6.667,EU-NEU,North,East
47.417,9.133,EU-EEU,North,East
47.3,8.23333,EU-EEU,North,East
46.867,6.75,EU-NEU,North,East
49.6667,18.05,EU-EEU,North,East
50.55,13.7667,EU-EEU,North,East
50.0333,16.75,EU-EEU,North,East
50.25,17.2333,EU-EEU,North,East
50.0,16.2333,EU-EEU,North,East
50.8167,14.9667,EU-EEU,North,East
49.5667,16.2667,EU-EEU,North,East
50.7833,14.2167,EU-EEU,North,East
50.639873,15.044982,EU-EEU,North,East
49.7833,14.8833,EU-EEU,North,East
49.7833,14.1667,EU-EEU,North,East
50.3667,13.8,EU-EEU,North,East
50.1130625,14.2177414,EU-EEU,North,East
49.9167,18.1167,EU-EEU,North,East
50.3833,14.4333,EU-EEU,North,East
49.95,14.5333,EU-EEU,North,East
49.1333,17.8167,EU-EEU,North,East
48.85,16.5,EU-EEU,North,East
50.6833,15.3167,EU-EEU,North,East
49.7167,13.65,EU-EEU,North,East
50.0333,14.75,EU-EEU,North,East
48.7833,16.9833,EU-EEU,North,East
50.0333,16.6,EU-EEU,North,East
50.4833,14.0167,EU-EEU,North,East
48.9833,16.0,EU-EEU,North,East
50.3833,13.2667,EU-EEU,North,East
49.35,18.25,EU-EEU,North,East
49.9874796,14.3265816,EU-EEU,North,East
49.45,17.1833,EU-EEU,North,East
50.2333,14.3167,EU-EEU,North,East
49.25,17.4667,EU-EEU,North,East
50.0667,12.7833,EU-EEU,North,East
49.4,17.2833,EU-EEU,North,East
49.85,13.9833,EU-EEU,North,East
49.6,16.8833,EU-EEU,North,East
48.7833,14.1667,EU-EEU,North,East
50.1333,14.7333,EU-EEU,North,East
49.05,14.2,EU-EEU,North,East
49.7880079,14.293561,EU-EEU,North,East
50.1833,14.7167,EU-EEU,North,East
50.2667,16.1167,EU-EEU,North,East
50.15,15.6833,EU-EEU,North,East
50.5333,16.2333,EU-EEU,North,East
49.3333,17.3,EU-EEU,North,East
50.0667,14.45,EU-EEU,North,East
48.9,16.7,EU-EEU,North,East
49.1667,14.3333,EU-EEU,North,East
50.3681717,15.0069117,EU-EEU,North,East
50.0667,14.4,EU-EEU,North,East
50.7333,15.25,EU-EEU,North,East
49.9,14.85,EU-EEU,North,East
49.7,18.35,EU-EEU,North,East
50.7333,15.3,EU-EEU,North,East
49.35,16.4333,EU-EEU,North,East
50.0667,12.9833,EU-EEU,North,East
50.1333,14.2833,EU-EEU,North,East
50.6667,14.0333,EU-EEU,North,East
49.2833,16.45,EU-EEU,North,East
48.983,16.4,EU-EEU,North,East
49.983,15.7,EU-EEU,North,East
49.667,18.583,EU-EEU,North,East
48.983,17.517,EU-EEU,North,East
50.233,14.6,EU-EEU,North,East
49.533,17.833,EU-EEU,North,East
50.267,14.517,EU-EEU,North,East
50.2334147,14.4107891,EU-EEU,North,East
49.867,12.75,EU-EEU,North,East
49.333,15.717,EU-EEU,North,East
49.85,14.4,EU-EEU,North,East
50.45,14.383,EU-EEU,North,East
49.424893,13.8817644,EU-EEU,North,East
50.033,15.467,EU-EEU,North,East
53.4833,8.4333,EU-NEU,North,East
53.6667,9.4833,EU-NEU,North,East
52.35,10.5667,EU-NEU,North,East
52.4,7.9333,EU-NEU,North,East
54.3167,9.9667,EU-NEU,North,East
47.95,10.0833,EU-EEU,North,East
50.05,7.1167,EU-NEU,North,East
51.7,11.6667,EU-NEU,North,East
52.1833,12.8667,EU-NEU,North,East
53.85,8.8,EU-NEU,North,East
53.9,10.2,EU-NEU,North,East
52.55,7.3,EU-NEU,North,East
53.5167,9.9167,EU-NEU,North,East
49.4333,11.8667,EU-EEU,North,East
51.8833,7.6,EU-NEU,North,East
53.2577806,7.9222968,EU-NEU,North,East
54.65,8.35,EU-NEU,North,East
50.4333,7.4,EU-NEU,North,East
53.2167,7.8,EU-NEU,North,East
52.8833,11.4833,EU-NEU,North,East
51.3833,8.0833,EU-NEU,North,East
54.3167,9.7167,EU-NEU,North,East
53.2167,7.7667,EU-NEU,North,East
53.4667,7.4833,EU-NEU,North,East
50.05,7.7667,EU-NEU,North,East
53.0833,10.5833,EU-NEU,North,East
51.2833,12.05,EU-EEU,North,East
48.0167,8.5333,EU-EEU,North,East
52.3167,8.3333,EU-NEU,North,East
48.1167,7.7333,EU-NEU,North,East
47.8667,7.7,EU-NEU,North,East
53.7333,7.3667,EU-NEU,North,East
49.0,12.2,EU-EEU,North,East
53.6833,9.4667,EU-NEU,North,East
53.6833,9.1833,EU-NEU,North,East
52.1833,10.4167,EU-NEU,North,East
52.1667,14.2333,EU-EEU,North,East
51.4833,13.1167,EU-EEU,North,East
50.4167,7.5667,EU-NEU,North,East
53.6833,7.5833,EU-NEU,North,East
50.8667,13.9333,EU-EEU,North,East
50.9833,7.1333,EU-NEU,North,East
52.5167,13.3833,EU-SCA,North,East
47.7333,9.3333,EU-EEU,North,East
52.35,11.8333,EU-NEU,North,East
52.5667,7.2833,EU-NEU,North,East
51.9667,11.65,EU-NEU,North,East
52.2833,13.75,EU-EEU,North,East
49.9667,7.8833,EU-NEU,North,East
54.4,13.6,EU-SCA,North,East
50.5,8.8167,EU-NEU,North,East
49.2,8.0333,EU-NEU,North,East
50.4333,6.65,EU-NEU,North,East
53.1833,8.5833,EU-NEU,North,East
52.0167,10.1333,EU-NEU,North,East
52.8833,10.1167,EU-NEU,North,East
52.85,10.6667,EU-NEU,North,East
51.75,9.3833,EU-NEU,North,East
53.3833,10.7167,EU-NEU,North,East
53.3833,8.7667,EU-NEU,North,East
53.0167,7.5,EU-NEU,North,East
54.3333,9.7167,EU-NEU,North,East
53.5833,6.6667,EU-NEU,North,East
51.4072674,13.2186617,EU-EEU,North,East
52.3,10.4,EU-NEU,North,East
49.4833,9.6333,EU-EEU,North,East
51.5333,11.8667,EU-EEU,North,East
53.7,11.55,EU-NEU,North,East
53.3333,8.4833,EU-NEU,North,East
53.55,8.7,EU-NEU,North,East
52.4167,12.55,EU-NEU,North,East
52.2667,10.5,EU-NEU,North,East
53.4833,9.1333,EU-NEU,North,East
52.4333,9.7333,EU-NEU,North,East
52.45,13.4333,EU-SCA,North,East
50.2167,7.45,EU-NEU,North,East
48.1167,8.8167,EU-EEU,North,East
54.3,9.65,EU-NEU,North,East
48.6833,8.1333,EU-NEU,North,East
53.45,10.0833,EU-NEU,North,East
49.2,12.0333,EU-EEU,North,East
50.9167,12.8167,EU-EEU,North,East
48.2833,9.1167,EU-EEU,North,East
53.5833,8.3667,EU-NEU,North,East
53.6667,9.4833,EU-NEU,North,East
53.45,9.7,EU-NEU,North,East
53.7,7.8,EU-NEU,North,East
51.55,7.3,EU-NEU,North,East
50.9667,13.9333,EU-EEU,North,East
50.9667,11.9667,EU-EEU,North,East
53.0167,11.65,EU-NEU,North,East
53.8833,8.7,EU-NEU,North,East
53.45,8.1167,EU-NEU,North,East
53.0833,13.1833,EU-SCA,North,East
53.9167,10.9833,EU-NEU,North,East
48.8167,12.9833,EU-EEU,North,East
53.9,13.0333,EU-SCA,North,East
51.8667,10.9167,EU-NEU,North,East
50.5333,7.0333,EU-NEU,North,East
50.7167,7.9833,EU-NEU,North,East
52.9667,7.2833,EU-NEU,North,East
51.1167,12.0667,EU-EEU,North,East
54.3,12.3667,EU-SCA,North,East
48.65,7.8833,EU-NEU,North,East
48.35,10.5833,EU-EEU,North,East
50.75,12.1167,EU-EEU,North,East
53.3167,7.2833,EU-NEU,North,East
51.35,12.2167,EU-EEU,North,East
49.25,10.2833,EU-EEU,North,East
52.2167,7.6833,EU-NEU,North,East
51.0833,6.8167,EU-NEU,North,East
48.15,11.6833,EU-EEU,North,East
52.95,7.3167,EU-NEU,North,East
51.6667,6.9667,EU-NEU,North,East
51.5,7.4833,EU-NEU,North,East
52.85,9.2333,EU-NEU,North,East
52.65,8.4333,EU-NEU,North,East
50.6167,7.9333,EU-NEU,North,East
53.7,9.3833,EU-NEU,North,East
51.4667,6.75,EU-NEU,North,East
51.2333,6.7833,EU-NEU,North,East
48.45,9.05,EU-EEU,North,East
49.4667,8.9833,EU-NEU,North,East
48.5167,12.0667,EU-EEU,North,East
49.4333,8.6,EU-NEU,North,East
49.8,10.0833,EU-EEU,North,East
52.5667,7.8167,EU-NEU,North,East
49.7667,11.05,EU-EEU,North,East
48.2833,9.7333,EU-EEU,North,East
54.2833,9.4,EU-NEU,North,East
52.15,14.65,EU-EEU,North,East
54.3333,10.1833,EU-NEU,North,East
49.8333,9.15,EU-NEU,North,East
53.2333,8.4667,EU-NEU,North,East
51.8333,12.8333,EU-EEU,North,East
51.8667,6.15,EU-NEU,North,East
48.1667,8.0667,EU-NEU,North,East
53.3667,7.2167,EU-NEU,North,East
48.5,10.6667,EU-EEU,North,East
51.6,6.6,EU-NEU,North,East
51.0167,12.9333,EU-EEU,North,East
49.8,9.1667,EU-NEU,North,East
47.5667,11.1,EU-EEU,North,East
49.8167,10.1167,EU-EEU,North,East
51.5839002,13.2423051,EU-EEU,North,East
48.0667,10.15,EU-EEU,North,East
53.6667,13.8833,EU-SCA,North,East
49.2333,8.0833,EU-NEU,North,East
49.75,8.1667,EU-NEU,North,East
50.1167,8.6833,EU-NEU,North,East
52.35,14.55,EU-EEU,North,East
48.6667,7.95,EU-NEU,North,East
52.8833,7.3,EU-NEU,North,East
51.6333,6.65,EU-NEU,North,East
53.0167,7.85,EU-NEU,North,East
50.6,7.1,EU-NEU,North,East
54.3,13.6833,EU-SCA,North,East
49.7833,8.1833,EU-NEU,North,East
51.1167,14.3167,EU-EEU,North,East
52.6,7.2667,EU-NEU,North,East
54.2029047,12.3017861,EU-SCA,North,East
51.5167,7.1167,EU-NEU,North,East
50.45,9.95,EU-NEU,North,East
49.15,7.2167,EU-NEU,North,East
50.95,9.0667,EU-NEU,North,East
49.3667,8.15,EU-NEU,North,East
50.5833,12.15,EU-EEU,North,East
47.75,11.7333,EU-EEU,North,East
50.85,6.9667,EU-NEU,North,East
51.35,13.2833,EU-EEU,North,East
50.0167,11.6833,EU-EEU,North,East
50.0167,9.7833,EU-NEU,North,East
54.25,12.2333,EU-SCA,North,East
51.7167,12.45,EU-EEU,North,East
53.7667,14.0167,EU-SCA,North,East
50.75,7.0667,EU-NEU,North,East
48.7333,7.9833,EU-NEU,North,East
53.5,7.1,EU-NEU,North,East
51.7833,6.3167,EU-NEU,North,East
51.05,7.15,EU-NEU,North,East
54.1167,13.05,EU-SCA,North,East
54.6333,8.7167,EU-NEU,North,East
52.2167,7.0333,EU-NEU,North,East
51.5667,7.3667,EU-NEU,North,East
50.0833,8.9833,EU-NEU,North,East
49.45,9.2833,EU-EEU,North,East
54.3833,11.0833,EU-NEU,North,East
53.4667,8.4833,EU-NEU,North,East
51.2833,12.15,EU-EEU,North,East
53.1833,12.95,EU-SCA,North,East
51.1167,6.4333,EU-NEU,North,East
49.8833,7.8,EU-NEU,North,East
54.5333,9.6667,EU-SCA,North,East
53.5167,9.9333,EU-NEU,North,East
53.55,10.0167,EU-NEU,North,East
52.1,9.35,EU-NEU,North,East
51.6833,7.8,EU-NEU,North,East
50.1333,8.9,EU-NEU,North,East
52.3667,9.7167,EU-NEU,North,East
53.7,7.8,EU-NEU,North,East
53.6333,9.6,EU-NEU,North,East
49.7833,9.4833,EU-NEU,North,East
50.0167,8.05,EU-NEU,North,East
51.9833,9.4667,EU-NEU,North,East
49.4167,8.7,EU-NEU,North,East
50.0,8.1333,EU-NEU,North,East
49.7667,8.0833,EU-NEU,North,East
52.2667,11.7333,EU-NEU,North,East
54.1667,7.8833,EU-NEU,North,East
53.7,9.1167,EU-NEU,North,East
52.6333,13.2167,EU-SCA,North,East
48.0667,9.4333,EU-EEU,North,East
50.7,8.3333,EU-NEU,North,East
53.0333,7.3167,EU-NEU,North,East
47.65,9.8333,EU-EEU,North,East
51.55,7.2167,EU-NEU,North,East
51.6,7.1333,EU-NEU,North,East
52.4167,7.3833,EU-NEU,North,East
51.8333,7.4,EU-NEU,North,East
51.9,7.6333,EU-NEU,North,East
50.4,9.1333,EU-NEU,North,East
51.0667,6.9333,EU-NEU,North,East
50.1,8.55,EU-NEU,North,East
49.2333,8.2,EU-NEU,North,East
52.2667,10.0667,EU-NEU,North,East
52.8667,14.15,EU-EEU,North,East
52.2333,11.7167,EU-NEU,North,East
51.7333,9.95,EU-NEU,North,East
51.8167,9.45,EU-NEU,North,East
51.45,6.6833,EU-NEU,North,East
54.5667,8.55,EU-NEU,North,East
53.6333,8.0167,EU-NEU,North,East
53.4,10.1667,EU-NEU,North,East
52.5167,13.6667,EU-EEU,North,East
50.9667,10.4167,EU-NEU,North,East
53.6833,8.0167,EU-NEU,North,East
52.2333,13.9667,EU-EEU,North,East
53.1,8.1833,EU-NEU,North,East
50.9333,7.8833,EU-NEU,North,East
49.9671242,6.5879525,EU-NEU,North,East
49.5,9.8167,EU-EEU,North,East
48.9345588,11.8668228,EU-EEU,North,East
48.7667,11.4333,EU-EEU,North,East
48.9167,8.6667,EU-EEU,North,East
51.5333,6.4167,EU-NEU,North,East
53.2667,7.3833,EU-NEU,North,East
48.3833,10.4167,EU-EEU,North,East
52.4,9.0,EU-NEU,North,East
53.6833,7.0,EU-NEU,North,East
50.0167,7.1667,EU-NEU,North,East
49.4833,8.1667,EU-NEU,North,East
54.3,12.8,EU-SCA,North,East
51.8667,7.3,EU-NEU,North,East
49.8,6.7167,EU-NEU,North,East
50.1167,8.8833,EU-NEU,North,East
49.7167,8.1,EU-NEU,North,East
54.3333,10.1333,EU-NEU,North,East
52.5667,14.6167,EU-EEU,North,East
50.0,7.0167,EU-NEU,North,East
48.95,11.3833,EU-EEU,North,East
51.6,6.9333,EU-NEU,North,East
52.3667,12.4167,EU-NEU,North,East
50.1667,10.3667,EU-EEU,North,East
52.3833,9.45,EU-NEU,North,East
50.95,6.9333,EU-NEU,North,East
52.2833,13.6167,EU-EEU,North,East
53.6667,9.35,EU-NEU,North,East
49.6,10.9333,EU-EEU,North,East
50.15,11.0167,EU-EEU,North,East
49.9833,7.1167,EU-NEU,North,East
48.4,11.6167,EU-EEU,North,East
53.75,9.3833,EU-NEU,North,East
51.3333,6.5667,EU-NEU,North,East
49.55,10.95,EU-EEU,North,East
53.9333,12.3167,EU-SCA,North,East
52.4,7.3667,EU-NEU,North,East
52.3667,9.0,EU-NEU,North,East
49.2,8.1167,EU-NEU,North,East
53.2167,8.0167,EU-NEU,North,East
54.8,9.6333,EU-SCA,North,East
54.3,12.4667,EU-SCA,North,East
53.75,7.4833,EU-NEU,North,East
50.6667,10.9833,EU-EEU,North,East
49.7167,6.5,EU-NEU,North,East
52.4333,13.35,EU-SCA,North,East
52.8667,7.3167,EU-NEU,North,East
51.0333,13.8333,EU-EEU,North,East
49.9167,7.9,EU-NEU,North,East
53.3667,10.5667,EU-NEU,North,East
51.55,12.6333,EU-EEU,North,East
50.9,10.6167,EU-EEU,North,East
50.9,10.6333,EU-EEU,North,East
48.4333,10.2333,EU-EEU,North,East
52.1167,14.2167,EU-EEU,North,East
52.5333,8.35,EU-NEU,North,East
53.1667,8.6167,EU-NEU,North,East
51.3667,7.6,EU-NEU,North,East
51.0333,7.0,EU-NEU,North,East
50.5167,8.8167,EU-NEU,North,East
52.8667,13.75,EU-SCA,North,East
52.6,9.1,EU-NEU,North,East
53.7167,14.0167,EU-SCA,North,East
49.9167,7.0167,EU-NEU,North,East
50.2691039,8.9956558,EU-NEU,North,East
47.55,9.6833,EU-EEU,North,East
50.5667,7.2833,EU-NEU,North,East
52.1833,8.6833,EU-NEU,North,East
49.8,6.7833,EU-NEU,North,East
51.05,13.8167,EU-EEU,North,East
50.8833,9.7333,EU-NEU,North,East
49.4667,8.4333,EU-NEU,North,East
49.8167,8.35,EU-NEU,North,East
50.8333,6.9833,EU-NEU,North,East
52.9167,14.1167,EU-EEU,North,East
51.6333,9.9167,EU-NEU,North,East
54.3,10.6,EU-NEU,North,East
50.6620715,8.7580771,EU-NEU,North,East
54.1667,10.55,EU-NEU,North,East
51.0833,9.5333,EU-NEU,North,East
48.2,11.15,EU-EEU,North,East
48.65,12.6,EU-EEU,North,East
49.4833,8.45,EU-NEU,North,East
53.45,7.7167,EU-NEU,North,East
53.5,8.05,EU-NEU,North,East
49.0333,8.3167,EU-NEU,North,East
49.0333,8.3,EU-NEU,North,East
49.8,6.8167,EU-NEU,North,East
52.3,10.1,EU-NEU,North,East
51.4667,6.7667,EU-NEU,North,East
51.0833,11.9833,EU-EEU,North,East
51.15,13.4833,EU-EEU,North,East
52.1833,13.4,EU-EEU,North,East
53.6333,6.9,EU-NEU,North,East
53.25,14.4333,EU-EEU,North,East
49.0667,8.9333,EU-EEU,North,East
52.2833,8.9,EU-NEU,North,East
49.8667,6.9333,EU-NEU,North,East
53.7,7.9667,EU-NEU,North,East
52.3667,9.85,EU-NEU,North,East
53.1333,8.6667,EU-NEU,North,East
48.8167,9.9667,EU-EEU,North,East
49.8667,8.25,EU-NEU,North,East
48.1,8.4333,EU-EEU,North,East
50.7833,7.0667,EU-NEU,North,East
48.8333,10.8333,EU-EEU,North,East
53.1667,8.5667,EU-NEU,North,East
50.9333,13.8333,EU-EEU,North,East
51.4333,13.2167,EU-EEU,North,East
49.9,7.0,EU-NEU,North,East
51.4333,6.8833,EU-NEU,North,East
50.75,12.5667,EU-EEU,North,East
48.5833,12.9,EU-EEU,North,East
52.9833,10.0833,EU-NEU,North,East
51.9667,7.6333,EU-NEU,North,East
49.95,7.8833,EU-NEU,North,East
52.3333,12.7333,EU-NEU,North,East
48.6167,9.25,EU-EEU,North,East
49.3167,9.15,EU-EEU,North,East
50.1,7.1333,EU-NEU,North,East
53.6667,7.35,EU-NEU,North,East
54.524214,13.092862,EU-SCA,North,East
51.5,7.0,EU-NEU,North,East
53.7,7.7,EU-NEU,North,East
53.8,9.0333,EU-NEU,North,East
51.1667,12.4333,EU-EEU,North,East
53.75,9.3333,EU-NEU,North,East
49.5333,8.1333,EU-NEU,North,East
49.85,6.8833,EU-NEU,North,East
48.3667,12.5,EU-EEU,North,East
53.0167,7.7833,EU-NEU,North,East
51.1833,6.6833,EU-NEU,North,East
54.1,10.8167,EU-NEU,North,East
53.3833,11.5833,EU-NEU,North,East
48.8833,8.5667,EU-EEU,North,East
50.7,7.1833,EU-NEU,North,East
51.2,14.4833,EU-EEU,North,East
48.25,11.85,EU-EEU,North,East
51.0,6.9667,EU-NEU,North,East
51.2333,13.4333,EU-EEU,North,East
50.8667,12.2833,EU-EEU,North,East
53.6167,7.15,EU-NEU,North,East
53.5,8.4833,EU-NEU,North,East
49.1,9.1333,EU-EEU,North,East
52.4333,7.0833,EU-NEU,North,East
54.5,8.8833,EU-NEU,North,East
49.4333,11.0667,EU-EEU,North,East
48.1333,8.8667,EU-EEU,North,East
49.5333,8.7833,EU-NEU,North,East
54.3,9.6667,EU-NEU,North,East
51.4667,6.85,EU-NEU,North,East
49.7833,7.75,EU-NEU,North,East
50.2667,11.9333,EU-EEU,North,East
50.3667,8.6833,EU-NEU,North,East
49.5167,7.1,EU-NEU,North,East
50.1167,7.7167,EU-NEU,North,East
50.6,7.2,EU-NEU,North,East
50.0,8.0,EU-NEU,North,East
50.1,8.7667,EU-NEU,North,East
53.1667,8.2,EU-NEU,North,East
53.45,8.5167,EU-NEU,North,East
53.3333,7.3333,EU-NEU,North,East
53.4333,10.1,EU-NEU,North,East
51.5167,6.6833,EU-NEU,North,East
52.4667,10.6833,EU-NEU,North,East
52.2667,8.05,EU-NEU,North,East
51.5667,6.5667,EU-NEU,North,East
53.9,9.1833,EU-NEU,North,East
54.2833,9.7,EU-NEU,North,East
52.1167,9.6167,EU-NEU,North,East
54.15,11.75,EU-SCA,North,East
49.9667,10.7167,EU-EEU,North,East
53.8,8.9,EU-NEU,North,East
54.2667,9.3167,EU-NEU,North,East
53.0667,7.4,EU-NEU,North,East
52.6833,12.25,EU-NEU,North,East
54.0833,11.9833,EU-SCA,North,East
48.5667,13.45,EU-EEU,North,East
49.7667,11.0167,EU-EEU,North,East
54.1333,13.7833,EU-SCA,North,East
52.3167,10.2333,EU-NEU,North,East
54.5167,8.6333,EU-NEU,North,East
52.3833,7.9667,EU-NEU,North,East
51.65,6.55,EU-NEU,North,East
54.2167,12.4333,EU-SCA,North,East
48.8167,11.6833,EU-EEU,North,East
47.5833,10.55,EU-EEU,North,East
52.3167,8.0167,EU-NEU,North,East
49.8833,6.9167,EU-NEU,North,East
51.8667,12.6,EU-EEU,North,East
49.95,6.9667,EU-NEU,North,East
51.45,13.6167,EU-EEU,North,East
48.55,9.2,EU-EEU,North,East
52.3833,9.2,EU-NEU,North,East
52.4,13.0667,EU-SCA,North,East
51.6667,12.9167,EU-EEU,North,East
54.3833,12.6667,EU-SCA,North,East
51.1,14.2167,EU-EEU,North,East
51.2167,13.7167,EU-EEU,North,East
50.5167,7.0333,EU-NEU,North,East
53.3333,12.7167,EU-SCA,North,East
52.3833,7.7167,EU-NEU,North,East
53.4833,7.8333,EU-NEU,North,East
49.35,8.9333,EU-EEU,North,East
48.7167,9.4667,EU-EEU,North,East
52.7833,9.3833,EU-NEU,North,East
51.55,6.5833,EU-NEU,North,East
53.1,12.8833,EU-SCA,North,East
48.9,13.35,EU-EEU,North,East
50.0833,9.6333,EU-NEU,North,East
52.2667,7.6167,EU-NEU,North,East
49.4333,8.25,EU-NEU,North,East
54.0833,12.1333,EU-SCA,North,East
48.0,10.0167,EU-EEU,North,East
51.0,9.7333,EU-NEU,North,East
52.1833,11.6667,EU-NEU,North,East
49.85,7.8167,EU-NEU,North,East
49.9833,7.9167,EU-NEU,North,East
52.4167,13.4833,EU-SCA,North,East
48.4333,13.3333,EU-EEU,North,East
51.6333,7.65,EU-NEU,North,East
52.3167,9.0667,EU-NEU,North,East
49.9833,8.4333,EU-NEU,North,East
52.0833,11.6667,EU-NEU,North,East
52.15,10.3167,EU-NEU,North,East
51.5333,11.8333,EU-EEU,North,East
53.9,9.25,EU-NEU,North,East
48.8667,9.9167,EU-EEU,North,East
52.4667,11.9833,EU-NEU,North,East
50.5167,6.4667,EU-NEU,North,East
52.1,7.7167,EU-NEU,North,East
53.0333,11.5667,EU-NEU,North,East
52.0167,11.7333,EU-NEU,North,East
51.3,13.7,EU-EEU,North,East
52.2333,12.2167,EU-NEU,North,East
49.0667,9.2,EU-EEU,North,East
53.5833,9.7,EU-NEU,North,East
54.2667,8.9333,EU-NEU,North,East
48.2667,7.9667,EU-NEU,North,East
53.95,12.1167,EU-SCA,North,East
49.15,9.0667,EU-EEU,North,East
49.9167,10.1333,EU-EEU,North,East
49.35,11.25,EU-EEU,North,East
53.0667,14.2667,EU-EEU,North,East
50.05,10.2167,EU-EEU,North,East
51.5,6.7333,EU-NEU,North,East
52.75,9.1833,EU-NEU,North,East
52.3333,12.9667,EU-NEU,North,East
48.2667,12.25,EU-EEU,North,East
48.3167,7.95,EU-NEU,North,East
49.7333,9.3167,EU-NEU,North,East
52.3167,9.9333,EU-NEU,North,East
50.9333,14.6,EU-EEU,North,East
50.0833,7.2,EU-NEU,North,East
49.5833,6.5667,EU-NEU,North,East
50.1833,10.85,EU-EEU,North,East
53.7667,7.7,EU-NEU,North,East
51.8,6.1333,EU-NEU,North,East
53.6,9.4833,EU-NEU,North,East
53.6333,9.5167,EU-NEU,North,East
54.2333,13.2833,EU-SCA,North,East
52.6833,10.4,EU-NEU,North,East
50.3,11.4667,EU-EEU,North,East
47.85,12.1833,EU-EEU,North,East
50.65,7.9833,EU-NEU,North,East
53.8667,13.5667,EU-SCA,North,East
54.4667,13.1333,EU-SCA,North,East
48.9333,9.85,EU-EEU,North,East
47.6667,10.35,EU-EEU,North,East
48.8833,12.35,EU-EEU,North,East
49.55,6.5833,EU-NEU,North,East
52.55,11.95,EU-NEU,North,East
52.4,13.2667,EU-SCA,North,East
49.6833,6.4667,EU-NEU,North,East
51.1167,12.0167,EU-EEU,North,East
51.4333,12.6667,EU-EEU,North,East
48.5667,10.9167,EU-EEU,North,East
52.3167,10.5,EU-NEU,North,East
49.8667,9.8333,EU-NEU,North,East
53.1833,10.9833,EU-NEU,North,East
50.1,11.8167,EU-EEU,North,East
53.5667,8.2833,EU-NEU,North,East
52.2167,13.2167,EU-SCA,North,East
50.0,7.8333,EU-NEU,North,East
50.1833,7.3,EU-NEU,North,East
49.8667,8.1667,EU-NEU,North,East
53.7333,14.05,EU-SCA,North,East
52.9667,10.55,EU-NEU,North,East
53.0,9.0667,EU-NEU,North,East
48.4,10.0,EU-EEU,North,East
53.4667,7.7333,EU-NEU,North,East
50.4,7.5167,EU-NEU,North,East
53.4,8.1333,EU-NEU,North,East
52.35,7.45,EU-NEU,North,East
52.4,8.1667,EU-NEU,North,East
51.7833,14.0833,EU-EEU,North,East
51.95,10.5667,EU-NEU,North,East
54.1167,13.5833,EU-SCA,North,East
47.95,10.9167,EU-EEU,North,East
48.45,12.35,EU-EEU,North,East
51.4333,6.6333,EU-NEU,North,East
54.5667,13.1,EU-SCA,North,East
53.2333,10.9333,EU-NEU,North,East
49.8667,10.2333,EU-EEU,North,East
51.1,9.3333,EU-NEU,North,East
49.0167,9.15,EU-EEU,North,East
51.5333,6.7,EU-NEU,North,East
51.6333,7.4,EU-NEU,North,East
50.9,10.85,EU-EEU,North,East
53.8,7.9,EU-NEU,North,East
54.1167,10.2,EU-NEU,North,East
51.5333,7.1667,EU-NEU,North,East
54.1667,12.0833,EU-SCA,North,East
50.1,6.3667,EU-NEU,North,East
52.2667,10.4167,EU-NEU,North,East
53.1667,7.35,EU-NEU,North,East
48.15,8.8,EU-EEU,North,East
49.4833,9.9,EU-EEU,North,East
50.7667,6.8333,EU-NEU,North,East
48.8167,9.3667,EU-EEU,North,East
49.5167,8.2333,EU-NEU,North,East
49.0333,10.9667,EU-EEU,North,East
50.4167,7.45,EU-NEU,North,East
49.3667,7.0833,EU-NEU,North,East
51.65,6.5333,EU-NEU,North,East
51.6667,6.6167,EU-NEU,North,East
53.6667,7.4833,EU-NEU,North,East
54.5167,9.1833,EU-NEU,North,East
51.1333,6.4167,EU-NEU,North,East
53.45,7.5833,EU-NEU,North,East
53.5167,8.1333,EU-NEU,North,East
52.3333,8.4333,EU-NEU,North,East
52.4,9.0167,EU-NEU,North,East
49.25,10.8167,EU-EEU,North,East
49.5667,7.85,EU-NEU,North,East
51.45,10.6667,EU-NEU,North,East
53.7833,9.3167,EU-NEU,North,East
53.0167,11.75,EU-NEU,North,East
51.3833,14.25,EU-EEU,North,East
52.3167,8.3667,EU-NEU,North,East
53.9333,11.25,EU-NEU,North,East
52.4333,10.8,EU-NEU,North,East
50.65,13.0667,EU-EEU,North,East
52.2667,13.8333,EU-EEU,North,East
51.05,6.85,EU-NEU,North,East
49.0,12.4,EU-EEU,North,East
52.7167,14.1333,EU-EEU,North,East
53.9333,9.75,EU-NEU,North,East
51.9167,12.7833,EU-EEU,North,East
49.1,8.8167,EU-EEU,North,East
53.15,12.8833,EU-SCA,North,East
51.2,13.4,EU-EEU,North,East
49.6333,8.1333,EU-NEU,North,East
52.35,13.6333,EU-EEU,North,East
54.4333,12.6833,EU-SCA,North,East
49.2833,8.8167,EU-EEU,North,East
53.55,8.583333333,EU-NEU,North,East
50.767,6.083,EU-NEU,North,East
52.383,13.117,EU-SCA,North,East
50.167,7.683,EU-NEU,North,East
49.980747,9.130424,EU-NEU,North,East
49.083,11.9,EU-EEU,North,East
48.9471605,9.1305037,EU-EEU,North,East
51.6684529,9.3722807,EU-NEU,North,East
49.2343944,9.2079738,EU-EEU,North,East
50.9121507,8.5301232,EU-NEU,North,East
51.529086,6.9446888,EU-NEU,North,East
52.2084623,8.8009706,EU-NEU,North,East
53.0792962,8.8016936,EU-NEU,North,East
52.4077183,8.0015624,EU-NEU,North,East
53.883,9.133,EU-NEU,North,East
48.7185826,10.7778041,EU-EEU,North,East
51.25,13.417,EU-EEU,North,East
50.35,7.617,EU-NEU,North,East
54.4689457,9.8384467,EU-NEU,North,East
53.7513549,9.6632521,EU-NEU,North,East
50.183,6.35,EU-NEU,North,East
53.083,11.433,EU-NEU,North,East
50.983,9.333,EU-NEU,North,East
54.801,9.43479,EU-SCA,North,East
50.8,7.15,EU-NEU,North,East
49.2333,8.3833,EU-NEU,North,East
50.583,7.067,EU-NEU,North,East
54.833,9.55,EU-SCA,North,East
52.35,11.967,EU-NEU,North,East
53.5510846,9.9936818,EU-NEU,North,East
49.1426929,9.210879,EU-EEU,North,East
49.233,8.117,EU-NEU,North,East
48.7,7.967,EU-NEU,North,East
51.7774678,9.3771214,EU-NEU,North,East
49.217,8.017,EU-NEU,North,East
49.977445,8.054197,EU-NEU,North,East
47.633,10.117,EU-EEU,North,East
50.0597078,8.5297786,EU-NEU,North,East
49.2,9.2,EU-EEU,North,East
49.7340805,10.1473777,EU-EEU,North,East
51.367,13.233,EU-EEU,North,East
47.6779496,9.1732384,EU-EEU,North,East
53.217,8.45,EU-NEU,North,East
48.817,8.25,EU-NEU,North,East
53.893412,10.700594,EU-NEU,North,East
54.133,13.6,EU-SCA,North,East
52.52306,7.323279,EU-NEU,North,East
51.833,12.75,EU-EEU,North,East
53.95,13.833,EU-SCA,North,East
52.1205333,11.6276237,EU-NEU,North,East
54.68464,9.9919009,EU-SCA,North,East
48.8426674,10.8536544,EU-EEU,North,East
51.467,13.183,EU-EEU,North,East
50.435973,7.470857,EU-NEU,North,East
52.25,13.783,EU-EEU,North,East
49.5885454,12.4089718,EU-EEU,North,East
47.745237,8.9669098,EU-EEU,North,East
52.2815691,7.4434092,EU-NEU,North,East
52.833,14.0,EU-EEU,North,East
51.2,13.3,EU-EEU,North,East
54.683,8.75,EU-SCA,North,East
54.5239312,9.563227,EU-SCA,North,East
48.75,8.033,EU-NEU,North,East
49.317361,8.442062,EU-NEU,North,East
48.8777333,12.5801538,EU-EEU,North,East
54.267,10.217,EU-NEU,North,East
51.35,13.217,EU-EEU,North,East
52.367,13.95,EU-EEU,North,East
47.7661746,9.1702772,EU-EEU,North,East
53.6872441,9.6763338,EU-NEU,North,East
50.667,13.15,EU-EEU,North,East
54.1182859,13.5699575,EU-SCA,North,East
49.2556226,6.8588948,EU-NEU,North,East
52.933,13.0,EU-SCA,North,East
50.617,7.983,EU-NEU,North,East
53.5823813,9.7137465,EU-NEU,North,East
50.078053,8.240128,EU-NEU,North,East
53.8995,11.4543,EU-NEU,North,East
49.05,8.2833,EU-NEU,North,East
49.634474,8.350344,EU-NEU,North,East
51.8739831,12.6279659,EU-EEU,North,East
49.7586035,9.5128511,EU-NEU,North,East
49.7913044,9.9533548,EU-EEU,North,East
53.25,9.833,EU-NEU,North,East
52.967,13.317,EU-SCA,North,East
56.15,10.2167,EU-SCA,North,East
55.0333,9.4333,EU-SCA,North,East
57.15,9.75,EU-SCA,North,East
55.0667,14.9333,EU-SCA,North,East
55.2667,14.8,EU-SCA,North,East
55.2667,9.75,EU-SCA,North,East
55.25,9.7167,EU-SCA,North,East
57.15,10.4167,EU-SCA,North,East
55.0333,10.2667,EU-SCA,North,East
56.8167,10.1,EU-SCA,North,East
55.8167,10.65,EU-SCA,North,East
55.55,8.1333,EU-SCA,North,East
55.5667,10.0833,EU-SCA,North,East
54.9333,12.05,EU-SCA,North,East
55.1,10.0833,EU-SCA,North,East
56.4333,8.2,EU-SCA,North,East
55.3167,15.1833,EU-SCA,North,East
54.75,11.2,EU-SCA,North,East
55.7333,12.5333,EU-SCA,North,East
55.0167,9.4333,EU-SCA,North,East
55.85,11.6333,EU-SCA,North,East
55.3,10.5833,EU-SCA,North,East
55.45,8.95,EU-SCA,North,East
55.8333,12.0667,EU-SCA,North,East
54.9667,9.9667,EU-SCA,North,East
56.3020868,10.865417,EU-SCA,North,East
55.2167,14.9667,EU-SCA,North,East
56.7167,10.1,EU-SCA,North,East
55.2833,14.75,EU-SCA,North,East
55.3833,9.6,EU-SCA,North,East
56.0667,12.5667,EU-SCA,North,East
55.5167,8.3667,EU-SCA,North,East
55.3333,10.45,EU-SCA,North,East
55.9667,12.5167,EU-SCA,North,East
55.9833,8.1333,EU-SCA,North,East
55.75,9.4333,EU-SCA,North,East
55.7,10.0167,EU-SCA,North,East
55.5667,12.2167,EU-SCA,North,East
55.1833,11.6667,EU-SCA,North,East
54.7,11.75,EU-SCA,North,East
56.5333,8.5833,EU-SCA,North,East
54.954513,12.472556,EU-SCA,North,East
55.6667,12.5833,EU-SCA,North,East
55.8,10.55,EU-SCA,North,East
54.842808,9.449937,EU-SCA,North,East
56.7,10.0667,EU-SCA,North,East
55.1333,10.7833,EU-SCA,North,East
56.65,10.0,EU-SCA,North,East
54.9667,11.8833,EU-SCA,North,East
55.0,11.8667,EU-SCA,North,East
55.0,11.9167,EU-SCA,North,East
55.2333,11.7667,EU-SCA,North,East
55.45,9.2833,EU-SCA,North,East
55.7,12.6,EU-SCA,North,East
55.95,9.3833,EU-SCA,North,East
54.7667,11.8833,EU-SCA,North,East
56.7833,8.85,EU-SCA,North,East
55.9167,11.6667,EU-SCA,North,East
55.6,11.6667,EU-SCA,North,East
54.6833,11.3833,EU-SCA,North,East
54.65,11.35,EU-SCA,North,East
55.0667,9.3167,EU-SCA,North,East
55.25,12.3667,EU-SCA,North,East
55.1333,8.5167,EU-SCA,North,East
56.0,10.2333,EU-SCA,North,East
55.25,10.55,EU-SCA,North,East
57.3333,10.5333,EU-SCA,North,East
55.2667,11.5333,EU-SCA,North,East
55.2833,14.7833,EU-SCA,North,East
55.8167,12.5667,EU-SCA,North,East
55.7667,12.6,EU-SCA,North,East
55.0667,11.9167,EU-SCA,North,East
55.3,10.05,EU-SCA,North,East
54.9,9.7833,EU-SCA,North,East
55.9667,8.3833,EU-SCA,North,East
55.0,12.0333,EU-SCA,North,East
55.3167,12.45,EU-SCA,North,East
55.2,11.2333,EU-SCA,North,East
55.5833,11.25,EU-SCA,North,East
55.3167,12.4167,EU-SCA,North,East
55.55,11.7167,EU-SCA,North,East
55.3833,12.3,EU-SCA,North,East
54.8833,12.05,EU-SCA,North,East
55.0167,9.4333,EU-SCA,North,East
56.8667,8.6667,EU-SCA,North,East
55.1333,15.15,EU-SCA,North,East
54.9,9.8833,EU-SCA,North,East
56.0167,12.4667,EU-SCA,North,East
56.5,9.6,EU-SCA,North,East
54.75,11.8,EU-SCA,North,East
54.9,11.3333,EU-SCA,North,East
56.3667,8.1167,EU-SCA,North,East
55.0333,10.65,EU-SCA,North,East
55.6,12.1833,EU-SCA,North,East
54.7,11.9333,EU-SCA,North,East
55.6333,12.35,EU-SCA,North,East
56.0667,12.15,EU-SCA,North,East
55.75,12.25,EU-SCA,North,East
55.3667,11.2667,EU-SCA,North,East
54.85,11.2833,EU-SCA,North,East
55.0,11.9,EU-SCA,North,East
55.0,11.9167,EU-SCA,North,East
54.9833,11.8833,EU-SCA,North,East
55.55,9.75,EU-SCA,North,East
57.0488195,9.921747,EU-SCA,North,East
55.2702263,9.9008188,EU-SCA,North,East
55.3,10.783,EU-SCA,North,East
56.153128,10.106763,EU-SCA,North,East
56.7865278,9.0012284,EU-SCA,North,East
55.476466,8.459405,EU-SCA,North,East
57.4571,10.5535,EU-SCA,North,East
56.8264232,9.0190386,EU-SCA,North,East
54.574422,11.931194,EU-SCA,North,East
55.250072,9.48911,EU-SCA,North,East
56.721437,10.112897,EU-SCA,North,East
56.361534,8.621727,EU-SCA,North,East
56.70245,9.203652,EU-SCA,North,East
55.917,10.25,EU-SCA,North,East
55.686429,11.089188,EU-SCA,North,East
55.483,10.45,EU-SCA,North,East
55.457526,12.182181,EU-SCA,North,East
55.325763,11.14939,EU-SCA,North,East
55.637944,12.641528,EU-SCA,North,East
56.963151,9.257084,EU-SCA,North,East
55.283,10.8,EU-SCA,North,East
54.833406,11.143724,EU-SCA,North,East
55.324169,10.799561,EU-SCA,North,East
55.3,10.783,EU-SCA,North,East
55.3984,10.4003,EU-SCA,North,East
56.457,10.0673,EU-SCA,North,East
57.0488195,9.921747,EU-SCA,North,East
54.798236,11.631226,EU-SCA,North,East
57.725004,10.579186,EU-SCA,North,East
56.176362,9.5549216,EU-SCA,North,East
56.25,10.35,EU-SCA,North,East
55.7,9.5666,EU-SCA,North,East
58.3667,22.0167,EU-SCA,North,East
58.1667,22.5333,EU-SCA,North,East
58.5333,23.6833,EU-SCA,North,East
59.5667,24.75,EU-SCA,North,East
58.2167,22.3667,EU-SCA,North,East
59.0167,27.4333,EU-SCA,North,East
59.0167,27.4333,EU-SCA,North,East
59.0,27.4333,EU-SCA,North,East
59.45,26.8667,EU-SCA,North,East
59.45,26.8667,EU-SCA,North,East
58.3,21.9,EU-SCA,North,East
59.45,24.65,EU-SCA,North,East
59.2167,23.5,EU-SCA,North,East
58.3833,24.3667,EU-SCA,North,East
59.5667,26.3,EU-SCA,North,East
58.9333,23.5333,EU-SCA,North,East
58.9667,23.5333,EU-SCA,North,East
58.8,22.45,EU-SCA,North,East
59.5833,25.6167,EU-SCA,North,East
59.0833,23.5333,EU-SCA,North,East
58.8667,23.05,EU-SCA,North,East
59.0,22.85,EU-SCA,North,East
59.4667,24.7167,EU-SCA,North,East
58.0333,24.4667,EU-SCA,North,East
58.3667,26.7333,EU-SCA,North,East
58.9833,27.1833,EU-SCA,North,East
58.3833,24.2833,EU-SCA,North,East
57.9833,22.2,EU-SCA,North,East
59.5167,25.2833,EU-SCA,North,East
59.45,24.6,EU-SCA,North,East
58.9167,22.05,EU-SCA,North,East
59.45,24.75,EU-SCA,North,East
58.45,23.2667,EU-SCA,North,East
59.4667,24.8333,EU-SCA,North,East
58.65,23.2667,EU-SCA,North,East
58.65,27.15,EU-SCA,North,East
58.6667,27.1667,EU-SCA,North,East
58.6667,27.1667,EU-SCA,North,East
58.8833,26.9667,EU-SCA,North,East
59.0,22.75,EU-SCA,North,East
59.55,26.4167,EU-SCA,North,East
58.3667,26.75,EU-SCA,North,East
58.25,22.7333,EU-SCA,North,East
58.7667,22.8333,EU-SCA,North,East
58.3333,23.9167,EU-SCA,North,East
58.05,22.0667,EU-SCA,North,East
58.2667,24.1667,EU-SCA,North,East
59.6333,25.0167,EU-SCA,North,East
59.55,24.8333,EU-SCA,North,East
58.6333,23.45,EU-SCA,North,East
58.1333,24.0167,EU-SCA,North,East
58.7667,23.5333,EU-SCA,North,East
58.6,23.0667,EU-SCA,North,East
58.3667,22.9667,EU-SCA,North,East
59.5,25.0833,EU-SCA,North,East
58.55,27.2167,EU-SCA,North,East
58.9667,22.4667,EU-SCA,North,East
58.5667,23.3833,EU-SCA,North,East
59.5167,26.5333,EU-SCA,North,East
58.35,22.95,EU-SCA,North,East
58.25,22.5,EU-SCA,North,East
58.25,22.4667,EU-SCA,North,East
59.2667,24.0167,EU-SCA,North,East
58.3333,27.4167,EU-SCA,North,East
58.5333,23.6833,EU-SCA,North,East
58.1333,22.25,EU-SCA,North,East
59.45,24.7,EU-SCA,North,East
58.2333,24.1167,EU-SCA,North,East
58.9167,22.0833,EU-SCA,North,East
59.0667,22.7,EU-SCA,North,East
59.0667,22.7,EU-SCA,North,East
59.45,24.7333,EU-SCA,North,East
59.5333,24.85,EU-SCA,North,East
59.55,24.8667,EU-SCA,North,East
58.3333,24.2833,EU-SCA,North,East
58.2833,24.2667,EU-SCA,North,East
59.4,24.2167,EU-SCA,North,East
59.5833,25.7,EU-SCA,North,East
58.1667,22.1167,EU-SCA,North,East
58.4833,23.2667,EU-SCA,North,East
58.5333,23.3167,EU-SCA,North,East
58.8667,23.4833,EU-SCA,North,East
59.5167,23.7167,EU-SCA,North,East
59.2167,24.1333,EU-SCA,North,East
58.5167,23.6667,EU-SCA,North,East
59.45,24.6667,EU-SCA,North,East
58.2333,27.4833,EU-SCA,North,East
58.3,24.0167,EU-SCA,North,East
58.7833,26.9833,EU-SCA,North,East
59.5,24.8167,EU-SCA,North,East
59.6,25.0,EU-SCA,North,East
57.95,22.1333,EU-SCA,North,East
57.95,22.1167,EU-SCA,North,East
58.2333,24.1167,EU-SCA,North,East
58.2333,22.5833,EU-SCA,North,East
58.85,26.95,EU-SCA,North,East
59.5,24.9667,EU-SCA,North,East
59.55,24.55,EU-SCA,North,East
58.8167,23.0333,EU-SCA,North,East
59.4667,28.05,EU-RUS,North,East
58.2167,22.4,EU-SCA,North,East
58.2333,22.3833,EU-SCA,North,East
59.5333,25.1667,EU-SCA,North,East
59.45,24.7333,EU-SCA,North,East
59.25,23.6667,EU-SCA,North,East
59.5833,24.7833,EU-SCA,North,East
58.4,25.9833,EU-SCA,North,East
58.7833,26.9833,EU-SCA,North,East
58.5667,23.1,EU-SCA,North,East
58.7833,22.7667,EU-SCA,North,East
59.2833,23.4167,EU-SCA,North,East
58.9833,23.5167,EU-SCA,North,East
59.5667,24.8,EU-SCA,North,East
58.65,27.1667,EU-SCA,North,East
58.5167,23.6833,EU-SCA,North,East
58.4833,23.2667,EU-SCA,North,East
59.3333,24.0833,EU-SCA,North,East
59.35,24.05,EU-SCA,North,East
59.45,24.7,EU-SCA,North,East
58.3667,21.9833,EU-SCA,North,East
58.3833,24.5,EU-SCA,North,East
58.3833,24.4833,EU-SCA,North,East
59.0167,23.4333,EU-SCA,North,East
59.45,24.75,EU-SCA,North,East
58.25,24.1333,EU-SCA,North,East
58.45,23.6667,EU-SCA,North,East
58.3833,27.5167,EU-SCA,North,East
59.45,24.6667,EU-SCA,North,East
59.4667,24.8167,EU-SCA,North,East
59.6167,25.0,EU-SCA,North,East
59.4167,27.0,EU-SCA,North,East
59.4333,26.9833,EU-SCA,North,East
59.4333,26.9833,EU-SCA,North,East
58.6333,27.15,EU-SCA,North,East
58.8333,26.95,EU-SCA,North,East
59.0333,23.2833,EU-SCA,North,East
58.1167,24.4833,EU-SCA,North,East
58.3667,26.75,EU-SCA,North,East
59.0167,27.55,EU-SCA,North,East
59.2667,23.7333,EU-SCA,North,East
58.9167,22.0667,EU-SCA,North,East
58.9167,22.0667,EU-SCA,North,East
58.9,23.4333,EU-SCA,North,East
59.5667,24.8,EU-SCA,North,East
59.5667,24.8,EU-SCA,North,East
59.0,22.8167,EU-SCA,North,East
58.2167,22.5,EU-SCA,North,East
58.2667,21.8667,EU-SCA,North,East
58.3833,23.0333,EU-SCA,North,East
58.3833,26.9833,EU-SCA,North,East
58.5333,22.2333,EU-SCA,North,East
58.7333,23.5667,EU-SCA,North,East
58.8333,22.95,EU-SCA,North,East
58.8333,22.95,EU-SCA,North,East
58.9833,22.95,EU-SCA,North,East
58.1667,22.25,EU-SCA,North,East
59.5,25.3667,EU-SCA,North,East
58.7167,27.1333,EU-SCA,North,East
58.15,24.0,EU-SCA,North,East
59.4167,27.7333,EU-RUS,North,East
58.6167,22.6,EU-SCA,North,East
58.7167,27.1167,EU-SCA,North,East
58.7,22.5333,EU-SCA,North,East
58.7,22.5167,EU-SCA,North,East
58.1333,24.0167,EU-SCA,North,East
58.1333,24.0,EU-SCA,North,East
58.9667,23.5333,EU-SCA,North,East
59.4667,28.05,EU-RUS,North,East
59.6333,25.6833,EU-SCA,North,East
58.9667,22.9167,EU-SCA,North,East
58.9667,23.3167,EU-SCA,North,East
58.6,22.9833,EU-SCA,North,East
59.4333,24.7333,EU-SCA,North,East
58.3833,24.5,EU-SCA,North,East
59.5167,24.8833,EU-SCA,North,East
59.6,25.5667,EU-SCA,North,East
58.6833,22.6,EU-SCA,North,East
58.25,25.9667,EU-SCA,North,East
59.45,24.4833,EU-SCA,North,East
59.4333,27.5333,EU-SCA,North,East
58.25,22.4667,EU-SCA,North,East
57.9167,24.3833,EU-SCA,North,East
58.6,22.7167,EU-SCA,North,East
58.7833,22.7667,EU-SCA,North,East
58.3333,22.9333,EU-SCA,North,East
58.3667,26.7333,EU-SCA,North,East
58.55,23.0833,EU-SCA,North,East
58.3667,26.9833,EU-SCA,North,East
58.8833,23.0167,EU-SCA,North,East
58.3833,26.7333,EU-SCA,North,East
58.5,23.2333,EU-SCA,North,East
59.45,24.7667,EU-SCA,North,East
58.3833,24.4833,EU-SCA,North,East
58.3167,23.9833,EU-SCA,North,East
58.4333,23.6833,EU-SCA,North,East
58.5833,22.4,EU-SCA,North,East
58.4833,27.25,EU-SCA,North,East
58.9333,22.95,EU-SCA,North,East
59.0,27.7333,EU-RUS,North,East
59.0,27.7333,EU-RUS,North,East
59.0167,27.7333,EU-RUS,North,East
59.0,27.7333,EU-RUS,North,East
59.0167,27.7333,EU-RUS,North,East
58.4667,22.05,EU-SCA,North,East
58.4667,22.05,EU-SCA,North,East
59.45,24.65,EU-SCA,North,East
58.6,26.1,EU-SCA,North,East
59.65,25.75,EU-SCA,North,East
58.3667,21.8667,EU-SCA,North,East
58.5833,23.5167,EU-SCA,North,East
58.5833,23.5167,EU-SCA,North,East
58.5833,23.5667,EU-SCA,North,East
58.3167,24.0167,EU-SCA,North,East
58.2167,24.4667,EU-SCA,North,East
58.0833,27.55,EU-SCA,North,East
58.6833,23.2,EU-SCA,North,East
59.5833,25.9667,EU-SCA,North,East
58.9667,23.5167,EU-SCA,North,East
58.9667,23.5333,EU-SCA,North,East
59.65,25.68333,EU-SCA,North,East
59.43333,27.15,EU-SCA,North,East
58.36667,22.01667,EU-SCA,North,East
58.43333,22.11667,EU-SCA,North,East
59.61667,25.78333,EU-SCA,North,East
59.61667,25.76667,EU-SCA,North,East
58.26667,26.15,EU-SCA,North,East
58.33333,27.28333,EU-SCA,North,East
59.58333,26.11667,EU-SCA,North,East
59.56667,25.65,EU-SCA,North,East
58.55,23.18333,EU-SCA,North,East
57.83333,26.93333,EU-SCA,North,East
59.28333,23.8,EU-SCA,North,East
58.23333,25.98333,EU-SCA,North,East
58.41667,23.11667,EU-SCA,North,East
59.01667,27.43333,EU-SCA,North,East
58.36667,25.96667,EU-SCA,North,East
59.6,25.5,EU-SCA,North,East
59.6,25.78333,EU-SCA,North,East
58.65,23.13333,EU-SCA,North,East
59.5,25.46667,EU-SCA,North,East
58.1,22.23333,EU-SCA,North,East
59.6,26.13333,EU-SCA,North,East
58.31667,26.15,EU-SCA,North,East
58.06667,24.48333,EU-SCA,North,East
58.15,26.08333,EU-SCA,North,East
59.51667,25.5,EU-SCA,North,East
58.03333,27.58333,EU-SCA,North,East
58.58333,22.46667,EU-SCA,North,East
58.85,23.06667,EU-SCA,North,East
59.55,25.55,EU-SCA,North,East
58.76667,23.85,EU-SCA,North,East
58.51667,23.63333,EU-SCA,North,East
58.08333,27.58333,EU-SCA,North,East
58.13333,24.01667,EU-SCA,North,East
59.03333,23.23333,EU-SCA,North,East
59.0,23.63333,EU-SCA,North,East
59.03333,23.3,EU-SCA,North,East
58.18333,26.08333,EU-SCA,North,East
59.01667,23.41667,EU-SCA,North,East
58.35,24.0,EU-SCA,North,East
58.36667,24.0,EU-SCA,North,East
59.15,23.51667,EU-SCA,North,East
58.595272,25.013607,EU-SCA,North,East
58.56667,26.7,EU-SCA,North,East
59.65,25.76667,EU-SCA,North,East
58.18333,26.08333,EU-SCA,North,East
58.1,26.08333,EU-SCA,North,East
59.56667,25.85,EU-SCA,North,East
59.56667,25.85,EU-SCA,North,East
58.35,24.0,EU-SCA,North,East
59.01667,23.45,EU-SCA,North,East
59.01667,23.41667,EU-SCA,North,East
58.33333,22.25,EU-SCA,North,East
59.0,23.15,EU-SCA,North,East
58.78333,22.76667,EU-SCA,North,East
58.78333,23.66667,EU-SCA,North,East
58.96667,23.08333,EU-SCA,North,East
58.51667,23.66667,EU-SCA,North,East
58.98333,23.35,EU-SCA,North,East
58.8,22.45,EU-SCA,North,East
58.08333,24.48333,EU-SCA,North,East
58.06667,24.48333,EU-SCA,North,East
58.33333,26.16667,EU-SCA,North,East
59.11667,23.85,EU-SCA,North,East
58.93333,22.13333,EU-SCA,North,East
58.96667,23.51667,EU-SCA,North,East
59.0,22.8,EU-SCA,North,East
58.25,26.15,EU-SCA,North,East
58.93333,23.38333,EU-SCA,North,East
58.95,22.93333,EU-SCA,North,East
59.01667,22.53333,EU-SCA,North,East
59.65,25.75,EU-SCA,North,East
59.55,24.8,EU-SCA,North,East
58.93333,23.38333,EU-SCA,North,East
58.11667,26.1,EU-SCA,North,East
59.5,25.31667,EU-SCA,North,East
58.33333,26.8,EU-SCA,North,East
58.98333,23.23333,EU-SCA,North,East
58.96667,23.51667,EU-SCA,North,East
58.95,23.53333,EU-SCA,North,East
59.58333,25.61667,EU-SCA,North,East
59.55,24.8,EU-SCA,North,East
59.51667,25.18333,EU-SCA,North,East
57.88333,24.35,EU-SCA,North,East
58.31667,26.15,EU-SCA,North,East
58.38333,26.56667,EU-SCA,North,East
59.43333,27.06667,EU-SCA,North,East
58.61667,22.91667,EU-SCA,North,East
58.383,24.483,EU-SCA,North,East
58.75,22.7,EU-SCA,North,East
58.38333,26.13333,EU-SCA,North,East
58.25,22.0,EU-SCA,North,East
59.5,25.06667,EU-SCA,North,East
58.28333,24.05,EU-SCA,North,East
59.48333,25.1,EU-SCA,North,East
58.18333,22.26667,EU-SCA,North,East
59.38333,24.2,EU-SCA,North,East
58.36667,25.96667,EU-SCA,North,East
58.6,22.76667,EU-SCA,North,East
59.65,25.68333,EU-SCA,North,East
59.65,25.76667,EU-SCA,North,East
57.85,26.86667,EU-SCA,North,East
58.1,26.06667,EU-SCA,North,East
58.26667,27.43333,EU-SCA,North,East
58.96667,22.48333,EU-SCA,North,East
58.45,23.68333,EU-SCA,North,East
57.85,26.88333,EU-SCA,North,East
58.33333,26.15,EU-SCA,North,East
58.38333,26.15,EU-SCA,North,East
58.8,23.46667,EU-SCA,North,East
58.08333,26.06667,EU-SCA,North,East
59.63333,25.5,EU-SCA,North,East
58.2,26.0,EU-SCA,North,East
57.83333,26.91667,EU-SCA,North,East
59.63333,25.5,EU-SCA,North,East
58.41667,26.05,EU-SCA,North,East
58.23333,26.11667,EU-SCA,North,East
58.1,26.08333,EU-SCA,North,East
58.4,21.96667,EU-SCA,North,East
58.55,26.63333,EU-SCA,North,East
58.5,27.23333,EU-SCA,North,East
59.56667,25.53333,EU-SCA,North,East
58.6,26.68333,EU-SCA,North,East
58.76667,22.7,EU-SCA,North,East
58.26667,21.86667,EU-SCA,North,East
59.46667,24.73333,EU-SCA,North,East
58.35,26.85,EU-SCA,North,East
58.0,24.43333,EU-SCA,North,East
58.35,24.28333,EU-SCA,North,East
59.25,23.75,EU-SCA,North,East
59.5,24.91667,EU-SCA,North,East
59.58333,25.78333,EU-SCA,North,East
59.53333,25.18333,EU-SCA,North,East
59.45,28.1,EU-RUS,North,East
58.88333,22.26667,EU-SCA,North,East
59.6,25.7,EU-SCA,North,East
58.43333,23.13333,EU-SCA,North,East
58.76667,23.55,EU-SCA,North,East
58.73333,26.53333,EU-SCA,North,East
58.78333,22.85,EU-SCA,North,East
58.78333,26.96667,EU-SCA,North,East
58.9,22.13333,EU-SCA,North,East
59.65,25.75,EU-SCA,North,East
58.5,21.91667,EU-SCA,North,East
58.13333,22.2,EU-SCA,North,East
58.41667,22.1,EU-SCA,North,East
59.48333,25.55,EU-SCA,North,East
59.0,22.75,EU-SCA,North,East
58.36667,22.01667,EU-SCA,North,East
58.38333,27.1,EU-SCA,North,East
59.58333,25.78333,EU-SCA,North,East
58.3,24.28333,EU-SCA,North,East
58.78333,22.46667,EU-SCA,North,East
58.23333,25.98333,EU-SCA,North,East
59.51667,26.53333,EU-SCA,North,East
59.4,24.28333,EU-SCA,North,East
59.4,24.28333,EU-SCA,North,East
59.56667,25.53333,EU-SCA,North,East
58.98333,27.2,EU-SCA,North,East
58.4,26.06667,EU-SCA,North,East
58.21667,25.98333,EU-SCA,North,East
58.43333,22.06667,EU-SCA,North,East
58.5,23.23333,EU-SCA,North,East
58.46667,22.11667,EU-SCA,North,East
58.28333,25.93333,EU-SCA,North,East
59.63333,25.76667,EU-SCA,North,East
58.38333,27.25,EU-SCA,North,East
58.9,26.98333,EU-SCA,North,East
59.35,24.25,EU-SCA,North,East
58.75,23.81667,EU-SCA,North,East
59.6,25.5,EU-SCA,North,East
58.26667,25.96667,EU-SCA,North,East
59.56667,25.63333,EU-SCA,North,East
58.96667,23.65,EU-SCA,North,East
58.4,25.96667,EU-SCA,North,East
58.75,23.66667,EU-SCA,North,East
58.2,26.1,EU-SCA,North,East
58.38333,25.96667,EU-SCA,North,East
59.5,25.08333,EU-SCA,North,East
58.7,27.15,EU-SCA,North,East
59.61667,26.01667,EU-SCA,North,East
58.23333,22.01667,EU-SCA,North,East
58.21667,22.03333,EU-SCA,North,East
59.55,25.75,EU-SCA,North,East
58.05,24.46667,EU-SCA,North,East
59.48333,25.1,EU-SCA,North,East
58.81667,22.45,EU-SCA,North,East
59.55,25.26667,EU-SCA,North,East
59.56667,25.83333,EU-SCA,North,East
59.61667,25.78333,EU-SCA,North,East
59.51667,25.5,EU-SCA,North,East
59.61667,25.68333,EU-SCA,North,East
57.93333,22.0,EU-SCA,North,East
59.58333,25.61667,EU-SCA,North,East
59.0,27.48333,EU-SCA,North,East
59.61667,25.5,EU-SCA,North,East
59.5,25.06667,EU-SCA,North,East
58.5,22.13333,EU-SCA,North,East
58.66667,23.5,EU-SCA,North,East
59.26667,23.75,EU-SCA,North,East
59.35,24.2,EU-SCA,North,East
58.13333,26.08333,EU-SCA,North,East
58.55,26.63333,EU-SCA,North,East
58.45,21.91667,EU-SCA,North,East
58.11667,26.06667,EU-SCA,North,East
58.78333,22.85,EU-SCA,North,East
59.05,23.16667,EU-SCA,North,East
59.6,25.91667,EU-SCA,North,East
59.0,23.63333,EU-SCA,North,East
59.7,25.01667,EU-SCA,North,East
58.35,22.0,EU-SCA,North,East
58.25,22.63333,EU-SCA,North,East
58.18333,26.1,EU-SCA,North,East
58.53333,27.08333,EU-SCA,North,East
58.23333,22.38333,EU-SCA,North,East
59.51667,26.71667,EU-SCA,North,East
58.13333,24.01667,EU-SCA,North,East
58.18333,26.1,EU-SCA,North,East
59.51667,26.73333,EU-SCA,North,East
58.2,22.05,EU-SCA,North,East
58.8,22.76667,EU-SCA,North,East
58.38333,27.08333,EU-SCA,North,East
59.0,27.38333,EU-SCA,North,East
59.01667,22.48333,EU-SCA,North,East
58.83333,22.93333,EU-SCA,North,East
58.25,21.95,EU-SCA,North,East
58.7,26.56667,EU-SCA,North,East
58.98333,22.86667,EU-SCA,North,East
58.31667,21.95,EU-SCA,North,East
59.5,26.53333,EU-SCA,North,East
58.41667,26.03333,EU-SCA,North,East
59.65,25.5,EU-SCA,North,East
58.18333,26.1,EU-SCA,North,East
58.2,26.0,EU-SCA,North,East
58.41667,26.5,EU-SCA,North,East
58.43333,25.98333,EU-SCA,North,East
59.3,25.36667,EU-SCA,North,East
59.56667,24.8,EU-SCA,North,East
58.23333,25.98333,EU-SCA,North,East
58.38333,27.1,EU-SCA,North,East
58.58333,26.7,EU-SCA,North,East
58.86667,23.4,EU-SCA,North,East
58.7,26.58333,EU-SCA,North,East
58.28333,26.13333,EU-SCA,North,East
58.43333,23.3,EU-SCA,North,East
59.58333,25.61667,EU-SCA,North,East
58.48333,22.28333,EU-SCA,North,East
58.53333,27.23333,EU-SCA,North,East
59.58333,25.78333,EU-SCA,North,East
58.33333,26.48333,EU-SCA,North,East
59.61667,25.7,EU-SCA,North,East
59.56667,24.8,EU-SCA,North,East
59.0,27.28333,EU-SCA,North,East
58.81667,26.95,EU-SCA,North,East
59.53333,25.55,EU-SCA,North,East
58.08333,26.06667,EU-SCA,North,East
58.51667,22.3,EU-SCA,North,East
59.0,22.75,EU-SCA,North,East
59.56667,24.8,EU-SCA,North,East
58.78333,22.48333,EU-SCA,North,East
59.38333,24.2,EU-SCA,North,East
58.58333,27.21667,EU-SCA,North,East
58.15,22.2,EU-SCA,North,East
59.61667,25.96667,EU-SCA,North,East
59.56667,25.8,EU-SCA,North,East
59.63333,25.96667,EU-SCA,North,East
57.93333,22.1,EU-SCA,North,East
58.06667,27.6,EU-SCA,North,East
59.33333,24.0,EU-SCA,North,East
58.93333,22.4,EU-SCA,North,East
58.2,26.1,EU-SCA,North,East
58.06667,22.08333,EU-SCA,North,East
58.13333,22.26667,EU-SCA,North,East
57.95,24.4,EU-SCA,North,East
58.35,26.16667,EU-SCA,North,East
58.4,23.06667,EU-SCA,North,East
58.8,22.75,EU-SCA,North,East
58.3,22.86667,EU-SCA,North,East
58.16667,22.15,EU-SCA,North,East
59.6,25.5,EU-SCA,North,East
58.13333,24.01667,EU-SCA,North,East
59.58333,25.78333,EU-SCA,North,East
59.55,26.61667,EU-SCA,North,East
59.53333,25.55,EU-SCA,North,East
58.31667,23.91667,EU-SCA,North,East
58.18333,22.08333,EU-SCA,North,East
58.23333,22.38333,EU-SCA,North,East
59.0,23.45,EU-SCA,North,East
59.5,25.46667,EU-SCA,North,East
59.6,25.7,EU-SCA,North,East
58.5,22.23333,EU-SCA,North,East
59.51667,25.51667,EU-SCA,North,East
59.58333,25.73333,EU-SCA,North,East
59.33333,24.1,EU-SCA,North,East
58.63333,23.35,EU-SCA,North,East
58.71667,22.48333,EU-SCA,North,East
59.38333,24.21667,EU-SCA,North,East
59.08333,23.53333,EU-SCA,North,East
58.08333,22.16667,EU-SCA,North,East
58.83333,23.53333,EU-SCA,North,East
58.2,26.1,EU-SCA,North,East
59.58333,24.76667,EU-SCA,North,East
57.96667,24.41667,EU-SCA,North,East
58.55,23.28333,EU-SCA,North,East
59.08333,22.61667,EU-SCA,North,East
58.43333,24.38333,EU-SCA,North,East
58.85,23.5,EU-SCA,North,East
59.56667,25.85,EU-SCA,North,East
58.13333,23.96667,EU-SCA,North,East
59.46667,25.15,EU-SCA,North,East
58.4,25.98333,EU-SCA,North,East
58.43333,27.23333,EU-SCA,North,East
58.26667,27.13333,EU-SCA,North,East
58.98333,22.76667,EU-SCA,North,East
57.96667,27.61667,EU-SCA,North,East
59.28333,24.05,EU-SCA,North,East
58.08333,22.16667,EU-SCA,North,East
59.58333,25.93333,EU-SCA,North,East
58.3,26.13333,EU-SCA,North,East
59.58333,25.63333,EU-SCA,North,East
58.68333,22.55,EU-SCA,North,East
59.33333,24.21667,EU-SCA,North,East
59.65,25.75,EU-SCA,North,East
58.61667,22.95,EU-SCA,North,East
58.58333,22.66667,EU-SCA,North,East
58.41667,23.1,EU-SCA,North,East
58.03333,27.58333,EU-SCA,North,East
58.61667,23.51667,EU-SCA,North,East
58.95,27.05,EU-SCA,North,East
58.41667,26.51667,EU-SCA,North,East
58.4,24.4,EU-SCA,North,East
58.38333,26.11667,EU-SCA,North,East
58.43333,23.13333,EU-SCA,North,East
59.61667,25.78333,EU-SCA,North,East
58.31667,26.15,EU-SCA,North,East
59.11667,23.53333,EU-SCA,North,East
58.5,22.3,EU-SCA,North,East
58.38333,24.53333,EU-SCA,North,East
59.58333,25.7,EU-SCA,North,East
58.2,26.0,EU-SCA,North,East
59.61667,26.0,EU-SCA,North,East
58.38333,22.95,EU-SCA,North,East
59.6,25.7,EU-SCA,North,East
59.33333,24.2,EU-SCA,North,East
58.2,26.11667,EU-SCA,North,East
59.28333,24.1,EU-SCA,North,East
59.65,25.75,EU-SCA,North,East
58.73333,23.7,EU-SCA,North,East
57.96667,22.15,EU-SCA,North,East
59.61667,25.9,EU-SCA,North,East
59.03333,22.55,EU-SCA,North,East
59.28333,24.11667,EU-SCA,North,East
58.23333,27.46667,EU-SCA,North,East
58.93333,22.23333,EU-SCA,North,East
58.2,22.05,EU-SCA,North,East
58.23333,27.46667,EU-SCA,North,East
58.88333,22.4,EU-SCA,North,East
58.88333,22.4,EU-SCA,North,East
59.55,24.86667,EU-SCA,North,East
58.41667,23.11667,EU-SCA,North,East
59.5,24.81667,EU-SCA,North,East
59.45,24.71667,EU-SCA,North,East
59.56667,26.18333,EU-SCA,North,East
59.56667,25.53333,EU-SCA,North,East
59.51667,25.18333,EU-SCA,North,East
58.53333,22.2,EU-SCA,North,East
58.61667,22.51667,EU-SCA,North,East
58.38333,26.96667,EU-SCA,North,East
58.0,27.61667,EU-SCA,North,East
59.65,25.71667,EU-SCA,North,East
58.43333,22.11667,EU-SCA,North,East
58.16667,22.15,EU-SCA,North,East
58.38333,24.43333,EU-SCA,North,East
58.33333,25.93333,EU-SCA,North,East
59.03333,22.56667,EU-SCA,North,East
59.61667,25.01667,EU-SCA,North,East
59.65,25.76667,EU-SCA,North,East
58.18333,26.03333,EU-SCA,North,East
58.25,22.36667,EU-SCA,North,East
59.4,24.26667,EU-SCA,North,East
59.58333,26.15,EU-SCA,North,East
58.4,24.4,EU-SCA,North,East
58.21667,22.31667,EU-SCA,North,East
58.21667,24.13333,EU-SCA,North,East
59.35,24.7,EU-SCA,North,East
58.78333,22.78333,EU-SCA,North,East
59.68333,25.8,EU-SCA,North,East
58.58333,22.76667,EU-SCA,North,East
58.2,26.0,EU-SCA,North,East
58.35,23.8,EU-SCA,North,East
58.78333,22.85,EU-SCA,North,East
59.46667,24.46667,EU-SCA,North,East
58.45,23.23333,EU-SCA,North,East
58.3,24.26667,EU-SCA,North,East
58.5,22.15,EU-SCA,North,East
58.38333,27.36667,EU-SCA,North,East
59.45,24.61667,EU-SCA,North,East
58.51667,23.63333,EU-SCA,North,East
58.8,22.86667,EU-SCA,North,East
59.41667,27.95,EU-RUS,North,East
58.88333,22.15,EU-SCA,North,East
58.23333,25.86667,EU-SCA,North,East
58.53333,24.7,EU-SCA,North,East
59.6,25.6,EU-SCA,North,East
58.76667,26.95,EU-SCA,North,East
58.55,23.3,EU-SCA,North,East
57.91667,24.36667,EU-SCA,North,East
58.36667,23.75,EU-SCA,North,East
58.26667,24.51667,EU-SCA,North,East
59.65,25.75,EU-SCA,North,East
58.58333,22.76667,EU-SCA,North,East
59.48333,24.93333,EU-SCA,North,East
59.48333,24.83333,EU-SCA,North,East
59.51667,25.16667,EU-SCA,North,East
58.35,23.81667,EU-SCA,North,East
59.5,24.81667,EU-SCA,North,East
58.78333,22.76667,EU-SCA,North,East
58.28333,24.05,EU-SCA,North,East
59.33333,28.13333,EU-RUS,North,East
59.53333,25.16667,EU-SCA,North,East
59.65,25.68333,EU-SCA,North,East
58.98333,22.45,EU-SCA,North,East
58.61667,27.2,EU-SCA,North,East
59.46667,28.05,EU-RUS,North,East
59.21667,23.65,EU-SCA,North,East
59.46667,28.06667,EU-RUS,North,East
59.45,28.05,EU-RUS,North,East
58.7,26.56667,EU-SCA,North,East
59.28333,23.9,EU-SCA,North,East
58.53333,23.13333,EU-SCA,North,East
59.0,22.43333,EU-SCA,North,East
59.01667,23.35,EU-SCA,North,East
59.53333,24.9,EU-SCA,North,East
59.46667,28.05,EU-RUS,North,East
59.38333,28.2,EU-RUS,North,East
59.55,24.88333,EU-SCA,North,East
58.28333,22.83333,EU-SCA,North,East
59.63333,26.03333,EU-SCA,North,East
59.28333,24.05,EU-SCA,North,East
59.35,28.16667,EU-RUS,North,East
59.65,25.68333,EU-SCA,North,East
58.25,26.15,EU-SCA,North,East
59.28333,23.38333,EU-SCA,North,East
59.26667,23.41667,EU-SCA,North,East
59.28333,23.41667,EU-SCA,North,East
58.78333,26.98333,EU-SCA,North,East
58.88333,22.41667,EU-SCA,North,East
58.43333,22.11667,EU-SCA,North,East
58.56667,23.08333,EU-SCA,North,East
58.26667,26.13333,EU-SCA,North,East
59.63333,25.76667,EU-SCA,North,East
59.5,26.75,EU-SCA,North,East
59.35,24.05,EU-SCA,North,East
58.95,22.41667,EU-SCA,North,East
58.5,22.3,EU-SCA,North,East
59.53333,25.15,EU-SCA,North,East
58.76667,27.05,EU-SCA,North,East
59.51667,25.36667,EU-SCA,North,East
59.05,22.68333,EU-SCA,North,East
59.61667,26.05,EU-SCA,North,East
58.55,23.28333,EU-SCA,North,East
59.28333,23.9,EU-SCA,North,East
59.45,24.73333,EU-SCA,North,East
58.43333,23.68333,EU-SCA,North,East
58.83333,22.95,EU-SCA,North,East
58.96667,22.93333,EU-SCA,North,East
59.61667,26.06667,EU-SCA,North,East
58.38333,25.96667,EU-SCA,North,East
58.8,22.75,EU-SCA,North,East
58.76667,23.45,EU-SCA,North,East
58.71667,23.81667,EU-SCA,North,East
59.45,24.91667,EU-SCA,North,East
58.48333,23.26667,EU-SCA,North,East
58.65,26.55,EU-SCA,North,East
59.21667,23.6,EU-SCA,North,East
58.8,22.76667,EU-SCA,North,East
59.61667,25.7,EU-SCA,North,East
58.78333,22.75,EU-SCA,North,East
58.68333,27.16667,EU-SCA,North,East
59.11667,25.35,EU-SCA,North,East
58.36667,24.3,EU-SCA,North,East
59.33333,24.06667,EU-SCA,North,East
59.61667,25.7,EU-SCA,North,East
59.6,25.5,EU-SCA,North,East
58.28333,22.75,EU-SCA,North,East
58.11667,24.0,EU-SCA,North,East
58.95,22.31667,EU-SCA,North,East
59.65,25.66667,EU-SCA,North,East
58.93333,22.35,EU-SCA,North,East
59.65,25.76667,EU-SCA,North,East
58.58333,22.5,EU-SCA,North,East
58.25,24.16667,EU-SCA,North,East
58.93333,23.45,EU-SCA,North,East
59.23333,23.51667,EU-SCA,North,East
58.41667,26.23333,EU-SCA,North,East
58.31667,27.41667,EU-SCA,North,East
58.38333,24.56667,EU-SCA,North,East
58.53333,23.13333,EU-SCA,North,East
58.43333,27.23333,EU-SCA,North,East
59.48333,25.41667,EU-SCA,North,East
58.76667,22.48333,EU-SCA,North,East
59.51667,25.2,EU-SCA,North,East
58.18333,26.1,EU-SCA,North,East
59.65,25.66667,EU-SCA,North,East
58.95,23.55,EU-SCA,North,East
59.63333,25.76667,EU-SCA,North,East
59.4,27.8,EU-RUS,North,East
58.9,23.45,EU-SCA,North,East
59.03333,23.43333,EU-SCA,North,East
59.51667,26.71667,EU-SCA,North,East
59.65,25.75,EU-SCA,North,East
58.51667,23.66667,EU-SCA,North,East
58.25,26.13333,EU-SCA,North,East
58.31667,24.28333,EU-SCA,North,East
59.51667,25.55,EU-SCA,North,East
58.55,23.58333,EU-SCA,North,East
58.5,23.26667,EU-SCA,North,East
58.01667,24.45,EU-SCA,North,East
59.51667,24.8,EU-SCA,North,East
59.53333,24.78333,EU-SCA,North,East
59.51667,24.8,EU-SCA,North,East
59.53333,24.8,EU-SCA,North,East
59.51667,24.8,EU-SCA,North,East
59.55,24.8,EU-SCA,North,East
58.55,22.21667,EU-SCA,North,East
58.23333,26.21667,EU-SCA,North,East
59.43333,24.63333,EU-SCA,North,East
58.33333,24.58333,EU-SCA,North,East
58.45,27.25,EU-SCA,North,East
58.46667,27.25,EU-SCA,North,East
59.11667,23.53333,EU-SCA,North,East
58.1127456,27.513381,EU-SCA,North,East
58.58333,26.66667,EU-SCA,North,East
58.38333,26.6,EU-SCA,North,East
58.06667,22.13333,EU-SCA,North,East
58.38333,23.03333,EU-SCA,North,East
58.31667,25.91667,EU-SCA,North,East
58.0,26.15,EU-SCA,North,East
58.25,26.13333,EU-SCA,North,East
59.13333,23.53333,EU-SCA,North,East
58.63333,27.0,EU-SCA,North,East
58.1,23.96667,EU-SCA,North,East
58.36667,24.56667,EU-SCA,North,East
58.2,22.05,EU-SCA,North,East
58.4,26.31667,EU-SCA,North,East
58.48333,22.03333,EU-SCA,North,East
58.13333,26.1,EU-SCA,North,East
58.43333,23.08333,EU-SCA,North,East
59.43333,24.5,EU-SCA,North,East
59.55,24.86667,EU-SCA,North,East
59.03333,23.4,EU-SCA,North,East
58.13333,24.5,EU-SCA,North,East
59.56667,25.23333,EU-SCA,North,East
59.0266442,27.5312792,EU-SCA,North,East
58.96667,23.26667,EU-SCA,North,East
59.45,25.3,EU-SCA,North,East
58.65,23.13333,EU-SCA,North,East
58.73333,27.1,EU-SCA,North,East
58.13333,22.25,EU-SCA,North,East
59.23333,23.68333,EU-SCA,North,East
58.61667,22.86667,EU-SCA,North,East
58.68333,22.56667,EU-SCA,North,East
58.98333,27.16667,EU-SCA,North,East
59.46667,25.15,EU-SCA,North,East
58.81667,23.43333,EU-SCA,North,East
59.65,25.75,EU-SCA,North,East
58.05,22.86667,EU-SCA,North,East
58.26667,22.8,EU-SCA,North,East
59.16667,23.51667,EU-SCA,North,East
58.46667,22.11667,EU-SCA,North,East
58.11667,26.08333,EU-SCA,North,East
58.9,26.98333,EU-SCA,North,East
59.45,24.35,EU-SCA,North,East
58.55,23.33333,EU-SCA,North,East
58.16667,26.08333,EU-SCA,North,East
59.55,26.38333,EU-SCA,North,East
59.63333,25.5,EU-SCA,North,East
59.05,23.43333,EU-SCA,North,East
59.63333,25.51667,EU-SCA,North,East
59.61667,25.78333,EU-SCA,North,East
57.83333,23.23333,EU-SCA,North,East
58.43333,23.68333,EU-SCA,North,East
59.61667,25.5,EU-SCA,North,East
58.96667,23.65,EU-SCA,North,East
58.56667,23.58333,EU-SCA,North,East
59.5,24.91667,EU-SCA,North,East
58.56667,22.3,EU-SCA,North,East
58.38333,27.23333,EU-SCA,North,East
59.56667,24.8,EU-SCA,North,East
59.63333,25.5,EU-SCA,North,East
58.7,23.51667,EU-SCA,North,East
58.01667,27.6,EU-SCA,North,East
58.36667,24.3,EU-SCA,North,East
59.61667,25.78333,EU-SCA,North,East
58.15,24.0,EU-SCA,North,East
58.4,26.01667,EU-SCA,North,East
58.35,25.96667,EU-SCA,North,East
58.28333,22.83333,EU-SCA,North,East
58.95,23.53333,EU-SCA,North,East
58.68333,23.2,EU-SCA,North,East
58.56667,22.31667,EU-SCA,North,East
57.91667,22.05,EU-SCA,North,East
58.35,23.85,EU-SCA,North,East
58.23333,22.38333,EU-SCA,North,East
58.15,24.0,EU-SCA,North,East
59.55,26.4,EU-SCA,North,East
59.45,27.21667,EU-SCA,North,East
58.15,26.08333,EU-SCA,North,East
58.98333,22.9,EU-SCA,North,East
58.83333,22.95,EU-SCA,North,East
58.36667,26.95,EU-SCA,North,East
58.51667,22.2,EU-SCA,North,East
58.88333,22.2,EU-SCA,North,East
58.13333,26.08333,EU-SCA,North,East
59.4,27.76667,EU-RUS,North,East
58.0,26.05,EU-SCA,North,East
59.01667,27.6,EU-RUS,North,East
58.25,24.46667,EU-SCA,North,East
58.31667,26.2,EU-SCA,North,East
58.98333,23.65,EU-SCA,North,East
59.5,25.43333,EU-SCA,North,East
58.06667,26.05,EU-SCA,North,East
58.4,26.03333,EU-SCA,North,East
59.63333,25.68333,EU-SCA,North,East
59.21667,23.53333,EU-SCA,North,East
58.83333,22.93333,EU-SCA,North,East
58.83333,22.95,EU-SCA,North,East
58.7,22.5,EU-SCA,North,East
57.85,26.93333,EU-SCA,North,East
58.43333,23.13333,EU-SCA,North,East
58.88333,22.3,EU-SCA,North,East
58.68333,22.51667,EU-SCA,North,East
58.25,24.46667,EU-SCA,North,East
58.93333,22.18333,EU-SCA,North,East
58.98333,22.93333,EU-SCA,North,East
59.0,23.61667,EU-SCA,North,East
58.75,27.08333,EU-SCA,North,East
58.23333,22.63333,EU-SCA,North,East
58.73333,23.56667,EU-SCA,North,East
58.28333,24.05,EU-SCA,North,East
58.53333,23.3,EU-SCA,North,East
58.51667,23.2,EU-SCA,North,East
58.71667,23.75,EU-SCA,North,East
58.28333,22.71667,EU-SCA,North,East
59.51667,25.2,EU-SCA,North,East
58.15,25.98333,EU-SCA,North,East
59.46667,24.35,EU-SCA,North,East
59.46667,24.4,EU-SCA,North,East
59.03333,23.56667,EU-SCA,North,East
58.55,26.66667,EU-SCA,North,East
59.38333,25.51667,EU-SCA,North,East
58.33333,26.15,EU-SCA,North,East
59.03333,23.11667,EU-SCA,North,East
58.18333,26.08333,EU-SCA,North,East
59.56667,25.53333,EU-SCA,North,East
59.56667,24.8,EU-SCA,North,East
58.86667,23.48333,EU-SCA,North,East
58.25,24.46667,EU-SCA,North,East
58.98333,23.56667,EU-SCA,North,East
58.16667,22.25,EU-SCA,North,East
58.05,22.23333,EU-SCA,North,East
59.56667,25.68333,EU-SCA,North,East
59.58333,25.51667,EU-SCA,North,East
59.1,22.58333,EU-SCA,North,East
58.96667,22.95,EU-SCA,North,East
58.8,26.95,EU-SCA,North,East
57.98333,22.01667,EU-SCA,North,East
58.13333,24.58333,EU-SCA,North,East
58.38333,25.96667,EU-SCA,North,East
59.06667,23.43333,EU-SCA,North,East
58.53333,22.23333,EU-SCA,North,East
59.56667,25.85,EU-SCA,North,East
58.18333,22.1,EU-SCA,North,East
59.56667,25.83333,EU-SCA,North,East
58.25,26.13333,EU-SCA,North,East
58.1,26.05,EU-SCA,North,East
59.53333,24.9,EU-SCA,North,East
59.51667,25.5,EU-SCA,North,East
58.93333,22.23333,EU-SCA,North,East
58.2,25.98333,EU-SCA,North,East
59.56667,25.53333,EU-SCA,North,East
57.91667,24.38333,EU-SCA,North,East
59.53333,26.46667,EU-SCA,North,East
58.3,24.01667,EU-SCA,North,East
59.58333,25.51667,EU-SCA,North,East
57.98333,27.61667,EU-SCA,North,East
59.53333,26.46667,EU-SCA,North,East
58.85,23.5,EU-SCA,North,East
58.25,22.46667,EU-SCA,North,East
58.35,24.0,EU-SCA,North,East
58.13333,27.53333,EU-SCA,North,East
58.85,23.5,EU-SCA,North,East
59.03333,22.68333,EU-SCA,North,East
58.15,22.2,EU-SCA,North,East
59.61667,25.5,EU-SCA,North,East
59.0,22.71667,EU-SCA,North,East
58.65,23.13333,EU-SCA,North,East
59.51667,25.51667,EU-SCA,North,East
58.88333,22.25,EU-SCA,North,East
58.78333,22.78333,EU-SCA,North,East
58.38333,24.43333,EU-SCA,North,East
59.53333,24.9,EU-SCA,North,East
58.38333,21.85,EU-SCA,North,East
58.11667,26.1,EU-SCA,North,East
58.43333,23.13333,EU-SCA,North,East
59.16667,23.51667,EU-SCA,North,East
58.35,26.16667,EU-SCA,North,East
58.36667,26.75,EU-SCA,North,East
59.5,24.81667,EU-SCA,North,East
59.61667,25.78333,EU-SCA,North,East
58.5,21.91667,EU-SCA,North,East
58.31667,23.98333,EU-SCA,North,East
58.38333,26.73333,EU-SCA,North,East
58.33333,26.15,EU-SCA,North,East
59.4,27.91667,EU-RUS,North,East
59.53333,25.13333,EU-SCA,North,East
58.3,24.6,EU-SCA,North,East
58.45,23.23333,EU-SCA,North,East
58.28333,24.55,EU-SCA,North,East
58.95,23.56667,EU-SCA,North,East
58.46667,23.18333,EU-SCA,North,East
58.46667,23.15,EU-SCA,North,East
58.5,22.0,EU-SCA,North,East
59.0,27.33333,EU-SCA,North,East
58.4,24.46667,EU-SCA,North,East
59.58333,25.5,EU-SCA,North,East
59.5,25.01667,EU-SCA,North,East
58.46667,21.88333,EU-SCA,North,East
59.56667,25.53333,EU-SCA,North,East
59.48333,25.55,EU-SCA,North,East
58.41667,23.26667,EU-SCA,North,East
59.4,24.18333,EU-SCA,North,East
57.83333,26.91667,EU-SCA,North,East
58.55,26.63333,EU-SCA,North,East
58.46667,22.03333,EU-SCA,North,East
58.38333,26.13333,EU-SCA,North,East
58.4,26.05,EU-SCA,North,East
59.58333,26.26667,EU-SCA,North,East
59.58333,26.26667,EU-SCA,North,East
58.78333,22.76667,EU-SCA,North,East
58.18333,26.2,EU-SCA,North,East
59.26667,23.88333,EU-SCA,North,East
59.56667,25.8,EU-SCA,North,East
58.08333,26.05,EU-SCA,North,East
58.35,23.81667,EU-SCA,North,East
59.58333,25.96667,EU-SCA,North,East
59.43333,24.35,EU-SCA,North,East
58.48333,22.23333,EU-SCA,North,East
58.4,26.08333,EU-SCA,North,East
59.46667,25.53333,EU-SCA,North,East
59.08333,23.5,EU-SCA,North,East
59.56667,25.65,EU-SCA,North,East
59.5,25.35,EU-SCA,North,East
59.58333,25.5,EU-SCA,North,East
58.36667,25.96667,EU-SCA,North,East
58.38333,23.05,EU-SCA,North,East
58.88333,26.96667,EU-SCA,North,East
59.25,24.25,EU-SCA,North,East
58.1,26.06667,EU-SCA,North,East
59.61667,25.56667,EU-SCA,North,East
58.38333,26.96667,EU-SCA,North,East
59.55,24.85,EU-SCA,North,East
58.7,23.56667,EU-SCA,North,East
59.61667,25.68333,EU-SCA,North,East
58.25,22.71667,EU-SCA,North,East
58.03333,22.2,EU-SCA,North,East
58.36667,26.15,EU-SCA,North,East
59.28333,23.86667,EU-SCA,North,East
58.53333,26.63333,EU-SCA,North,East
58.067,27.55,EU-SCA,North,East
58.26667,26.13333,EU-SCA,North,East
58.35,27.11667,EU-SCA,North,East
59.26667,23.88333,EU-SCA,North,East
58.23333,26.13333,EU-SCA,North,East
58.56667,22.76667,EU-SCA,North,East
58.38333,24.46667,EU-SCA,North,East
59.33333,23.96667,EU-SCA,North,East
57.95,27.617,EU-SCA,North,East
58.31667,23.98333,EU-SCA,North,East
59.61667,25.96667,EU-SCA,North,East
58.51667,22.31667,EU-SCA,North,East
59.6,26.08333,EU-SCA,North,East
58.25,22.71667,EU-SCA,North,East
58.58333,22.4,EU-SCA,North,East
58.36667,25.96667,EU-SCA,North,East
58.21667,26.11667,EU-SCA,North,East
58.4,26.06667,EU-SCA,North,East
58.35,23.85,EU-SCA,North,East
59.38333,24.51667,EU-SCA,North,East
59.65,25.75,EU-SCA,North,East
58.43333,23.08333,EU-SCA,North,East
59.55,25.55,EU-SCA,North,East
58.38333,27.3,EU-SCA,North,East
58.18333,26.1,EU-SCA,North,East
59.56667,24.8,EU-SCA,North,East
59.65,25.75,EU-SCA,North,East
58.38333,21.81667,EU-SCA,North,East
59.65,25.71667,EU-SCA,North,East
57.98333,27.61667,EU-SCA,North,East
58.33333,26.15,EU-SCA,North,East
58.25,21.9,EU-SCA,North,East
57.83333,26.93333,EU-SCA,North,East
43.3,-8.5,EU-SEU,North,West
36.75,-3.0167,EU-SEU,North,West
28.1167,-15.7,AF-NAF,North,West
37.4,-1.5833,EU-SEU,North,West
40.55,0.4833,EU-SEU,North,East
43.35,-3.0167,EU-SEU,North,West
42.1833,-7.8,EU-SEU,North,West
37.4667,-1.7833,EU-SEU,North,West
36.8333,-2.45,EU-SEU,North,West
41.5667,1.25,EU-SEU,North,East
43.35,-3.4167,EU-SEU,North,West
42.3833,-1.95,EU-SEU,North,West
42.2167,2.65,EU-SEU,North,East
41.8667,1.9667,EU-SEU,North,East
42.8833,-2.1,EU-SEU,North,West
41.1,1.5167,EU-SEU,North,East
36.1833,-5.9167,EU-SEU,North,West
41.95,3.2,EU-SEU,North,East
39.5667,-2.7,EU-SEU,North,West
39.1833,-0.3833,EU-SEU,North,West
39.2167,-0.5167,EU-SEU,North,West
43.4333,-2.7167,EU-SEU,North,West
43.25,-2.9667,EU-SEU,North,West
39.6833,2.8333,EU-SEU,North,East
28.3667,-16.9,AF-NAF,North,West
41.5667,-3.0667,EU-SEU,North,West
37.6333,-0.6833,EU-SEU,North,West
43.5167,-5.6,EU-SEU,North,West
42.2833,3.2833,EU-SEU,North,East
41.6167,2.6667,EU-SEU,North,East
29.2333,-13.5,AF-NAF,North,West
39.7333,-0.9667,EU-SEU,North,West
43.1167,-9.1667,EU-SEU,North,West
41.0667,1.0667,EU-SEU,North,East
36.7167,-4.5333,EU-SEU,North,West
41.8833,2.8167,EU-SEU,North,East
41.5333,1.7,EU-SEU,North,East
36.9833,-1.8833,EU-SEU,North,West
43.75,-7.8667,EU-SEU,North,West
27.9,-15.4,AF-NAF,North,West
37.6,-0.9833,EU-SEU,North,West
39.5667,-6.4167,EU-SEU,North,West
39.9833,-0.0333,EU-SEU,North,West
42.0667,0.6667,EU-SEU,North,East
43.5333,-7.0333,EU-SEU,North,West
43.3833,-3.2167,EU-SEU,North,West
42.6667,-8.7167,EU-SEU,North,West
43.65,-8.05,EU-SEU,North,West
42.7,-7.05,EU-SEU,North,West
41.7667,-4.7,EU-SEU,North,West
42.95,-9.1833,EU-SEU,North,West
28.0667,-16.75,AF-NAF,North,West
41.5833,-0.9167,EU-SEU,North,West
43.3,-2.35,EU-SEU,North,West
39.2833,-0.8,EU-SEU,North,West
42.9,-2.0667,EU-SEU,North,West
42.1167,-1.1333,EU-SEU,North,West
43.4,-3.8167,EU-SEU,North,West
39.9667,0.0167,EU-SEU,North,East
28.0333,-16.5333,AF-NAF,North,West
39.4833,-2.75,EU-SEU,North,West
39.7667,2.7,EU-SEU,North,East
42.5706068,-2.5433183,EU-SEU,North,West
39.8167,2.85,EU-SEU,North,East
42.05,0.25,EU-SEU,North,East
42.3167,-3.0167,EU-SEU,North,West
43.4833,-8.25,EU-SEU,North,West
40.7333,-3.1667,EU-SEU,North,West
38.7,-1.4333,EU-SEU,North,West
43.3667,-1.7833,EU-SEU,North,West
38.9667,-0.1833,EU-SEU,North,West
28.3667,-16.75,AF-NAF,North,West
42.3333,3.0667,EU-SEU,North,East
43.5333,-5.6667,EU-SEU,North,West
42.1833,-5.6167,EU-SEU,North,West
41.6667,1.2167,EU-SEU,North,East
42.5,-8.8667,EU-SEU,North,West
40.55,-5.6667,EU-SEU,North,West
38.1333,-6.6833,EU-SEU,North,West
42.4333,-2.7667,EU-SEU,North,West
38.9,1.4333,EU-SEU,North,East
39.7167,2.9,EU-SEU,North,East
43.1667,-2.6333,EU-SEU,North,West
38.7833,0.1667,EU-SEU,North,East
40.9,0.8,EU-SEU,North,East
41.7167,2.55,EU-SEU,North,East
43.3667,-8.3833,EU-SEU,North,West
42.1167,3.1333,EU-SEU,North,East
41.9,-8.8833,EU-SEU,North,West
27.6167,-17.9833,AF-NAF,North,West
41.2,1.1333,EU-SEU,North,East
42.3667,1.45,EU-SEU,North,East
38.8167,-6.2167,EU-SEU,North,West
43.2167,-9.0,EU-SEU,North,West
28.9667,-13.5333,AF-NAF,North,West
42.5,-2.5667,EU-SEU,North,West
40.55,0.5333,EU-SEU,North,East
36.75,-2.7333,EU-SEU,North,West
28.1,-15.4167,AF-NAF,North,West
43.0,-1.8833,EU-SEU,North,West
42.9667,-2.6333,EU-SEU,North,West
41.1667,1.0167,EU-SEU,North,East
43.3167,-1.9833,EU-SEU,North,West
41.7,2.85,EU-SEU,North,East
39.7167,2.8667,EU-SEU,North,East
39.4667,-3.5333,EU-SEU,North,West
39.8833,4.25,EU-SEU,North,East
36.7167,-4.4167,EU-SEU,North,West
41.65,2.75,EU-SEU,North,East
43.4167,-3.8333,EU-SEU,North,West
43.3167,-8.8,EU-SEU,North,West
39.7167,-3.8167,EU-SEU,North,West
41.4833,2.3167,EU-SEU,North,East
41.6,0.8667,EU-SEU,North,East
42.6833,-2.95,EU-SEU,North,West
42.2833,-8.7333,EU-SEU,North,West
40.4833,-6.05,EU-SEU,North,West
37.15,-1.85,EU-SEU,North,West
41.3833,1.1667,EU-SEU,North,East
42.1,2.2,EU-SEU,North,East
38.7,-2.8667,EU-SEU,North,West
38.8333,-3.5833,EU-SEU,North,West
28.05,-14.3333,AF-NAF,North,West
43.3,-2.3833,EU-SEU,North,West
43.5667,-7.2667,EU-SEU,North,West
43.35,-2.8333,EU-SEU,North,West
42.4,-2.3167,EU-SEU,North,West
43.5667,-5.7,EU-SEU,North,West
42.4167,-2.7333,EU-SEU,North,West
40.3667,-3.25,EU-SEU,North,West
42.6833,-1.7833,EU-SEU,North,West
42.8667,-2.2,EU-SEU,North,West
43.3167,-2.4167,EU-SEU,North,West
42.9833,-8.4333,EU-SEU,North,West
43.6667,-7.85,EU-SEU,North,West
42.85,-8.9,EU-SEU,North,West
41.85,3.1333,EU-SEU,North,East
39.5667,2.6333,EU-SEU,North,East
40.1167,-3.95,EU-SEU,North,West
42.6333,-3.1,EU-SEU,North,West
39.6167,3.1,EU-SEU,North,East
42.4167,-1.6167,EU-SEU,North,West
38.8833,1.4167,EU-SEU,North,East
28.1667,-16.8,AF-NAF,North,West
43.4,-5.65,EU-SEU,North,West
39.5167,3.0,EU-SEU,North,East
43.4333,-5.85,EU-SEU,North,West
38.4,-6.4,EU-SEU,North,West
42.6,-8.9333,EU-SEU,North,West
28.4167,-16.55,AF-NAF,North,West
27.7833,-17.9,AF-NAF,North,West
42.3333,3.2,EU-SEU,North,East
28.0333,-17.2,AF-NAF,North,West
39.65,-0.2167,EU-SEU,North,West
41.9833,1.8667,EU-SEU,North,East
41.1833,-4.65,EU-SEU,North,West
41.7167,1.7,EU-SEU,North,East
37.4667,-0.8167,EU-SEU,North,West
43.3167,-1.9,EU-SEU,North,West
42.55,-9.0,EU-SEU,North,West
42.2,2.1833,EU-SEU,North,East
41.1167,0.95,EU-SEU,North,East
38.9333,-0.25,EU-SEU,North,West
40.1833,-0.65,EU-SEU,North,West
41.4167,-4.95,EU-SEU,North,West
39.6833,-0.2667,EU-SEU,North,West
42.7833,-1.8833,EU-SEU,North,West
42.75,-1.65,EU-SEU,North,West
42.5,-2.75,EU-SEU,North,West
27.9249459,-15.5730295,AF-NAF,North,West
40.6167,0.6,EU-SEU,North,East
42.05,-5.6333,EU-SEU,North,West
41.7833,2.5833,EU-SEU,North,East
36.4667,-6.2,EU-SEU,North,West
42.0167,2.85,EU-SEU,North,East
43.45,-3.5667,EU-SEU,North,West
41.4333,-4.45,EU-SEU,North,West
42.1833,3.0833,EU-SEU,North,East
41.4833,-5.2833,EU-SEU,North,West
42.45,-7.0667,EU-SEU,North,West
43.3833,-4.3833,EU-SEU,North,West
42.4,-8.8167,EU-SEU,North,West
42.1833,-8.6333,EU-SEU,North,West
41.7833,3.0333,EU-SEU,North,East
41.3833,2.05,EU-SEU,North,East
41.3667,2.0667,EU-SEU,North,East
39.8333,4.25,EU-SEU,North,East
42.1667,2.9833,EU-SEU,North,East
38.1667,-0.7833,EU-SEU,North,West
28.6833,-17.7667,AF-NAF,North,West
42.55,-9.0,EU-SEU,North,West
38.9833,1.5167,EU-SEU,North,East
28.4167,-16.4667,AF-NAF,North,West
42.2167,-5.1,EU-SEU,North,West
39.6333,-6.3667,EU-SEU,North,West
37.9333,-1.1167,EU-SEU,North,West
43.3333,-3.0333,EU-SEU,North,West
43.3167,-3.0167,EU-SEU,North,West
42.4,-8.8,EU-SEU,North,West
41.4333,1.2333,EU-SEU,North,East
28.4667,-16.4167,AF-NAF,North,West
41.8,2.75,EU-SEU,North,East
41.2333,1.8333,EU-SEU,North,East
42.5833,-8.7833,EU-SEU,North,West
42.6833,-9.0167,EU-SEU,North,West
41.7,-1.55,EU-SEU,North,West
28.6333,-17.9333,AF-NAF,North,West
28.5333,-16.35,AF-NAF,North,West
28.7,-17.95,AF-NAF,North,West
41.15,1.4,EU-SEU,North,East
39.4333,-0.4667,EU-SEU,North,West
41.7167,2.9333,EU-SEU,North,East
36.8667,-6.1667,EU-SEU,North,West
42.5667,-5.5833,EU-SEU,North,West
43.5,-5.7333,EU-SEU,North,West
43.25,-4.2333,EU-SEU,North,West
42.7833,-1.45,EU-SEU,North,West
40.7,-3.5,EU-SEU,North,West
41.2333,1.8667,EU-SEU,North,East
43.1333,-2.15,EU-SEU,North,West
43.1833,-2.05,EU-SEU,North,West
41.5833,-5.9833,EU-SEU,North,West
42.6,-8.75,EU-SEU,North,West
41.2167,1.7333,EU-SEU,North,East
42.9833,-2.6333,EU-SEU,North,West
43.1,-3.2833,EU-SEU,North,West
42.85,-2.6667,EU-SEU,North,West
43.6667,-7.6,EU-SEU,North,West
42.1667,-4.1,EU-SEU,North,West
43.2833,-1.7,EU-SEU,North,West
41.8667,-0.7833,EU-SEU,North,West
41.33333333,2.166666667,EU-SEU,North,East
39.45,-0.3,EU-SEU,North,West
36.1333,-5.4333,EU-SEU,North,West
38.833,1.383,EU-SEU,North,East
28.03333,-16.65,AF-NAF,North,West
43.317,-4.5,EU-SEU,North,West
42.28333,-8.81667,EU-SEU,North,West
39.783,-4.867,EU-SEU,North,West
40.4843898,-3.3688023,EU-SEU,North,West
38.3459963,-0.4906855,EU-SEU,North,West
40.233,-4.383,EU-SEU,North,West
43.43333,-2.9,EU-SEU,North,West
41.183,-4.8,EU-SEU,North,West
43.5833,-5.9333,EU-SEU,North,West
39.067,-1.05,EU-SEU,North,West
36.18333,-5.91667,EU-SEU,North,West
28.633,-17.75,AF-NAF,North,West
43.38333,-4.51667,EU-SEU,North,West
39.067,-0.55,EU-SEU,North,West
38.283,-5.817,EU-SEU,North,West
42.783,-3.05,EU-SEU,North,West
43.46667,-8.18333,EU-SEU,North,West
43.63333,-5.8,EU-SEU,North,West
40.4122794,-3.8887699,EU-SEU,North,West
43.73333,-7.7,EU-SEU,North,West
41.367,-6.1,EU-SEU,North,West
39.75,-4.95,EU-SEU,North,West
42.23333,-8.75,EU-SEU,North,West
36.5270612,-6.2885962,EU-SEU,North,West
36.71667,-3.35,EU-SEU,North,West
42.43333,-8.7,EU-SEU,North,West
39.067,-0.4,EU-SEU,North,West
42.61667,-8.88333,EU-SEU,North,West
39.71667,3.46667,EU-SEU,North,East
35.8893874,-5.3213455,EU-SEU,North,West
40.383,-6.75,EU-SEU,North,West
41.867,3.083,EU-SEU,North,East
39.467,-3.6,EU-SEU,North,West
43.31667,-8.6,EU-SEU,North,West
43.18333,-9.08333,EU-SEU,North,West
42.31667,-8.65,EU-SEU,North,West
37.9,-0.75,EU-SEU,North,West
40.167,-3.9,EU-SEU,North,West
37.917,-0.733,EU-SEU,North,West
39.883,-4.45,EU-SEU,North,West
36.6,-4.53333,EU-SEU,North,West
42.217,-4.85,EU-SEU,North,West
42.0,-6.017,EU-SEU,North,West
42.51667,-9.01667,EU-SEU,North,West
42.25,-8.8,EU-SEU,North,West
42.9,-9.13333,EU-SEU,North,West
39.95,-4.567,EU-SEU,North,West
40.7,-3.433,EU-SEU,North,West
43.53333,-5.38333,EU-SEU,North,West
43.4,-2.63333,EU-SEU,North,West
42.25,3.133,EU-SEU,North,East
38.983,-0.683,EU-SEU,North,West
40.133,-2.683,EU-SEU,North,West
42.05,3.2,EU-SEU,North,East
39.36667,2.91667,EU-SEU,North,East
38.8,-0.88333,EU-SEU,North,West
38.65,1.583,EU-SEU,North,East
38.917,-0.167,EU-SEU,North,West
43.05,-8.283,EU-SEU,North,West
41.317,-6.383,EU-SEU,North,West
40.05,4.13333,EU-SEU,North,East
40.05,-4.2,EU-SEU,North,West
28.500821,-13.8628367,AF-NAF,North,West
28.05,-16.483,AF-NAF,North,West
39.9,-5.2,EU-SEU,North,West
43.3,-8.26667,EU-SEU,North,West
28.2,-14.017,AF-NAF,North,West
43.533,-3.017,EU-SEU,North,West
38.5,-5.15,EU-SEU,North,West
41.967,-6.883,EU-SEU,North,West
39.733,-2.833,EU-SEU,North,West
37.261421,-6.9447224,EU-SEU,North,West
42.56667,-8.88333,EU-SEU,North,West
38.16667,-0.48333,EU-SEU,North,West
41.3,-0.75,EU-SEU,North,West
39.9,-4.3,EU-SEU,North,West
28.0,-15.81667,AF-NAF,North,West
28.25,-16.85,AF-NAF,North,West
28.11667,-16.76667,AF-NAF,North,West
29.217,-13.5,AF-NAF,North,West
28.65,-17.9,AF-NAF,North,West
39.583,-1.667,EU-SEU,North,West
28.15,-15.41667,AF-NAF,North,West
43.38333,-8.3,EU-SEU,North,West
42.033,-6.333,EU-SEU,North,West
41.15,-4.183,EU-SEU,North,West
43.38333,-8.33333,EU-SEU,North,West
39.517,-3.083,EU-SEU,North,West
43.1,-9.217,EU-SEU,North,West
39.95,-3.917,EU-SEU,North,West
43.467,-8.25,EU-SEU,North,West
28.05,-14.36667,AF-NAF,North,West
43.1,-8.267,EU-SEU,North,West
38.95,0.0,EU-SEU,North,East
37.317,-4.017,EU-SEU,North,West
42.3914848,-8.7020824,EU-SEU,North,West
37.2,-3.633,EU-SEU,North,West
43.1,-9.21667,EU-SEU,North,West
42.65,-2.033,EU-SEU,North,West
39.983,-3.433,EU-SEU,North,West
43.2,-8.75,EU-SEU,North,West
43.43333,-4.83333,EU-SEU,North,West
40.017,-4.433,EU-SEU,North,West
39.367,-0.6,EU-SEU,North,West
40.233,-4.183,EU-SEU,North,West
39.95,-3.967,EU-SEU,North,West
39.667,-3.767,EU-SEU,North,West
36.9,-3.417,EU-SEU,North,West
43.58333,-6.21667,EU-SEU,North,West
29.217,-13.45,AF-NAF,North,West
28.18333,-16.45,AF-NAF,North,West
28.38333,-16.71667,AF-NAF,North,West
40.05,-3.833,EU-SEU,North,West
43.3254703,-1.9301396,EU-SEU,North,West
39.35,-0.45,EU-SEU,North,West
39.53333,3.33333,EU-SEU,North,East
42.8841904,-8.7700609,EU-SEU,North,West
28.3,-16.367,AF-NAF,North,West
28.58333,-16.31667,AF-NAF,North,West
39.2,-0.367,EU-SEU,North,West
27.767,-15.583,AF-NAF,North,West
42.58333,-8.95,EU-SEU,North,West
42.15,-8.81667,EU-SEU,North,West
38.983,1.3,EU-SEU,North,East
43.3182479,-3.0211969,EU-SEU,North,West
37.81667,-0.75,EU-SEU,North,West
28.917,-13.7,AF-NAF,North,West
28.5,-13.867,AF-NAF,North,West
42.767,-8.95,EU-SEU,North,West
42.8,-7.617,EU-SEU,North,West
28.917,-13.667,AF-NAF,North,West
43.567,-6.633,EU-SEU,North,West
28.23333,-16.85,AF-NAF,North,West
28.6,-17.91667,AF-NAF,North,West
42.35,3.2,EU-SEU,North,East
40.1,-4.317,EU-SEU,North,West
42.4,-8.75,EU-SEU,North,West
37.517,-5.967,EU-SEU,North,West
43.3534526,-3.9500105,EU-SEU,North,West
43.43333,-8.2,EU-SEU,North,West
43.56667,-7.1,EU-SEU,North,West
37.217,-7.117,EU-SEU,North,West
41.9,-6.183,EU-SEU,North,West
43.6938309,-7.4415158,EU-SEU,North,West
28.1,-15.41667,AF-NAF,North,West
28.4636296,-16.2518467,AF-NAF,North,West
42.767,-0.333,EU-SEU,North,West
43.463092,-3.809915,EU-SEU,North,West
28.5,-16.18333,AF-NAF,North,West
39.683,-0.433,EU-SEU,North,West
39.367,-2.033,EU-SEU,North,West
42.0348437,2.3700711,EU-SEU,North,East
42.56667,-8.98333,EU-SEU,North,West
39.33333,3.16667,EU-SEU,North,East
43.05,-6.067,EU-SEU,North,West
36.38333,-6.21667,EU-SEU,North,West
28.13333,-15.7,AF-NAF,North,West
39.1,0.633,EU-SEU,North,East
37.35,-6.0,EU-SEU,North,West
42.61667,-8.85,EU-SEU,North,West
28.65,-17.95,AF-NAF,North,West
27.98333,-15.36667,AF-NAF,North,West
41.099524,1.205496,EU-SEU,North,East
41.817,-5.95,EU-SEU,North,West
43.1,-8.567,EU-SEU,North,West
37.867,-0.75,EU-SEU,North,West
39.333,-0.6,EU-SEU,North,West
41.51667,-5.4,EU-SEU,North,West
40.25,-5.683,EU-SEU,North,West
43.55,-5.4,EU-SEU,North,West
36.18333,-5.33333,EU-SEU,North,West
39.15,-0.333,EU-SEU,North,West
42.58333,-8.78333,EU-SEU,North,West
42.56667,-8.83333,EU-SEU,North,West
28.53333,-16.4,AF-NAF,North,West
42.2405989,-8.7207268,EU-SEU,North,West
43.56667,-6.83333,EU-SEU,North,West
39.767,-2.15,EU-SEU,North,West
43.117,-9.033,EU-SEU,North,West
42.7,-8.63333,EU-SEU,North,West
60.45,22.2833,EU-SCA,North,East
65.6667,24.5667,EU-SCA,North,East
63.7,22.7,EU-SCA,North,East
62.05,28.4333,EU-RUS,North,East
59.9667,23.8667,EU-SCA,North,East
61.4833,21.8,EU-SCA,North,East
60.4,25.6667,EU-SCA,North,East
64.6833,24.4833,EU-SCA,North,East
60.4167,21.05,EU-SCA,North,East
59.9833,23.0333,EU-SCA,North,East
60.0167,22.5167,EU-SCA,North,East
60.1,24.1833,EU-SCA,North,East
60.0667,22.4667,EU-SCA,North,East
59.9667,23.4333,EU-SCA,North,East
63.4833,25.6667,EU-SCA,North,East
62.0833,28.9167,EU-RUS,North,East
60.2,24.65,EU-SCA,North,East
61.2,21.7333,EU-SCA,North,East
60.2333,20.0167,EU-SCA,North,East
60.0167,20.4167,EU-SCA,North,East
60.5667,27.2,EU-SCA,North,East
60.1333,19.8333,EU-SCA,North,East
59.95,23.4167,EU-SCA,North,East
65.0,24.8333,EU-SCA,North,East
62.3833,22.7167,EU-SCA,North,East
65.2333,25.3167,EU-SCA,North,East
60.3667,20.4667,EU-SCA,North,East
59.8833,22.5,EU-SCA,North,East
64.0667,23.65,EU-SCA,North,East
64.1667,23.7,EU-SCA,North,East
61.6333,26.8,EU-SCA,North,East
59.95,22.3667,EU-SCA,North,East
60.2167,21.3833,EU-SCA,North,East
63.55,27.1833,EU-SCA,North,East
61.1667,28.75,EU-RUS,North,East
60.4,21.4,EU-SCA,North,East
63.6833,22.7833,EU-SCA,North,East
60.9,24.6,EU-SCA,North,East
62.6,29.7667,EU-RUS,North,East
61.1,28.4833,EU-RUS,North,East
59.8167,23.5667,EU-SCA,North,East
62.25,25.7333,EU-SCA,North,East
61.8167,25.2167,EU-SCA,North,East
64.25,23.95,EU-SCA,North,East
61.0833,25.6333,EU-SCA,North,East
60.3667,26.45,EU-SCA,North,East
61.75,23.7167,EU-SCA,North,East
60.0833,24.3833,EU-SCA,North,East
63.8333,23.1167,EU-SCA,North,East
60.6167,21.8833,EU-SCA,North,East
59.9167,22.4,EU-SCA,North,East
65.7333,24.5667,EU-SCA,North,East
60.1667,22.75,EU-SCA,North,East
61.8833,29.8333,EU-RUS,North,East
60.3,25.55,EU-SCA,North,East
60.1667,23.95,EU-SCA,North,East
62.1,30.1167,EU-RUS,North,East
60.5167,27.4667,EU-SCA,North,East
60.95,22.9833,EU-SCA,North,East
60.1667,21.5667,EU-SCA,North,East
62.6833,22.4667,EU-SCA,North,East
60.4667,26.9167,EU-SCA,North,East
59.8667,23.2167,EU-SCA,North,East
62.2833,21.3833,EU-SCA,North,East
63.0667,21.5167,EU-SCA,North,East
60.2667,20.7833,EU-SCA,North,East
62.8833,27.6833,EU-SCA,North,East
61.8667,23.7333,EU-SCA,North,East
60.5167,27.1667,EU-SCA,North,East
64.6667,24.4333,EU-SCA,North,East
63.2,23.6333,EU-SCA,North,East
61.05,28.1833,EU-RUS,North,East
59.9,23.25,EU-SCA,North,East
62.4167,25.95,EU-SCA,North,East
60.3167,22.4,EU-SCA,North,East
60.6333,26.2667,EU-SCA,North,East
60.15,22.55,EU-SCA,North,East
60.45,26.2333,EU-SCA,North,East
60.9167,27.6667,EU-SCA,North,East
61.35,21.6167,EU-SCA,North,East
63.15,27.3,EU-SCA,North,East
60.1,19.95,EU-SCA,North,East
61.5833,21.4833,EU-SCA,North,East
60.2,19.7,EU-SCA,North,East
61.85,21.5,EU-SCA,North,East
61.6833,27.2667,EU-SCA,North,East
61.0667,28.3,EU-RUS,North,East
60.45,22.0333,EU-SCA,North,East
60.1833,21.9167,EU-SCA,North,East
63.2,28.8333,EU-RUS,North,East
60.6,22.0833,EU-SCA,North,East
63.5333,29.1667,EU-RUS,North,East
63.5333,22.5333,EU-SCA,North,East
61.8667,28.9,EU-RUS,North,East
60.8,21.4167,EU-SCA,North,East
61.2333,21.4833,EU-SCA,North,East
65.0167,25.4667,EU-SCA,North,East
60.3,22.3,EU-SCA,North,East
64.4833,24.3333,EU-SCA,North,East
61.55,29.5,EU-RUS,North,East
61.0333,24.35,EU-SCA,North,East
60.45,26.05,EU-SCA,North,East
60.45,24.7,EU-SCA,North,East
63.3833,25.5667,EU-SCA,North,East
60.4333,22.5167,EU-SCA,North,East
60.1167,23.55,EU-SCA,North,East
60.55,27.1667,EU-SCA,North,East
61.1333,21.5,EU-SCA,North,East
64.65,24.4167,EU-SCA,North,East
61.6167,21.45,EU-SCA,North,East
60.3667,21.95,EU-SCA,North,East
61.5,27.2667,EU-SCA,North,East
60.5333,21.6667,EU-SCA,North,East
66.5,25.7167,EU-SCA,North,East
65.75,24.1667,EU-SCA,North,East
60.5333,26.45,EU-SCA,North,East
61.9833,24.0833,EU-SCA,North,East
60.2167,22.5,EU-SCA,North,East
61.6,29.4833,EU-RUS,North,East
60.3667,25.2667,EU-SCA,North,East
63.0833,27.6667,EU-SCA,North,East
60.5,26.75,EU-SCA,North,East
60.1333,22.4667,EU-SCA,North,East
59.9333,23.3833,EU-SCA,North,East
60.0,23.65,EU-SCA,North,East
60.75,25.2,EU-SCA,North,East
60.5333,27.1167,EU-SCA,North,East
60.4833,26.95,EU-SCA,North,East
60.1333,24.9833,EU-SCA,North,East
61.6333,21.4167,EU-SCA,North,East
60.5667,21.6,EU-SCA,North,East
61.5,23.75,EU-SCA,North,East
60.25,22.3167,EU-SCA,North,East
60.4667,26.3167,EU-SCA,North,East
60.05,22.9,EU-SCA,North,East
62.65,21.1667,EU-SCA,North,East
60.3333,25.5833,EU-SCA,North,East
65.85,24.1833,EU-SCA,North,East
63.2333,22.05,EU-SCA,North,East
59.8333,23.1833,EU-SCA,North,East
62.9,30.2333,EU-RUS,North,East
61.4333,21.8833,EU-SCA,North,East
61.2333,24.25,EU-SCA,North,East
63.1,21.6,EU-SCA,North,East
64.9,25.1333,EU-SCA,North,East
62.3167,27.9,EU-RUS,North,East
61.92411,25.748151,EU-SCA,North,East
60.3333,23.0,EU-SCA,North,East
63.1,21.5667,EU-SCA,North,East
60.05,22.65,EU-SCA,North,East
65.6833,24.6333,EU-SCA,North,East
60.4667,21.6667,EU-SCA,North,East
60.0833,22.7667,EU-SCA,North,East
62.2333,23.75,EU-SCA,North,East
61.2167,28.8167,EU-RUS,North,East
60.2167,25.1833,EU-SCA,North,East
63.8333,23.0333,EU-SCA,North,East
60.16666667,24.95,EU-SCA,North,East
59.88333,23.51667,EU-SCA,North,East
62.98333,21.11667,EU-SCA,North,East
64.4,24.03333,EU-SCA,North,East
65.73333,24.55,EU-SCA,North,East
59.85,22.95,EU-SCA,North,East
59.8270084,22.969172,EU-SCA,North,East
60.5,21.61667,EU-SCA,North,East
67.9,24.05,EU-SCA,North,East
63.233,29.25,EU-RUS,North,East
60.43333,26.65,EU-SCA,North,East
65.76667,24.43333,EU-SCA,North,East
63.3,21.08333,EU-SCA,North,East
60.16667,22.05,EU-SCA,North,East
65.78333,24.51667,EU-SCA,North,East
59.91667,22.41667,EU-SCA,North,East
60.08333,19.93333,EU-SCA,North,East
61.85,21.48333,EU-SCA,North,East
60.46667,26.95,EU-SCA,North,East
65.11667,25.31667,EU-SCA,North,East
61.43333,21.46667,EU-SCA,North,East
60.48333,21.48333,EU-SCA,North,East
65.8,24.33333,EU-SCA,North,East
65.03333,24.56667,EU-SCA,North,East
65.66667,24.76667,EU-SCA,North,East
66.1,28.41667,EU-RUS,North,East
61.58333,21.48333,EU-SCA,North,East
62.417,24.783,EU-SCA,North,East
63.483,22.333,EU-SCA,North,East
62.46667,21.13333,EU-SCA,North,East
65.01667,25.48333,EU-SCA,North,East
61.0,21.28333,EU-SCA,North,East
63.2782702,27.3886646,EU-SCA,North,East
62.1,29.917,EU-RUS,North,East
65.0,25.2,EU-SCA,North,East
60.1,22.933,EU-SCA,North,East
68.0,26.88333,EU-RUS,North,East
66.1,27.08333,EU-SCA,North,East
65.65,24.9,EU-SCA,North,East
60.46667,21.91667,EU-SCA,North,East
64.88333,24.8,EU-SCA,North,East
69.0388723,26.9975545,EU-RUS,North,East
60.51667,21.25,EU-SCA,North,East
65.55,25.11667,EU-SCA,North,East
62.0333,-6.75,EU-NEU,North,West
62.1167,-6.8833,EU-NEU,North,West
62.0167,-6.6667,EU-NEU,North,West
62.2167,-7.0,EU-NEU,North,West
62.1167,-6.7167,EU-NEU,North,West
62.15,-6.7667,EU-NEU,North,West
62.0667,-7.3,EU-NEU,North,West
62.2,-7.0167,EU-NEU,North,West
62.0167,-6.7667,EU-NEU,North,West
62.0107248,-6.7740852,EU-NEU,North,West
61.55,-6.8,EU-NEU,North,West
61.4667,-6.8167,EU-NEU,North,West
62.3,-7.083,EU-NEU,North,West
62.3,-6.51667,EU-NEU,North,West
62.21667,-6.7,EU-NEU,North,West
62.2,-6.73333,EU-NEU,North,West
62.11667,-6.71667,EU-NEU,North,West
62.1,-6.75,EU-NEU,North,West
62.117,-6.75,EU-NEU,North,West
62.1,-6.733,EU-NEU,North,West
50.1,1.8333,EU-NEU,North,East
49.6833,3.3833,EU-NEU,North,East
44.2,0.6167,EU-SEU,North,East
47.1667,5.1667,EU-NEU,North,East
41.9333,8.7333,EU-SEU,North,East
48.55,5.8167,EU-NEU,North,East
45.0,-0.5333,EU-SEU,North,West
49.0167,5.45,EU-NEU,North,East
44.7333,-1.1,EU-SEU,North,West
45.9333,4.7167,EU-NEU,North,East
43.5833,7.1167,EU-SEU,North,East
49.45,6.3667,EU-NEU,North,East
43.9,4.6667,EU-SEU,North,East
44.6667,-1.1667,EU-SEU,North,West
50.85,1.9833,EU-NEU,North,East
44.7667,-1.1333,EU-SEU,North,West
49.2,6.2,EU-NEU,North,East
43.3,2.9,EU-SEU,North,East
46.586446,1.52282,EU-NEU,North,East
50.6833,2.8833,EU-NEU,North,East
50.2833,2.7833,EU-NEU,North,East
48.9167,2.2833,EU-NEU,North,East
43.754854,4.14742,EU-SEU,North,East
48.0167,-4.55,EU-NEU,North,West
50.8667,2.0667,EU-NEU,North,East
49.0667,2.1833,EU-NEU,North,East
47.8,3.5667,EU-NEU,North,East
43.95,4.8,EU-SEU,North,East
49.05,4.0,EU-NEU,North,East
46.1333,-1.1,EU-NEU,North,West
43.2833,2.6667,EU-SEU,North,East
47.6167,-2.9167,EU-NEU,North,West
48.0,6.2667,EU-NEU,North,East
43.45,3.6833,EU-SEU,North,East
50.0667,3.2,EU-NEU,North,East
48.7833,5.1667,EU-NEU,North,East
47.2,-1.6667,EU-NEU,North,West
44.9,-0.5167,EU-SEU,North,West
42.7,9.45,EU-SEU,North,East
50.5167,2.9,EU-NEU,North,East
47.6167,6.8333,EU-NEU,North,East
45.05,-0.6,EU-SEU,North,West
43.5,-1.4833,EU-SEU,North,West
43.8,4.6333,EU-SEU,North,East
43.7333,5.7,EU-SEU,North,East
49.1333,2.3,EU-NEU,North,East
45.05,-0.6,EU-SEU,North,West
43.8167,-0.85,EU-SEU,North,West
44.6333,-0.3333,EU-SEU,North,West
44.5,-0.7833,EU-SEU,North,West
47.8667,-4.1167,EU-NEU,North,West
49.2333,1.3333,EU-NEU,North,East
43.4667,5.1667,EU-SEU,North,East
43.4833,5.1667,EU-SEU,North,East
47.8,3.8833,EU-NEU,North,East
49.4333,0.3667,EU-NEU,North,East
47.25,6.0333,EU-NEU,North,East
43.3667,3.4167,EU-SEU,North,East
43.35,6.1833,EU-SEU,North,East
46.4667,3.2667,EU-NEU,North,East
50.5333,2.6333,EU-NEU,North,East
48.1667,-1.6333,EU-NEU,North,West
49.9167,2.9167,EU-NEU,North,East
43.4833,-1.55,EU-SEU,North,West
43.4333,-1.5667,EU-SEU,North,West
49.1,4.2333,EU-NEU,North,East
48.9333,7.0333,EU-NEU,North,East
49.05,4.0833,EU-NEU,North,East
47.4333,5.3667,EU-NEU,North,East
45.1333,-0.6667,EU-SEU,North,West
48.8833,6.05,EU-NEU,North,East
48.3333,7.4167,EU-NEU,North,East
43.2,2.6,EU-SEU,North,East
45.2833,4.7667,EU-NEU,North,East
46.1667,5.4,EU-NEU,North,East
48.5167,2.6167,EU-NEU,North,East
44.2833,4.7333,EU-SEU,North,East
41.3833,9.1667,EU-SEU,North,East
49.0,3.35,EU-NEU,North,East
47.0833,5.15,EU-NEU,North,East
48.7667,2.4833,EU-NEU,North,East
49.4333,1.1333,EU-NEU,North,East
44.8333,-0.5833,EU-SEU,North,West
44.8833,-0.6167,EU-SEU,North,West
44.7833,-0.5,EU-SEU,North,West
47.6,6.85,EU-NEU,North,East
43.45,5.4167,EU-SEU,North,East
50.2833,3.3167,EU-NEU,North,East
45.5,4.7833,EU-NEU,North,East
44.3,4.8667,EU-SEU,North,East
48.8667,2.1333,EU-NEU,North,East
47.1833,-1.6167,EU-NEU,North,West
43.3667,3.25,EU-SEU,North,East
44.8167,-0.5167,EU-SEU,North,West
48.8333,2.25,EU-NEU,North,East
50.7167,1.6167,EU-NEU,North,East
43.4167,6.8,EU-SEU,North,East
45.85,-1.15,EU-SEU,North,West
45.6667,-0.2333,EU-SEU,North,West
47.1833,0.05,EU-NEU,North,East
49.05,3.85,EU-NEU,North,East
45.7167,-0.3,EU-SEU,North,West
46.8833,4.7333,EU-NEU,North,East
43.45,3.65,EU-SEU,North,East
43.9167,4.05,EU-SEU,North,East
43.25,2.1167,EU-SEU,North,East
43.4667,5.95,EU-SEU,North,East
49.05,3.4333,EU-NEU,North,East
47.1333,5.2167,EU-NEU,North,East
50.3333,3.0167,EU-NEU,North,East
47.5833,6.9667,EU-NEU,North,East
48.0667,-2.6833,EU-NEU,North,West
48.4,-4.4833,EU-NEU,North,West
48.15,5.1167,EU-NEU,North,East
45.7333,0.2333,EU-SEU,North,East
45.8167,-0.25,EU-SEU,North,West
49.3333,4.0167,EU-NEU,North,East
47.4833,-2.0,EU-NEU,North,West
44.2167,0.4167,EU-SEU,North,East
47.65,4.2667,EU-NEU,North,East
45.85,4.5833,EU-NEU,North,East
50.5833,2.5167,EU-NEU,North,East
49.0833,2.2,EU-NEU,North,East
48.05,4.4,EU-NEU,North,East
48.1167,4.45,EU-NEU,North,East
44.25,0.2833,EU-SEU,North,East
49.2833,-0.1167,EU-NEU,North,West
49.1833,-0.3667,EU-NEU,North,West
50.95,1.85,EU-NEU,North,East
42.5667,8.75,EU-SEU,North,East
45.05,-0.5833,EU-SEU,North,West
44.0333,1.85,EU-SEU,North,East
43.7833,4.0333,EU-SEU,North,East
43.25,5.75,EU-SEU,North,East
43.1333,2.65,EU-SEU,North,East
43.55,7.0167,EU-SEU,North,East
44.7,-0.2333,EU-SEU,North,West
43.6333,-1.4333,EU-SEU,North,West
43.1833,2.55,EU-SEU,North,East
50.65,2.9667,EU-NEU,North,East
44.7833,0.1333,EU-SEU,North,East
41.3667,9.1833,EU-SEU,North,East
44.8833,1.35,EU-SEU,North,East
47.5833,-3.0833,EU-NEU,North,West
43.8333,3.9833,EU-SEU,North,East
43.3,6.1833,EU-SEU,North,East
44.1167,5.1,EU-SEU,North,East
43.4,5.0167,EU-SEU,North,East
44.55,-0.15,EU-SEU,North,West
44.45,0.2,EU-SEU,North,East
43.5333,-1.0667,EU-SEU,North,West
47.85,5.9333,EU-NEU,North,East
48.05,2.7167,EU-NEU,North,East
44.6333,-0.3333,EU-SEU,North,West
47.2667,4.4833,EU-NEU,North,East
48.95,4.3667,EU-NEU,North,East
46.7833,4.85,EU-NEU,North,East
47.0167,5.15,EU-NEU,North,East
46.8667,4.6833,EU-NEU,North,East
47.2667,-0.5667,EU-NEU,North,West
45.0667,4.9167,EU-NEU,North,East
46.5,4.8667,EU-NEU,North,East
47.5833,5.85,EU-NEU,North,East
49.7667,4.7167,EU-NEU,North,East
48.9667,3.2833,EU-NEU,North,East
48.3667,6.2833,EU-NEU,North,East
49.0833,3.4833,EU-NEU,North,East
45.8667,4.7833,EU-NEU,North,East
46.8833,4.7,EU-NEU,North,East
48.15,2.7,EU-NEU,North,East
43.4833,5.5667,EU-SEU,North,East
47.8667,2.2167,EU-NEU,North,East
43.5,6.0333,EU-SEU,North,East
47.8167,2.85,EU-NEU,North,East
45.0833,5.1333,EU-NEU,North,East
47.5833,2.75,EU-NEU,North,East
48.3333,0.0,EU-NEU,North,East
48.1167,5.1333,EU-NEU,North,East
48.1667,6.3333,EU-NEU,North,East
48.8333,-1.6,EU-NEU,North,West
45.1167,4.75,EU-NEU,North,East
45.5167,-0.8333,EU-SEU,North,West
47.95,3.5333,EU-NEU,North,East
49.6333,-1.6167,EU-NEU,North,West
48.8833,2.7667,EU-NEU,North,East
49.0333,3.4333,EU-NEU,North,East
49.9167,2.65,EU-NEU,North,East
50.1,4.8,EU-NEU,North,East
44.15,4.6833,EU-SEU,North,East
45.1167,-0.45,EU-SEU,North,West
45.7,-0.3333,EU-SEU,North,West
41.8167,8.9,EU-SEU,North,East
44.0,4.2833,EU-SEU,North,East
48.0833,7.35,EU-NEU,North,East
44.7833,0.5167,EU-SEU,North,East
43.3167,3.1333,EU-SEU,North,East
43.6833,3.7667,EU-SEU,North,East
49.4167,2.8167,EU-NEU,North,East
45.0667,-0.6,EU-SEU,North,West
47.8833,-3.9167,EU-NEU,North,West
46.15,4.7167,EU-NEU,North,East
46.95,4.8,EU-NEU,North,East
43.8667,3.9333,EU-SEU,North,East
47.2833,-1.8833,EU-NEU,North,West
49.25,0.3833,EU-NEU,North,East
47.4833,1.4,EU-NEU,North,East
49.3667,3.9,EU-NEU,North,East
43.8833,5.1833,EU-SEU,North,East
47.6833,3.6833,EU-NEU,North,East
47.944546,-4.299866,EU-NEU,North,West
47.25,4.6,EU-NEU,North,East
46.25,4.7833,EU-NEU,North,East
49.25,2.4833,EU-NEU,North,East
44.2167,5.1,EU-SEU,North,East
47.3,2.75,EU-NEU,North,East
47.15,0.4833,EU-NEU,North,East
48.9833,3.2333,EU-NEU,North,East
43.1833,2.8167,EU-SEU,North,East
43.35,2.95,EU-SEU,North,East
47.5833,5.9167,EU-NEU,North,East
44.9667,-0.45,EU-SEU,North,West
49.4,3.3167,EU-NEU,North,East
43.25,3.0,EU-SEU,North,East
49.8167,3.2333,EU-NEU,North,East
49.3667,0.0667,EU-NEU,North,East
47.9333,6.0333,EU-NEU,North,East
46.9333,4.8333,EU-NEU,North,East
50.3167,3.4,EU-NEU,North,East
47.3833,-0.6,EU-NEU,North,West
46.0,4.65,EU-NEU,North,East
43.4833,1.5333,EU-SEU,North,East
49.9167,1.0833,EU-NEU,North,East
49.0667,5.4167,EU-NEU,North,East
48.85,6.0667,EU-NEU,North,East
47.3167,5.05,EU-NEU,North,East
43.8333,4.3167,EU-SEU,North,East
49.6833,4.8,EU-NEU,North,East
49.0667,3.6333,EU-NEU,North,East
48.1,-4.3333,EU-NEU,North,West
51.0333,2.3833,EU-NEU,North,East
48.35,2.8167,EU-NEU,North,East
47.0833,4.6167,EU-NEU,North,East
50.0667,1.8667,EU-NEU,North,East
46.75,4.9,EU-NEU,North,East
47.8667,3.9833,EU-NEU,North,East
49.7167,2.95,EU-NEU,North,East
45.1167,4.8167,EU-NEU,North,East
48.9,2.8167,EU-NEU,North,East
50.4167,3.5667,EU-NEU,North,East
49.0167,3.3667,EU-NEU,North,East
50.6333,2.7167,EU-NEU,North,East
47.15,6.2667,EU-NEU,North,East
48.6333,2.4667,EU-NEU,North,East
46.5833,4.8,EU-NEU,North,East
48.6167,2.4333,EU-NEU,North,East
45.3333,1.95,EU-SEU,North,East
49.75,0.3833,EU-NEU,North,East
49.6833,-1.45,EU-NEU,North,West
49.95,2.8333,EU-NEU,North,East
45.6667,4.8667,EU-NEU,North,East
47.2333,5.45,EU-NEU,North,East
47.3167,4.85,EU-NEU,North,East
48.9667,1.8667,EU-NEU,North,East
45.8667,0.55,EU-SEU,North,East
48.4833,2.7667,EU-NEU,North,East
50.9,2.0,EU-NEU,North,East
43.4333,4.9333,EU-SEU,North,East
47.9,-4.0167,EU-NEU,North,West
47.45,1.35,EU-NEU,North,East
42.9667,2.8667,EU-SEU,North,East
47.3167,1.0833,EU-NEU,North,East
46.0167,5.9333,EU-NEU,North,East
50.4333,3.5833,EU-NEU,North,East
48.9333,2.7333,EU-NEU,North,East
48.9333,2.9333,EU-NEU,North,East
49.9667,4.6833,EU-NEU,North,East
45.0667,-0.6167,EU-SEU,North,West
48.9333,2.3,EU-NEU,North,East
46.8833,4.95,EU-NEU,North,East
48.7167,7.75,EU-NEU,North,East
46.6667,4.9167,EU-NEU,North,East
49.7167,4.9167,EU-NEU,North,East
49.5,0.2333,EU-NEU,North,East
51.0,2.2833,EU-NEU,North,East
48.8333,-1.5833,EU-NEU,North,West
50.9833,2.1333,EU-NEU,North,East
47.1333,-2.1667,EU-NEU,North,West
48.65,2.3833,EU-NEU,North,East
47.6333,-3.4667,EU-NEU,North,West
50.6167,2.4833,EU-NEU,North,East
47.5167,-1.9667,EU-NEU,North,West
48.95,1.7333,EU-NEU,North,East
49.25,3.9,EU-NEU,North,East
47.9667,-1.7833,EU-NEU,North,West
48.6667,-3.7,EU-NEU,North,West
50.8667,1.8667,EU-NEU,North,East
44.6333,-1.0667,EU-SEU,North,West
50.5167,2.8,EU-NEU,North,East
49.0,1.9,EU-NEU,North,East
49.5,0.2,EU-NEU,North,East
50.45,2.9,EU-NEU,North,East
48.6667,7.0833,EU-NEU,North,East
49.0833,3.95,EU-NEU,North,East
47.8,-3.2833,EU-NEU,North,West
43.35,3.2167,EU-SEU,North,East
49.2,1.25,EU-NEU,North,East
48.3333,7.35,EU-NEU,North,East
47.7667,7.5,EU-NEU,North,East
43.2667,2.7167,EU-SEU,North,East
49.4167,0.2333,EU-NEU,North,East
50.2667,3.3167,EU-NEU,North,East
43.6667,-1.4333,EU-SEU,North,West
47.6,7.5833,EU-NEU,North,East
43.1167,6.1167,EU-SEU,North,East
48.2667,6.4,EU-NEU,North,East
49.3333,6.1833,EU-NEU,North,East
47.4,-0.9167,EU-NEU,North,West
49.3,-1.1,EU-NEU,North,West
44.7167,-0.4833,EU-SEU,North,West
48.9833,1.8,EU-NEU,North,East
44.9167,-0.3667,EU-SEU,North,West
45.7,-0.35,EU-SEU,North,West
47.9833,3.4,EU-NEU,North,East
48.9333,3.1333,EU-NEU,North,East
43.5667,7.1,EU-SEU,North,East
47.8833,3.95,EU-NEU,North,East
44.6333,-1.0667,EU-SEU,North,West
50.5333,2.8,EU-NEU,North,East
44.15,6.9,EU-SEU,North,East
47.2167,4.7167,EU-NEU,North,East
49.5,0.4167,EU-NEU,North,East
47.8667,-2.4167,EU-NEU,North,West
46.8333,5.2667,EU-NEU,North,East
43.1833,5.6,EU-SEU,North,East
46.2,-1.4,EU-NEU,North,West
47.9167,-3.9833,EU-NEU,North,West
43.5667,4.0833,EU-SEU,North,East
49.1667,6.1833,EU-NEU,North,East
43.4,5.1167,EU-SEU,North,East
43.1167,6.0667,EU-SEU,North,East
46.1667,-1.2167,EU-NEU,North,West
44.25,5.2167,EU-SEU,North,East
43.25,2.6333,EU-SEU,North,East
44.9333,-0.3167,EU-SEU,North,West
46.1667,-1.15,EU-NEU,North,West
43.1,5.8833,EU-SEU,North,East
47.5833,-3.0333,EU-NEU,North,West
47.35,-2.5167,EU-NEU,North,West
43.5333,1.5333,EU-SEU,North,East
48.8667,2.7167,EU-NEU,North,East
44.1167,0.8,EU-SEU,North,East
47.7,-3.3833,EU-NEU,North,West
48.45,-4.25,EU-NEU,North,West
44.55,-0.25,EU-SEU,North,West
48.4833,-4.75,EU-NEU,North,West
48.7333,-3.45,EU-NEU,North,West
43.1,2.1667,EU-SEU,North,East
43.75,5.3167,EU-SEU,North,East
47.1333,5.5833,EU-NEU,North,East
43.3833,5.0333,EU-SEU,North,East
47.0667,2.0667,EU-NEU,North,East
42.7833,3.0333,EU-SEU,North,East
46.9667,-2.2333,EU-NEU,North,West
43.6667,4.2333,EU-SEU,North,East
43.2833,3.5167,EU-SEU,North,East
47.7667,-1.5167,EU-NEU,North,West
49.5167,4.7667,EU-NEU,North,East
47.4167,1.45,EU-NEU,North,East
46.8,4.4333,EU-NEU,North,East
50.2167,1.6167,EU-NEU,North,East
48.2833,-4.5167,EU-NEU,North,West
49.4,1.05,EU-NEU,North,East
43.5333,4.1333,EU-SEU,North,East
48.5667,-2.2167,EU-NEU,North,West
49.5,0.1,EU-NEU,North,East
47.6333,-0.7167,EU-NEU,North,West
46.3,4.7,EU-NEU,North,East
44.4,0.2167,EU-SEU,North,East
48.5,3.45,EU-NEU,North,East
47.6167,-2.85,EU-NEU,North,West
48.8333,2.4833,EU-NEU,North,East
47.2833,-2.5,EU-NEU,North,West
47.85,-2.45,EU-NEU,North,West
48.05,-2.9833,EU-NEU,North,West
48.2667,0.7,EU-NEU,North,East
43.45,6.3,EU-SEU,North,East
50.0667,1.3667,EU-NEU,North,East
45.55,-1.0667,EU-SEU,North,West
48.6,-1.7833,EU-NEU,North,West
44.8,-1.15,EU-SEU,North,West
45.7,-0.9833,EU-SEU,North,West
48.7833,5.5333,EU-NEU,North,East
43.9667,4.7667,EU-SEU,North,East
44.95,-0.2333,EU-SEU,North,West
47.7333,-2.2167,EU-NEU,North,West
49.10252,0.086012,EU-NEU,North,East
46.5,-1.7833,EU-NEU,North,West
50.1333,4.7833,EU-NEU,North,East
47.8,-4.2167,EU-NEU,North,West
49.8833,3.2667,EU-NEU,North,East
42.9167,3.0333,EU-SEU,North,East
48.7833,-3.1,EU-NEU,North,West
44.9167,-0.25,EU-SEU,North,West
47.3,0.4167,EU-NEU,North,East
46.5667,-1.7833,EU-NEU,North,West
46.7167,-2.35,EU-NEU,North,West
42.6333,8.9333,EU-SEU,North,East
50.6333,3.0667,EU-NEU,North,East
48.9833,1.7333,EU-NEU,North,East
49.0667,1.55,EU-NEU,North,East
47.35,-1.1667,EU-NEU,North,West
46.2833,4.7667,EU-NEU,North,East
47.7167,-3.35,EU-NEU,North,West
47.8333,-4.1667,EU-NEU,North,West
46.5833,5.0333,EU-NEU,North,East
49.8667,2.35,EU-NEU,North,East
47.75,-3.3667,EU-NEU,North,West
48.5333,0.95,EU-NEU,North,East
47.8,-0.25,EU-NEU,North,West
46.4,6.6667,EU-NEU,North,East
49.8333,0.9167,EU-NEU,North,East
48.7333,7.25,EU-NEU,North,East
48.9667,3.1667,EU-NEU,North,East
45.7667,4.8333,EU-NEU,North,East
45.0167,-0.6167,EU-SEU,North,West
46.3,4.8333,EU-NEU,North,East
48.9667,1.6833,EU-NEU,North,East
47.6,3.6333,EU-NEU,North,East
45.3833,4.7333,EU-NEU,North,East
49.6,4.8333,EU-NEU,North,East
46.3,-1.0,EU-NEU,North,West
49.0833,3.7333,EU-NEU,North,East
48.9333,2.85,EU-NEU,North,East
48.7167,4.6333,EU-NEU,North,East
43.35,3.5333,EU-SEU,North,East
43.3,5.4,EU-SEU,North,East
49.3,1.05,EU-NEU,North,East
50.2833,3.9667,EU-NEU,North,East
43.6167,4.0167,EU-SEU,North,East
45.0333,4.8333,EU-NEU,North,East
48.9667,2.8833,EU-NEU,North,East
48.5333,2.6667,EU-NEU,North,East
43.6167,3.2833,EU-SEU,North,East
46.0667,5.4333,EU-NEU,North,East
49.0667,2.2,EU-NEU,North,East
49.1333,6.1667,EU-NEU,North,East
48.9667,1.8,EU-NEU,North,East
43.8667,4.65,EU-SEU,North,East
48.8167,6.1167,EU-NEU,North,East
43.2833,2.9,EU-SEU,North,East
43.5,3.8,EU-SEU,North,East
48.5667,-1.5,EU-NEU,North,West
47.8833,4.05,EU-NEU,North,East
43.3167,-0.5833,EU-SEU,North,West
43.85,-0.1833,EU-SEU,North,West
45.5,6.0333,EU-NEU,North,East
47.1167,5.4667,EU-NEU,North,East
47.1333,-1.35,EU-NEU,North,West
47.7833,3.7,EU-NEU,North,East
48.0,2.7333,EU-NEU,North,East
43.9,1.2667,EU-SEU,North,East
47.5167,6.8,EU-NEU,North,East
43.95,1.2333,EU-SEU,North,East
47.3333,-2.15,EU-NEU,North,West
43.15,2.4667,EU-SEU,North,East
48.9333,1.9333,EU-NEU,North,East
45.9,4.7,EU-NEU,North,East
48.5833,-3.8333,EU-NEU,North,West
48.5667,2.5,EU-NEU,North,East
50.7833,2.1667,EU-NEU,North,East
48.4167,3.2333,EU-NEU,North,East
49.7167,2.9333,EU-NEU,North,East
43.6333,4.0167,EU-SEU,North,East
47.6667,1.5333,EU-NEU,North,East
49.2167,1.3,EU-NEU,North,East
48.8833,1.65,EU-NEU,North,East
47.75,7.3333,EU-NEU,North,East
43.4333,3.1333,EU-SEU,North,East
49.0667,4.0167,EU-NEU,North,East
48.7,6.1833,EU-NEU,North,East
47.2167,-1.55,EU-NEU,North,West
49.5167,4.3,EU-NEU,North,East
48.2667,2.7,EU-NEU,North,East
48.0167,7.5333,EU-NEU,North,East
47.0,3.15,EU-NEU,North,East
43.7,7.2667,EU-SEU,North,East
47.5333,6.85,EU-NEU,North,East
47.2833,6.1333,EU-NEU,North,East
48.45,3.35,EU-NEU,North,East
49.2167,3.1333,EU-NEU,North,East
43.2833,2.7167,EU-SEU,North,East
43.7833,1.3,EU-SEU,North,East
47.15,5.65,EU-NEU,North,East
47.7833,7.5167,EU-NEU,North,East
49.2833,-0.2667,EU-NEU,North,West
47.0667,5.1667,EU-NEU,North,East
50.25,3.2667,EU-NEU,North,East
47.2833,-2.0167,EU-NEU,North,West
48.7833,-3.05,EU-NEU,North,West
48.9,2.4,EU-NEU,North,East
48.7667,4.8167,EU-NEU,North,East
48.85,2.35,EU-NEU,North,East
45.2,-0.75,EU-SEU,North,West
47.8,-4.3667,EU-NEU,North,West
45.7333,3.1333,EU-NEU,North,East
49.3833,3.2167,EU-NEU,North,East
49.3833,1.0333,EU-NEU,North,East
45.1,-0.65,EU-SEU,North,West
47.5333,-1.8833,EU-NEU,North,West
48.5,-1.9667,EU-NEU,North,West
48.75,4.65,EU-NEU,North,East
48.4667,7.7167,EU-NEU,North,East
48.0333,-4.6667,EU-NEU,North,West
47.3333,4.9667,EU-NEU,North,East
48.5333,-2.0,EU-NEU,North,West
47.9833,-4.4333,EU-NEU,North,West
48.8667,4.4833,EU-NEU,North,East
49.3833,3.6167,EU-NEU,North,East
47.85,-3.75,EU-NEU,North,West
50.4667,2.8833,EU-NEU,North,East
49.4,3.8167,EU-NEU,North,East
45.0,4.8833,EU-NEU,North,East
46.4333,4.9333,EU-NEU,North,East
47.1667,4.6833,EU-NEU,North,East
42.4667,9.2,EU-SEU,North,East
47.8667,-4.2167,EU-NEU,North,West
47.3833,1.25,EU-NEU,North,East
48.0,-1.7833,EU-NEU,North,West
48.7,-3.1667,EU-NEU,North,West
49.3,2.6,EU-NEU,North,East
47.1167,-2.1,EU-NEU,North,West
43.0,6.2,EU-SEU,North,East
45.4,-0.9,EU-SEU,North,West
47.8167,-3.7833,EU-NEU,North,West
43.4,4.9833,EU-SEU,North,East
49.35,-0.75,EU-NEU,North,West
43.3,3.3333,EU-SEU,North,East
49.4667,0.5333,EU-NEU,North,East
46.7167,-2.35,EU-NEU,North,West
43.0167,3.05,EU-SEU,North,East
47.55,-2.9,EU-NEU,North,West
41.5833,9.2833,EU-SEU,North,East
44.25,0.4,EU-SEU,North,East
43.3833,4.8,EU-SEU,North,East
42.5167,3.1167,EU-SEU,North,East
49.3,1.2333,EU-NEU,North,East
47.3833,3.0,EU-NEU,North,East
47.3167,1.2833,EU-NEU,North,East
47.5,4.4667,EU-NEU,North,East
47.4,3.75,EU-NEU,North,East
47.2833,2.95,EU-NEU,North,East
47.95,-4.3667,EU-NEU,North,West
48.9333,2.7833,EU-NEU,North,East
47.1333,-2.2167,EU-NEU,North,West
47.3667,-2.0167,EU-NEU,North,West
41.6833,8.9,EU-SEU,North,East
46.8833,5.7667,EU-NEU,North,East
44.7333,0.35,EU-SEU,North,East
43.8333,5.4167,EU-SEU,North,East
47.7833,3.65,EU-NEU,North,East
47.4833,-3.1167,EU-NEU,North,West
48.0,-4.1,EU-NEU,North,West
44.75,-0.5,EU-SEU,North,West
43.8167,1.7333,EU-SEU,North,East
49.5,0.5,EU-NEU,North,East
50.2,3.25,EU-NEU,North,East
48.45,0.0,EU-NEU,North,East
48.9833,7.0167,EU-NEU,North,East
47.65,-2.0833,EU-NEU,North,West
48.65,7.75,EU-NEU,North,East
46.1333,6.2667,EU-NEU,North,East
49.2667,4.0333,EU-NEU,North,East
49.3833,3.15,EU-NEU,North,East
49.2833,6.1667,EU-NEU,North,East
47.8333,-3.7,EU-NEU,North,West
44.65,-0.35,EU-SEU,North,West
49.35,2.7333,EU-NEU,North,East
45.95,-0.9667,EU-SEU,North,West
44.4833,5.0333,EU-SEU,North,East
47.7333,2.8833,EU-NEU,North,East
50.75,3.1167,EU-NEU,North,East
43.4333,6.6333,EU-SEU,North,East
43.6667,2.2833,EU-SEU,North,East
42.9833,2.95,EU-SEU,North,East
48.6,6.3333,EU-NEU,North,East
50.45,3.3667,EU-NEU,North,East
50.6833,3.1833,EU-NEU,North,East
49.45,1.1,EU-NEU,North,East
45.6167,-1.05,EU-SEU,North,West
48.75,2.35,EU-NEU,North,East
48.9667,3.2167,EU-NEU,North,East
50.65,2.7667,EU-NEU,North,East
43.7333,7.2833,EU-SEU,North,East
45.1833,-0.65,EU-SEU,North,West
45.35,-0.6667,EU-SEU,North,West
47.2167,-2.1667,EU-NEU,North,West
49.85,2.9333,EU-NEU,North,East
45.35,-0.8333,EU-SEU,North,West
47.25,-1.2,EU-NEU,North,West
45.25,4.7833,EU-NEU,North,East
47.7167,-1.8167,EU-NEU,North,West
47.4167,-0.5667,EU-NEU,North,West
44.0167,0.15,EU-SEU,North,East
47.3667,-1.2,EU-NEU,North,West
43.6833,4.4167,EU-SEU,North,East
46.8833,4.6667,EU-NEU,North,East
46.6833,-1.9333,EU-NEU,North,West
48.1167,-2.8167,EU-NEU,North,West
47.3,-1.2,EU-NEU,North,West
47.1167,3.0,EU-NEU,North,East
46.85,4.6333,EU-NEU,North,East
48.65,-2.0167,EU-NEU,North,West
44.3,4.5667,EU-SEU,North,East
49.0333,1.6833,EU-NEU,North,East
47.2833,-2.2,EU-NEU,North,West
50.3,2.7667,EU-NEU,North,East
48.8167,-1.5667,EU-NEU,North,West
44.5167,6.75,EU-SEU,North,East
49.1167,1.4167,EU-NEU,North,East
49.4,0.9333,EU-NEU,North,East
47.5167,-3.1333,EU-NEU,North,West
49.85,3.2833,EU-NEU,North,East
50.0667,1.45,EU-NEU,North,East
47.6333,4.3,EU-NEU,North,East
47.3333,2.85,EU-NEU,North,East
43.7,3.4667,EU-SEU,North,East
43.9167,5.3667,EU-SEU,North,East
44.65,0.0,EU-SEU,North,East
45.8833,-0.6833,EU-SEU,North,West
47.2,-1.5,EU-NEU,North,West
45.05,-0.5667,EU-SEU,North,West
49.75,3.1667,EU-NEU,North,East
48.8667,2.6833,EU-NEU,North,East
43.9333,1.6167,EU-SEU,North,East
47.1,5.2667,EU-NEU,North,East
45.8167,-0.6333,EU-SEU,North,West
50.1833,1.6333,EU-NEU,North,East
46.6833,4.6667,EU-NEU,North,East
46.65,4.3667,EU-NEU,North,East
47.1833,5.8167,EU-NEU,North,East
49.5333,0.7667,EU-NEU,North,East
48.45,2.75,EU-NEU,North,East
48.4167,2.75,EU-NEU,North,East
46.3333,4.8333,EU-NEU,North,East
49.0333,1.65,EU-NEU,North,East
47.4,6.5167,EU-NEU,North,East
49.0,7.0167,EU-NEU,North,East
49.1167,7.0667,EU-NEU,North,East
43.65,-1.1833,EU-SEU,North,West
48.6833,3.7167,EU-NEU,North,East
48.6333,5.6,EU-NEU,North,East
47.6833,-0.8667,EU-NEU,North,West
47.6167,-2.75,EU-NEU,North,West
50.7,2.45,EU-NEU,North,East
43.4,3.7,EU-SEU,North,East
46.9833,5.15,EU-NEU,North,East
45.5667,4.85,EU-NEU,North,East
47.85,-0.3,EU-NEU,North,West
48.7,5.6167,EU-NEU,North,East
48.7833,4.5333,EU-NEU,North,East
50.9667,2.3167,EU-NEU,North,East
48.5667,7.75,EU-NEU,North,East
46.1167,4.7667,EU-NEU,North,East
45.6167,4.8167,EU-NEU,North,East
49.35,6.1667,EU-NEU,North,East
48.4,2.7833,EU-NEU,North,East
50.2,3.2833,EU-NEU,North,East
48.6333,2.5,EU-NEU,North,East
45.95,-0.9,EU-SEU,North,West
47.7333,3.3,EU-NEU,North,East
44.55,-0.2667,EU-SEU,North,West
43.1167,5.9333,EU-SEU,North,East
49.6333,-1.5667,EU-NEU,North,West
43.25,2.7333,EU-SEU,North,East
47.3167,2.8833,EU-NEU,North,East
48.7833,-3.2333,EU-NEU,North,West
47.85,-3.85,EU-NEU,North,West
47.3167,-2.1833,EU-NEU,North,West
48.95,2.9333,EU-NEU,North,East
49.3667,0.0833,EU-NEU,North,East
48.3,4.0833,EU-NEU,North,East
48.0833,6.35,EU-NEU,North,East
44.9333,4.8833,EU-NEU,North,East
50.3667,3.5333,EU-NEU,North,East
43.85,4.6333,EU-SEU,North,East
49.1,3.7333,EU-NEU,North,East
47.65,-2.7667,EU-NEU,North,West
49.5667,3.05,EU-NEU,North,East
49.1,6.1,EU-NEU,North,East
49.2,1.2833,EU-NEU,North,East
48.6667,7.7167,EU-NEU,North,East
49.0833,3.8333,EU-NEU,North,East
49.1667,5.3833,EU-NEU,North,East
47.5167,5.6333,EU-NEU,North,East
45.45,4.75,EU-NEU,North,East
46.8833,4.9667,EU-NEU,North,East
45.65,4.8167,EU-NEU,North,East
49.1,3.6667,EU-NEU,North,East
46.7833,4.4667,EU-NEU,North,East
48.1333,3.3,EU-NEU,North,East
45.9833,4.7167,EU-NEU,North,East
47.7333,5.3,EU-NEU,North,East
48.4,3.3,EU-NEU,North,East
45.0833,-0.6167,EU-SEU,North,West
43.9833,4.7833,EU-SEU,North,East
49.1,3.8,EU-NEU,North,East
43.2333,2.2333,EU-SEU,North,East
48.0167,3.3167,EU-NEU,North,East
48.3333,6.3167,EU-NEU,North,East
46.8333,4.8667,EU-NEU,North,East
45.8167,5.7167,EU-NEU,North,East
47.3,5.4,EU-NEU,North,East
48.4167,2.75,EU-NEU,North,East
50.7333,2.95,EU-NEU,North,East
50.8333,2.2167,EU-NEU,North,East
44.83333,0.2,EU-SEU,North,East
46.35,6.4,EU-NEU,North,East
49.9,2.3,EU-NEU,North,East
43.833,4.5,EU-SEU,North,East
48.58333,-4.56667,EU-NEU,North,West
46.683,3.667,EU-NEU,North,East
44.217,0.567,EU-SEU,North,East
47.183,-1.617,EU-NEU,North,West
48.03333,-4.66667,EU-NEU,North,West
43.483,5.567,EU-SEU,North,East
44.78333,-1.13333,EU-SEU,North,West
49.65,0.15,EU-NEU,North,East
48.85,2.15,EU-NEU,North,East
45.517,6.083,EU-NEU,North,East
48.683,-1.85,EU-NEU,North,West
49.0,3.867,EU-NEU,North,East
48.6,-2.25,EU-NEU,North,West
49.317,-1.65,EU-NEU,North,West
47.517,-2.583,EU-NEU,North,West
48.6,-2.55,EU-NEU,North,West
45.43333,-0.7,EU-SEU,North,West
47.8,-3.58333,EU-NEU,North,West
47.3,-2.067,EU-NEU,North,West
49.33333,-0.15,EU-NEU,North,West
46.03333,-1.38333,EU-NEU,North,West
48.267,2.733,EU-NEU,North,East
48.63333,4.96667,EU-NEU,North,East
48.467,-4.75,EU-NEU,North,West
44.91667,-0.23333,EU-SEU,North,West
48.617,2.033,EU-NEU,North,East
43.933,4.933,EU-SEU,North,East
43.11667,2.35,EU-SEU,North,East
43.433152,6.737034,EU-SEU,North,East
50.033,1.383,EU-NEU,North,East
50.1,3.55,EU-NEU,North,East
48.6,-2.55,EU-NEU,North,West
45.71667,5.08333,EU-NEU,North,East
47.133,5.0,EU-NEU,North,East
44.917,0.25,EU-SEU,North,East
47.7,-0.06667,EU-NEU,North,West
49.383,0.967,EU-NEU,North,East
48.333,5.133,EU-NEU,North,East
48.0,7.283,EU-NEU,North,East
46.717,5.6,EU-NEU,North,East
45.48333,-0.56667,EU-SEU,North,West
49.65,-1.817,EU-NEU,North,West
44.76667,-0.6,EU-SEU,North,West
43.33333,0.7,EU-SEU,North,East
51.0,2.1,EU-NEU,North,East
44.78333,-1.13333,EU-SEU,North,West
48.683,-1.483,EU-NEU,North,West
44.63333,-1.06667,EU-SEU,North,West
47.333,-2.883,EU-NEU,North,West
47.1556,-1.399547,EU-NEU,North,West
47.01667,-2.23333,EU-NEU,North,West
48.75,3.983,EU-NEU,North,East
48.333,-4.233,EU-NEU,North,West
47.383,1.05,EU-NEU,North,East
48.983,-1.533,EU-NEU,North,West
48.483,-2.017,EU-NEU,North,West
48.167,4.617,EU-NEU,North,East
47.58333,-2.83333,EU-NEU,North,West
46.017,-1.183,EU-NEU,North,West
48.85,1.0,EU-NEU,North,East
43.35,0.0,EU-SEU,North,East
51.034232,2.376611,EU-NEU,North,East
48.76667,-3.51667,EU-NEU,North,West
44.78333,-1.13333,EU-SEU,North,West
47.0,4.9,EU-NEU,North,East
45.837504,4.822944,EU-NEU,North,East
45.7,3.117,EU-NEU,North,East
48.33333,-4.23333,EU-NEU,North,West
47.73333,-3.43333,EU-NEU,North,West
48.65,-4.367,EU-NEU,North,West
47.3,2.75,EU-NEU,North,East
43.135325,1.502726,EU-SEU,North,East
47.8,-4.33333,EU-NEU,North,West
47.81667,-3.78333,EU-NEU,North,West
44.1,4.7,EU-SEU,North,East
49.417,1.033,EU-NEU,North,East
44.63333,-1.06667,EU-SEU,North,West
43.917,5.05,EU-SEU,North,East
48.71667,0.0,EU-NEU,North,East
44.683,2.617,EU-SEU,North,East
45.55,4.783,EU-NEU,North,East
47.167,4.917,EU-NEU,North,East
48.033,5.283,EU-NEU,North,East
45.9,4.7,EU-NEU,North,East
48.367,5.167,EU-NEU,North,East
48.367,-4.767,EU-NEU,North,West
43.63333,4.8,EU-SEU,North,East
47.817,3.667,EU-NEU,North,East
49.383,-1.217,EU-NEU,North,West
47.933,4.25,EU-NEU,North,East
43.41667,6.76667,EU-SEU,North,East
48.367,-4.767,EU-NEU,North,West
47.0,-0.21667,EU-NEU,North,West
44.38333,-1.16667,EU-SEU,North,West
47.3,2.683,EU-NEU,North,East
46.88333,-2.13333,EU-NEU,North,West
49.73333,2.93333,EU-NEU,North,East
49.01667,2.6,EU-NEU,North,East
47.217,2.833,EU-NEU,North,East
48.31667,-4.3,EU-NEU,North,West
48.66667,-4.16667,EU-NEU,North,West
43.567,6.05,EU-SEU,North,East
45.95,0.917,EU-SEU,North,East
48.85,-3.233,EU-NEU,North,West
44.0,4.767,EU-SEU,North,East
46.933,3.15,EU-NEU,North,East
44.28333,4.58333,EU-SEU,North,East
48.867,2.15,EU-NEU,North,East
47.28333,-2.03333,EU-NEU,North,West
47.717,-3.35,EU-NEU,North,West
48.68333,-3.98333,EU-NEU,North,West
16.2370504,-61.5376272,AF-NAF,North,West
46.05,6.06667,EU-NEU,North,East
47.3,5.4,EU-NEU,North,East
49.01667,0.0,EU-NEU,North,East
47.96667,6.48333,EU-NEU,North,East
41.58333,9.28333,EU-SEU,North,East
44.78333,-1.13333,EU-SEU,North,West
47.967,3.85,EU-NEU,North,East
49.9,1.03333,EU-NEU,North,East
44.833,-0.367,EU-SEU,North,West
44.767,0.017,EU-SEU,North,East
45.290874,4.813975,EU-NEU,North,East
47.25,-1.38333,EU-NEU,North,West
45.6,4.833,EU-NEU,North,East
49.9,0.917,EU-NEU,North,East
49.667,-1.7,EU-NEU,North,West
48.367,7.383,EU-NEU,North,East
43.550669,5.034508,EU-SEU,North,East
41.733,8.8,EU-SEU,North,East
44.287753,4.564728,EU-SEU,North,East
45.83333,4.61667,EU-NEU,North,East
44.26667,4.5,EU-SEU,North,East
47.583,-2.9,EU-NEU,North,West
49.68333,-1.28333,EU-NEU,North,West
49.017,3.933,EU-NEU,North,East
44.567,-0.35,EU-SEU,North,West
48.517,-2.783,EU-NEU,North,West
47.583,5.867,EU-NEU,North,East
43.417,6.767,EU-SEU,North,East
43.267,6.633,EU-SEU,North,East
50.11667,0.13333,EU-NEU,North,East
45.95,-1.05,EU-SEU,North,West
48.76667,-3.56667,EU-NEU,North,West
48.36667,-4.36667,EU-NEU,North,West
48.7,-3.8,EU-NEU,North,West
48.85,2.66667,EU-NEU,North,East
45.483,-1.05,EU-SEU,North,West
49.683,-1.283,EU-NEU,North,West
47.21667,-1.55,EU-NEU,North,West
48.8,-3.03333,EU-NEU,North,West
44.7,-1.03333,EU-SEU,North,West
47.833,-4.167,EU-NEU,North,West
47.217,-2.15,EU-NEU,North,West
48.01667,-2.95,EU-NEU,North,West
48.55,-4.7,EU-NEU,North,West
49.38333,-1.21667,EU-NEU,North,West
48.183,-1.917,EU-NEU,North,West
49.83797,1.093805,EU-NEU,North,East
49.167,4.217,EU-NEU,North,East
45.96667,4.65,EU-NEU,North,East
48.1,4.36667,EU-NEU,North,East
43.733,4.2,EU-SEU,North,East
48.967,-1.067,EU-NEU,North,West
44.417,2.417,EU-SEU,North,East
48.983,3.333,EU-NEU,North,East
43.7,7.317,EU-SEU,North,East
48.333,6.333,EU-NEU,North,East
48.95,2.0,EU-NEU,North,East
49.333,-0.533,EU-NEU,North,West
46.95,1.867,EU-NEU,North,East
47.3,-0.63333,EU-NEU,North,West
47.85,3.717,EU-NEU,North,East
44.767,0.317,EU-SEU,North,East
48.333,4.133,EU-NEU,North,East
45.880811,5.842856,EU-NEU,North,East
42.633,2.817,EU-SEU,North,East
47.86667,3.73333,EU-NEU,North,East
45.83333,4.96667,EU-NEU,North,East
43.117,5.8,EU-SEU,North,East
49.733,0.317,EU-NEU,North,East
45.483,-0.583,EU-SEU,North,West
43.983,4.683,EU-SEU,North,East
44.05,4.583,EU-SEU,North,East
50.6,3.1,EU-NEU,North,East
50.6667,-2.6,EU-NEU,North,West
52.1833,-0.2,EU-NEU,North,West
52.8167,-4.5,EU-NEU,North,West
52.25,-4.25,EU-NEU,North,West
51.95,-5.1167,EU-NEU,North,West
52.8,-4.7167,EU-NEU,North,West
57.1333,-2.1,EU-NEU,North,West
56.05,-3.2833,EU-NEU,North,West
52.55,-4.0333,EU-NEU,North,West
53.1833,-4.45,EU-NEU,North,West
53.2833,-3.5833,EU-NEU,North,West
52.4167,-4.0833,EU-NEU,North,West
58.0333,-5.3667,EU-NEU,North,West
56.5,-5.4833,EU-NEU,North,West
57.7,-7.1833,EU-NEU,North,West
57.0167,-7.4167,EU-NEU,North,West
60.2833,-1.3833,EU-NEU,North,West
51.5167,-0.0833,EU-NEU,North,West
56.1167,-3.7833,EU-NEU,North,West
53.5833,-0.7333,EU-NEU,North,West
53.4167,-4.35,EU-NEU,North,West
54.1,-5.9,EU-NEU,North,West
54.9833,-3.2667,EU-NEU,North,West
56.2167,-2.7,EU-NEU,North,West
56.5667,-5.35,EU-NEU,North,West
57.3833,-5.8,EU-NEU,North,West
51.05,-4.2,EU-NEU,North,West
56.0333,-4.9,EU-NEU,North,West
56.1833,-5.5333,EU-NEU,North,West
54.2667,-5.6167,EU-NEU,North,West
56.7167,-5.25,EU-NEU,North,West
55.8667,-5.0833,EU-NEU,North,West
55.6667,-5.7333,EU-NEU,North,West
56.6833,-6.0833,EU-NEU,North,West
56.0167,-5.45,EU-NEU,North,West
55.6167,-4.8167,EU-NEU,North,West
57.0,-7.4,EU-NEU,North,West
55.8667,-5.0333,EU-NEU,North,West
56.6167,-6.5333,EU-NEU,North,West
56.9,-5.85,EU-NEU,North,West
51.75,-1.8333,EU-NEU,North,West
57.05,-5.9,EU-NEU,North,West
55.5833,-5.2833,EU-NEU,North,West
51.0667,-1.45,EU-NEU,North,West
56.8667,-3.1333,EU-NEU,North,West
58.5667,-3.0667,EU-NEU,North,West
57.8333,-5.5667,EU-NEU,North,West
57.55,-4.1667,EU-NEU,North,West
51.5,-2.6833,EU-NEU,North,West
50.7,-3.05,EU-NEU,North,West
55.45,-4.6167,EU-NEU,North,West
58.2667,-6.3167,EU-NEU,North,West
59.15,-2.75,EU-NEU,North,West
51.5333,-2.2833,EU-NEU,North,West
56.3333,-6.4,EU-NEU,North,West
57.75,-3.9,EU-NEU,North,West
55.0833,-4.9833,EU-NEU,North,West
55.2333,-6.35,EU-NEU,North,West
54.4833,-5.6333,EU-NEU,North,West
54.5,-5.45,EU-NEU,North,West
54.8333,-5.7833,EU-NEU,North,West
54.0667,-5.95,EU-NEU,North,West
54.5333,-5.4833,EU-NEU,North,West
60.75,-0.8667,EU-NEU,North,West
56.2833,-5.6,EU-NEU,North,West
57.6667,-2.5333,EU-NEU,North,West
56.5167,-5.3,EU-NEU,North,West
54.15,-3.0667,EU-NEU,North,West
53.2833,-1.2833,EU-NEU,North,West
52.7167,-4.05,EU-NEU,North,West
53.55,-1.4833,EU-NEU,North,West
51.0833,-4.0667,EU-NEU,North,West
52.9,-0.9,EU-NEU,North,West
54.1167,-3.2333,EU-NEU,North,West
52.75,-1.1333,EU-NEU,North,West
52.85,-1.4667,EU-NEU,North,West
53.6833,-0.3833,EU-NEU,North,West
51.3833,-3.25,EU-NEU,North,West
50.7333,-1.65,EU-NEU,North,West
53.6667,-0.4333,EU-NEU,North,West
53.1167,-0.6333,EU-NEU,North,West
53.7333,-2.35,EU-NEU,North,West
55.55,-1.6333,EU-NEU,North,West
50.8167,-1.4333,EU-NEU,North,West
50.85,-1.0,EU-NEU,North,West
52.3667,-2.9333,EU-NEU,North,West
51.4167,-1.15,EU-NEU,North,West
50.6833,-3.0833,EU-NEU,North,West
50.3333,-3.5667,EU-NEU,North,West
54.9833,-5.9167,EU-NEU,North,West
52.65,-2.1667,EU-NEU,North,West
60.6833,-0.9667,EU-NEU,North,West
50.6833,-1.0833,EU-NEU,North,West
58.1833,-6.9833,EU-NEU,North,West
57.6,-7.15,EU-NEU,North,West
50.4,-3.4833,EU-NEU,North,West
55.7833,-2.0,EU-NEU,North,West
50.85,0.4667,EU-NEU,North,East
50.5333,-3.6833,EU-NEU,North,West
51.0167,-4.2167,EU-NEU,North,West
54.6,-1.3,EU-NEU,North,West
53.85,-1.8333,EU-NEU,North,West
53.6333,-3.0333,EU-NEU,North,West
53.4,-3.0333,EU-NEU,North,West
59.1167,-3.2833,EU-NEU,North,West
52.5,-3.0,EU-NEU,North,West
50.55,-3.5333,EU-NEU,North,West
57.4,-2.4833,EU-NEU,North,West
56.0,-3.5167,EU-NEU,North,West
55.9833,-4.9,EU-NEU,North,West
52.95,1.0167,EU-NEU,North,East
51.55,-1.2333,EU-NEU,North,West
53.3667,-1.0667,EU-NEU,North,West
57.45,-1.7667,EU-NEU,North,West
53.2667,-4.3667,EU-NEU,North,West
50.7833,-0.6833,EU-NEU,North,West
53.5833,-2.4333,EU-NEU,North,West
56.0,-3.6,EU-NEU,North,West
53.4667,-3.0167,EU-NEU,North,West
52.9167,-4.1333,EU-NEU,North,West
50.6833,-4.7,EU-NEU,North,West
50.8167,-0.8667,EU-NEU,North,West
55.4167,-1.5667,EU-NEU,North,West
50.7333,-1.8833,EU-NEU,North,West
55.9167,-4.4833,EU-NEU,North,West
57.35,-6.4,EU-NEU,North,West
53.7833,-1.75,EU-NEU,North,West
50.5667,-4.2667,EU-NEU,North,West
51.7333,0.8833,EU-NEU,North,East
51.0333,-1.1167,EU-NEU,North,West
52.9667,0.6667,EU-NEU,North,East
50.7,-3.1333,EU-NEU,North,West
51.5,-0.7,EU-NEU,North,West
58.2,-6.75,EU-NEU,North,West
54.0833,-0.2,EU-NEU,North,West
53.8167,-2.2333,EU-NEU,North,West
50.6333,-1.3833,EU-NEU,North,West
51.6333,-3.8167,EU-NEU,North,West
50.3833,-3.5,EU-NEU,North,West
57.2333,-5.9,EU-NEU,North,West
50.6833,-2.3833,EU-NEU,North,West
51.3667,1.4167,EU-NEU,North,East
55.5833,-5.1667,EU-NEU,North,West
58.0167,-3.85,EU-NEU,North,West
54.5667,-0.9333,EU-NEU,North,West
53.1667,-3.0,EU-NEU,North,West
54.2667,-3.2,EU-NEU,North,West
55.7667,-6.3667,EU-NEU,North,West
60.4167,-0.75,EU-NEU,North,West
53.1833,-4.2333,EU-NEU,North,West
53.8167,-0.9167,EU-NEU,North,West
54.1833,-2.0833,EU-NEU,North,West
57.6667,-2.9667,EU-NEU,North,West
51.0,-4.4,EU-NEU,North,West
50.8333,-4.55,EU-NEU,North,West
50.6333,-3.3333,EU-NEU,North,West
50.15,-5.1167,EU-NEU,North,West
56.3167,-6.2333,EU-NEU,North,West
55.8833,-6.1333,EU-NEU,North,West
58.65,-3.3333,EU-NEU,North,West
57.7,-3.4833,EU-NEU,North,West
51.6167,0.8333,EU-NEU,North,East
55.8333,-2.0667,EU-NEU,North,West
60.4833,-1.0167,EU-NEU,North,West
58.85,-2.9167,EU-NEU,North,West
51.6833,-4.25,EU-NEU,North,West
53.7333,-0.1333,EU-NEU,North,West
50.7,-2.7167,EU-NEU,North,West
53.65,-0.6833,EU-NEU,North,West
58.75,-2.9667,EU-NEU,North,West
50.9,-0.5667,EU-NEU,North,West
52.9833,0.0,EU-NEU,North,East
49.9833,-5.1667,EU-NEU,North,West
57.6667,-1.9167,EU-NEU,North,West
54.9667,-5.0167,EU-NEU,North,West
52.65,1.75,EU-NEU,North,East
50.9333,0.7833,EU-NEU,North,East
55.4333,-5.6333,EU-NEU,North,West
56.8333,-5.1333,EU-NEU,North,West
57.05,-6.5,EU-NEU,North,West
51.5167,0.5667,EU-NEU,North,East
50.1167,-5.7,EU-NEU,North,West
57.1833,-6.2,EU-NEU,North,West
51.5,-3.2,EU-NEU,North,West
52.0833,-4.65,EU-NEU,North,West
52.1,-0.4,EU-NEU,North,West
52.45,1.7,EU-NEU,North,East
54.9833,-6.0,EU-NEU,North,West
55.5833,-5.4667,EU-NEU,North,West
53.4333,-2.3833,EU-NEU,North,West
57.4,-5.6,EU-NEU,North,West
54.9167,-3.5667,EU-NEU,North,West
56.95,-7.4667,EU-NEU,North,West
53.7167,-1.35,EU-NEU,North,West
50.5667,-2.45,EU-NEU,North,West
56.9,-1.2,EU-NEU,North,West
50.3167,-4.35,EU-NEU,North,West
57.0667,-7.2833,EU-NEU,North,West
52.9667,-3.0667,EU-NEU,North,West
52.2167,-4.3667,EU-NEU,North,West
56.2333,-2.65,EU-NEU,North,West
53.4167,-4.45,EU-NEU,North,West
60.3167,-1.2667,EU-NEU,North,West
53.2167,0.3167,EU-NEU,North,East
56.5833,-3.0,EU-NEU,North,West
56.0333,-3.5,EU-NEU,North,West
50.7333,-2.9,EU-NEU,North,West
51.6333,-2.6667,EU-NEU,North,West
50.8333,-0.7833,EU-NEU,North,West
50.6167,-2.5,EU-NEU,North,West
50.7167,-2.8167,EU-NEU,North,West
51.0,-4.4,EU-NEU,North,West
50.7333,-1.75,EU-NEU,North,West
55.2833,-6.1833,EU-NEU,North,West
57.3333,-6.0667,EU-NEU,North,West
51.8,1.15,EU-NEU,North,East
51.4333,-2.8333,EU-NEU,North,West
54.7,-5.8,EU-NEU,North,West
51.0,-4.4,EU-NEU,North,West
52.4167,-2.9167,EU-NEU,North,West
55.9,-4.4,EU-NEU,North,West
51.8333,-4.7,EU-NEU,North,West
55.95,-2.95,EU-NEU,North,West
50.6,-3.4333,EU-NEU,North,West
55.9167,-5.1333,EU-NEU,North,West
58.2667,-6.3167,EU-NEU,North,West
60.5333,-1.3667,EU-NEU,North,West
57.35,-1.9167,EU-NEU,North,West
53.3,-3.7333,EU-NEU,North,West
51.2,-4.0333,EU-NEU,North,West
51.3667,-2.8167,EU-NEU,North,West
53.2167,-3.0667,EU-NEU,North,West
53.2167,-3.0667,EU-NEU,North,West
50.1167,-5.1667,EU-NEU,North,West
51.8,-0.0333,EU-NEU,North,West
53.2833,-3.8333,EU-NEU,North,West
56.7167,-5.2333,EU-NEU,North,West
55.9333,-2.35,EU-NEU,North,West
57.1,-2.0667,EU-NEU,North,West
55.9333,-2.35,EU-NEU,North,West
51.5116571,-0.1240436,EU-NEU,North,West
52.4167,-1.55,EU-NEU,North,West
55.8333,-5.95,EU-NEU,North,West
56.4667,-5.7167,EU-NEU,North,West
56.2667,-2.6333,EU-NEU,North,West
55.9667,-3.2833,EU-NEU,North,West
50.9167,-1.9167,EU-NEU,North,West
55.4667,-1.5833,EU-NEU,North,West
51.6333,0.7833,EU-NEU,North,East
52.9167,-4.2333,EU-NEU,North,West
56.3667,-3.8333,EU-NEU,North,West
56.0833,-5.5667,EU-NEU,North,West
56.05,-3.5333,EU-NEU,North,West
52.9333,1.3,EU-NEU,North,East
54.2833,-0.8333,EU-NEU,North,West
58.6,-3.65,EU-NEU,North,West
56.2667,-5.6333,EU-NEU,North,West
58.25,-5.35,EU-NEU,North,West
58.2333,-5.3333,EU-NEU,North,West
60.7,-1.0167,EU-NEU,North,West
55.7833,-4.9,EU-NEU,North,West
55.7333,-4.9167,EU-NEU,North,West
53.2667,-1.6333,EU-NEU,North,West
55.0833,-6.05,EU-NEU,North,West
55.1333,-6.05,EU-NEU,North,West
51.55,0.1667,EU-NEU,North,East
56.0333,-3.35,EU-NEU,North,West
54.5333,-1.5667,EU-NEU,North,West
51.45,0.2167,EU-NEU,North,East
50.35,-3.5833,EU-NEU,North,West
58.9667,-2.85,EU-NEU,North,West
53.0167,-1.4,EU-NEU,North,West
50.8,0.05,EU-NEU,North,East
50.3667,-4.1833,EU-NEU,North,West
53.7,-1.6167,EU-NEU,North,West
53.3833,-2.95,EU-NEU,North,West
57.6,-4.45,EU-NEU,North,West
54.6333,-5.5333,EU-NEU,North,West
53.7333,-0.9833,EU-NEU,North,West
54.4167,-6.15,EU-NEU,North,West
53.3667,-4.2667,EU-NEU,North,West
56.0,-2.5167,EU-NEU,North,West
58.25,-3.4333,EU-NEU,North,West
52.3333,-1.2833,EU-NEU,North,West
56.5,-2.9667,EU-NEU,North,West
50.9167,0.9667,EU-NEU,North,East
55.95,-4.95,EU-NEU,North,West
55.2333,-6.45,EU-NEU,North,West
51.1667,-3.4333,EU-NEU,North,West
54.95,-1.65,EU-NEU,North,West
55.3833,-4.75,EU-NEU,North,West
57.4333,-6.5833,EU-NEU,North,West
52.2667,1.6167,EU-NEU,North,East
56.1333,-3.1167,EU-NEU,North,West
51.9333,0.6833,EU-NEU,North,East
56.2833,-5.65,EU-NEU,North,West
54.7833,-1.35,EU-NEU,North,West
50.7667,-0.8833,EU-NEU,North,West
50.7667,0.2833,EU-NEU,North,East
53.3,-2.9667,EU-NEU,North,West
53.4833,-2.3333,EU-NEU,North,West
55.95,-3.2,EU-NEU,North,West
59.15,-2.9333,EU-NEU,North,West
56.9,-6.1667,EU-NEU,North,West
57.85,-6.3667,EU-NEU,North,West
57.15,-6.1,EU-NEU,North,West
56.2,-2.8167,EU-NEU,North,West
50.9,-1.4833,EU-NEU,North,West
56.2833,-5.65,EU-NEU,North,West
53.6,-0.4333,EU-NEU,North,West
51.4833,0.1833,EU-NEU,North,East
58.4667,-4.2333,EU-NEU,North,West
60.5,-1.55,EU-NEU,North,West
57.65,-4.2833,EU-NEU,North,West
50.7,-3.5333,EU-NEU,North,West
50.5833,-3.4,EU-NEU,North,West
55.8667,-2.1,EU-NEU,North,West
55.75,-4.85,EU-NEU,North,West
54.1,-1.0667,EU-NEU,North,West
55.85,-6.0667,EU-NEU,North,West
51.65,-3.4333,EU-NEU,North,West
50.5667,-2.4667,EU-NEU,North,West
53.7,-1.2667,EU-NEU,North,West
51.7667,-4.3667,EU-NEU,North,West
57.65,-3.6,EU-NEU,North,West
57.7,-2.9,EU-NEU,North,West
56.6667,-4.4167,EU-NEU,North,West
56.3167,-6.3667,EU-NEU,North,West
50.7333,-1.1667,EU-NEU,North,West
55.9333,-3.0667,EU-NEU,North,West
51.9833,-4.9667,EU-NEU,North,West
56.5,-5.8,EU-NEU,North,West
54.1167,-0.1167,EU-NEU,North,West
54.0333,-0.95,EU-NEU,North,West
53.9167,-3.0,EU-NEU,North,West
53.6167,-0.6833,EU-NEU,North,West
54.1667,-2.9667,EU-NEU,North,West
50.15,-5.0667,EU-NEU,North,West
51.0833,1.15,EU-NEU,North,East
53.55,-3.05,EU-NEU,North,West
56.8167,-5.1167,EU-NEU,North,West
55.75,-3.6833,EU-NEU,North,West
57.5833,-4.1333,EU-NEU,North,West
57.6833,-2.0167,EU-NEU,North,West
51.65,-4.8667,EU-NEU,North,West
51.8333,1.2333,EU-NEU,North,East
56.15,-5.1667,EU-NEU,North,West
57.7,-5.6667,EU-NEU,North,West
56.8833,-6.1333,EU-NEU,North,West
57.6667,-2.3333,EU-NEU,North,West
56.1,-4.8167,EU-NEU,North,West
54.7833,-4.3667,EU-NEU,North,West
58.2167,-6.2333,EU-NEU,North,West
53.3333,-2.9,EU-NEU,North,West
53.3333,-2.9,EU-NEU,North,West
54.9333,-1.6167,EU-NEU,North,West
51.3833,0.55,EU-NEU,North,East
58.65,-3.15,EU-NEU,North,West
55.2333,-4.8667,EU-NEU,North,West
55.8333,-4.25,EU-NEU,North,West
53.9833,-2.85,EU-NEU,North,West
54.8,-5.95,EU-NEU,North,West
57.2167,-5.6333,EU-NEU,North,West
54.8667,-4.8333,EU-NEU,North,West
56.1167,-4.8167,EU-NEU,North,West
56.8333,-5.8167,EU-NEU,North,West
57.9833,-3.9667,EU-NEU,North,West
53.7167,-0.8667,EU-NEU,North,West
50.2333,-4.8,EU-NEU,North,West
56.8333,-2.2833,EU-NEU,North,West
55.95,-4.8333,EU-NEU,North,West
51.8167,-3.0667,EU-NEU,North,West
53.8833,-0.2,EU-NEU,North,West
53.6667,-0.3333,EU-NEU,North,West
58.9167,-3.2667,EU-NEU,North,West
56.0,-3.7167,EU-NEU,North,West
55.9667,-3.2167,EU-NEU,North,West
52.7667,0.6667,EU-NEU,North,East
51.9,1.1833,EU-NEU,North,East
51.55,0.8,EU-NEU,North,East
54.6333,-1.2333,EU-NEU,North,West
55.9333,-4.75,EU-NEU,North,West
52.5333,-0.6667,EU-NEU,North,West
57.4667,-7.2,EU-NEU,North,West
53.5333,-0.5,EU-NEU,North,West
54.6667,-5.6167,EU-NEU,North,West
53.5833,-0.7,EU-NEU,North,West
51.3333,0.7333,EU-NEU,North,East
59.8667,-1.2833,EU-NEU,North,West
50.1333,-5.5167,EU-NEU,North,West
60.6667,-1.0167,EU-NEU,North,West
50.1,-5.2,EU-NEU,North,West
51.6,0.0833,EU-NEU,North,East
58.5167,-3.5,EU-NEU,North,West
60.1333,-2.0333,EU-NEU,North,West
60.6167,-0.9333,EU-NEU,North,West
60.1,-1.3333,EU-NEU,North,West
51.6,-0.4833,EU-NEU,North,West
54.8833,-2.9,EU-NEU,North,West
54.6833,-1.2167,EU-NEU,North,West
59.0,-2.9667,EU-NEU,North,West
50.8333,-0.9833,EU-NEU,North,West
54.0333,-2.85,EU-NEU,North,West
54.9667,-1.5167,EU-NEU,North,West
53.7333,-0.1833,EU-NEU,North,West
56.0,-4.7333,EU-NEU,North,West
50.0833,-5.15,EU-NEU,North,West
58.1167,-3.65,EU-NEU,North,West
52.7,1.6833,EU-NEU,North,East
53.7167,-0.4333,EU-NEU,North,West
54.0833,-2.8,EU-NEU,North,West
53.5167,-3.05,EU-NEU,North,West
52.9333,-1.5,EU-NEU,North,West
58.9,-2.9,EU-NEU,North,West
55.6667,-1.8,EU-NEU,North,West
55.9833,-4.9333,EU-NEU,North,West
54.6333,-5.8167,EU-NEU,North,West
50.2333,-3.85,EU-NEU,North,West
57.7,-3.4333,EU-NEU,North,West
60.0,-1.2667,EU-NEU,North,West
57.6,-7.55,EU-NEU,North,West
56.0333,-3.3,EU-NEU,North,West
60.3333,-1.6667,EU-NEU,North,West
58.9167,-3.1833,EU-NEU,North,West
52.9333,1.3,EU-NEU,North,East
53.7333,-0.85,EU-NEU,North,West
54.9833,-1.4667,EU-NEU,North,West
53.65,-1.7833,EU-NEU,North,West
49.9167,-6.3167,EU-NEU,North,West
53.7333,-0.3167,EU-NEU,North,West
53.7833,-1.5333,EU-NEU,North,West
55.7167,-4.8833,EU-NEU,North,West
51.0667,1.0833,EU-NEU,North,East
51.2167,-4.1167,EU-NEU,North,West
53.6,-0.2167,EU-NEU,North,West
56.4333,-3.1667,EU-NEU,North,West
53.1833,0.3333,EU-NEU,North,East
51.05,-4.1667,EU-NEU,North,West
57.6667,-1.9167,EU-NEU,North,West
57.0333,-5.6833,EU-NEU,North,West
55.9,-4.8667,EU-NEU,North,West
50.3167,-4.95,EU-NEU,North,West
55.6,-4.6667,EU-NEU,North,West
54.8167,-5.7,EU-NEU,North,West
55.8,-6.25,EU-NEU,North,West
51.45,0.7,EU-NEU,North,East
51.4,0.8167,EU-NEU,North,East
54.7,-4.3667,EU-NEU,North,West
54.9833,-1.45,EU-NEU,North,West
58.6333,-3.0667,EU-NEU,North,West
56.8,-2.3333,EU-NEU,North,West
55.2,-3.4167,EU-NEU,North,West
56.0167,-5.9167,EU-NEU,North,West
57.4833,-7.2,EU-NEU,North,West
53.6,-0.7333,EU-NEU,North,West
53.8833,-1.9167,EU-NEU,North,West
58.5333,-3.1167,EU-NEU,North,West
51.3,0.2167,EU-NEU,North,East
55.8,-5.4667,EU-NEU,North,West
59.2333,-2.6,EU-NEU,North,West
50.7167,-1.5667,EU-NEU,North,West
56.7,-6.1,EU-NEU,North,West
55.9833,-4.85,EU-NEU,North,West
51.7333,-4.7,EU-NEU,North,West
54.0667,-6.0,EU-NEU,North,West
53.6167,-0.2667,EU-NEU,North,West
54.25,-5.6333,EU-NEU,North,West
55.2,-6.2667,EU-NEU,North,West
54.4,-5.7167,EU-NEU,North,West
50.6167,-2.1167,EU-NEU,North,West
56.0667,-3.7,EU-NEU,North,West
56.0667,-3.1667,EU-NEU,North,West
52.75,0.3833,EU-NEU,North,East
50.2833,-3.7667,EU-NEU,North,West
50.3333,-3.5667,EU-NEU,North,West
57.0,-6.2833,EU-NEU,North,West
58.45,-5.0333,EU-NEU,North,West
56.7,-4.9833,EU-NEU,North,West
54.8667,-3.7833,EU-NEU,North,West
54.4833,-5.5333,EU-NEU,North,West
54.8333,-4.05,EU-NEU,North,West
58.5333,-4.15,EU-NEU,North,West
57.4,-5.5833,EU-NEU,North,West
57.2667,-5.7167,EU-NEU,North,West
57.2667,-5.7333,EU-NEU,North,West
55.8667,-5.2167,EU-NEU,North,West
58.25,-5.0167,EU-NEU,North,West
50.3167,-4.95,EU-NEU,North,West
55.5333,-5.15,EU-NEU,North,West
50.0667,-5.7167,EU-NEU,North,West
50.8333,-0.9833,EU-NEU,North,West
56.2167,-2.95,EU-NEU,North,West
55.7833,-4.85,EU-NEU,North,West
58.2667,-3.3667,EU-NEU,North,West
52.1,0.8,EU-NEU,North,East
53.8,-1.5833,EU-NEU,North,West
51.55,0.6667,EU-NEU,North,East
55.95,-3.1667,EU-NEU,North,West
59.9667,-1.2667,EU-NEU,North,West
57.7667,-7.0167,EU-NEU,North,West
56.0333,-3.4833,EU-NEU,North,West
56.4833,-5.55,EU-NEU,North,West
51.7667,-5.1,EU-NEU,North,West
51.9167,1.2333,EU-NEU,North,East
51.2667,1.1667,EU-NEU,North,East
53.4167,-3.0,EU-NEU,North,West
53.6833,-3.55,EU-NEU,North,West
52.7333,-4.0833,EU-NEU,North,West
53.2833,-3.6333,EU-NEU,North,West
51.6667,-4.15,EU-NEU,North,West
51.65,-3.8833,EU-NEU,North,West
51.7667,-4.3833,EU-NEU,North,West
51.7833,-4.4,EU-NEU,North,West
56.3,-5.9,EU-NEU,North,West
56.0833,-4.85,EU-NEU,North,West
54.9833,-5.0333,EU-NEU,North,West
56.3333,-6.1833,EU-NEU,North,West
55.9333,-5.0667,EU-NEU,North,West
57.9667,-6.2667,EU-NEU,North,West
56.4,-5.05,EU-NEU,North,West
57.15,-7.3167,EU-NEU,North,West
57.4,-5.4833,EU-NEU,North,West
56.3833,-4.2833,EU-NEU,North,West
58.15,-5.25,EU-NEU,North,West
57.6,-7.1833,EU-NEU,North,West
55.7,-5.3,EU-NEU,North,West
58.1,-6.4833,EU-NEU,North,West
51.5,0.4833,EU-NEU,North,East
51.4333,0.6,EU-NEU,North,East
58.8,-3.2,EU-NEU,North,West
53.4667,-2.2,EU-NEU,North,West
50.35,-4.45,EU-NEU,North,West
57.7,-3.2833,EU-NEU,North,West
59.2,-2.7,EU-NEU,North,West
53.4,-1.4833,EU-NEU,North,West
55.75,-4.5333,EU-NEU,North,West
52.7,-1.6167,EU-NEU,North,West
50.6333,-2.2333,EU-NEU,North,West
50.6667,-2.2167,EU-NEU,North,West
51.1167,-3.4667,EU-NEU,North,West
50.3833,-4.75,EU-NEU,North,West
58.3,-3.2833,EU-NEU,North,West
51.7167,-2.5167,EU-NEU,North,West
50.7333,-2.9333,EU-NEU,North,West
51.2167,-3.8167,EU-NEU,North,West
51.2167,-3.8333,EU-NEU,North,West
50.7333,-2.05,EU-NEU,North,West
57.6667,-2.4833,EU-NEU,North,West
51.6333,-3.2333,EU-NEU,North,West
55.1833,-6.9667,EU-NEU,North,West
55.3333,-4.7833,EU-NEU,North,West
53.5,-2.2167,EU-NEU,North,West
53.4833,-2.3167,EU-NEU,North,West
50.8833,-1.4333,EU-NEU,North,West
60.15,-1.1167,EU-NEU,North,West
51.6833,0.7667,EU-NEU,North,East
51.6667,0.9,EU-NEU,North,East
57.85,-4.1333,EU-NEU,North,West
52.0,-0.3333,EU-NEU,North,West
50.2667,-4.7833,EU-NEU,North,West
60.6,-1.0667,EU-NEU,North,West
54.2833,-1.8,EU-NEU,North,West
54.5667,-1.15,EU-NEU,North,West
51.7167,-5.0333,EU-NEU,North,West
50.7167,-1.5833,EU-NEU,North,West
55.75,-4.95,EU-NEU,North,West
51.2,-3.4667,EU-NEU,North,West
51.7833,-2.1,EU-NEU,North,West
58.9167,-3.3167,EU-NEU,North,West
56.7,-2.45,EU-NEU,North,West
52.9333,-4.5333,EU-NEU,North,West
52.95,0.9667,EU-NEU,North,East
53.3,-3.2667,EU-NEU,North,West
50.0833,-5.55,EU-NEU,North,West
55.6,-5.6667,EU-NEU,North,West
50.0333,-5.2333,EU-NEU,North,West
50.1667,-5.05,EU-NEU,North,West
57.5833,-3.8833,EU-NEU,North,West
51.65,-3.8,EU-NEU,North,West
52.9333,-4.5,EU-NEU,North,West
55.7833,-4.4167,EU-NEU,North,West
58.45,-6.3333,EU-NEU,North,West
57.2667,-3.6333,EU-NEU,North,West
53.7,-0.3667,EU-NEU,North,West
54.6333,-2.1333,EU-NEU,North,West
55.1667,-1.5167,EU-NEU,North,West
54.2167,-5.9,EU-NEU,North,West
52.0333,-4.4667,EU-NEU,North,West
54.9667,-1.6,EU-NEU,North,West
55.9833,-3.1833,EU-NEU,North,West
50.7,-1.2833,EU-NEU,North,West
55.5,-1.6667,EU-NEU,North,West
50.3167,-4.0333,EU-NEU,North,West
50.7,-1.4,EU-NEU,North,West
51.7,-4.9333,EU-NEU,North,West
57.7167,-4.0,EU-NEU,North,West
52.7,-1.4333,EU-NEU,North,West
56.0667,-2.7167,EU-NEU,North,West
52.4333,1.7333,EU-NEU,North,East
53.7167,-0.5,EU-NEU,North,West
51.6167,-0.1667,EU-NEU,North,West
57.8833,-6.8667,EU-NEU,North,West
58.1,-6.4833,EU-NEU,North,West
56.0167,-3.4,EU-NEU,North,West
60.5833,-1.3333,EU-NEU,North,West
59.35,-2.4333,EU-NEU,North,West
55.0,-1.4667,EU-NEU,North,West
55.5667,-1.6667,EU-NEU,North,West
50.8,-3.9,EU-NEU,North,West
57.6,-7.15,EU-NEU,North,West
51.5,0.6667,EU-NEU,North,East
57.0,-7.4,EU-NEU,North,West
52.15,-2.1833,EU-NEU,North,West
52.6667,-1.9667,EU-NEU,North,West
56.4167,-5.4667,EU-NEU,North,West
58.0333,-5.4167,EU-NEU,North,West
55.9167,-4.45,EU-NEU,North,West
53.55,-2.1167,EU-NEU,North,West
52.1,1.5333,EU-NEU,North,East
59.0667,-2.8833,EU-NEU,North,West
57.6833,-7.1833,EU-NEU,North,West
52.4833,1.7333,EU-NEU,North,East
51.6333,0.6667,EU-NEU,North,East
59.3333,-2.8833,EU-NEU,North,West
50.35,-4.7167,EU-NEU,North,West
53.4167,-2.4167,EU-NEU,North,West
55.3667,-4.5,EU-NEU,North,West
50.8,0.0,EU-NEU,North,East
51.6833,-4.2667,EU-NEU,North,West
52.2167,-2.9,EU-NEU,North,West
51.6667,-4.9,EU-NEU,North,West
51.4333,-3.1667,EU-NEU,North,West
50.05,-5.6,EU-NEU,North,West
51.6333,-4.0833,EU-NEU,North,West
52.7333,-2.1167,EU-NEU,North,West
57.6667,-2.2667,EU-NEU,North,West
53.2667,-4.2167,EU-NEU,North,West
56.4,-3.4333,EU-NEU,North,West
57.5,-1.7833,EU-NEU,North,West
56.0667,-3.1833,EU-NEU,North,West
54.25,-0.7833,EU-NEU,North,West
59.3167,-3.0,EU-NEU,North,West
51.05,-2.7833,EU-NEU,North,West
56.2167,-2.7333,EU-NEU,North,West
57.3333,-5.65,EU-NEU,North,West
50.4,-4.1167,EU-NEU,North,West
53.6,-0.75,EU-NEU,North,West
56.55,-5.4333,EU-NEU,North,West
50.3333,-4.5333,EU-NEU,North,West
50.3167,-4.6167,EU-NEU,North,West
57.75,-5.6,EU-NEU,North,West
51.2,-3.4167,EU-NEU,North,West
56.55,-5.4,EU-NEU,North,West
55.85,-6.1167,EU-NEU,North,West
54.5833,-1.2333,EU-NEU,North,West
55.9833,-3.4167,EU-NEU,North,West
55.6333,-6.1833,EU-NEU,North,West
57.4,-1.8333,EU-NEU,North,West
50.6,-4.8167,EU-NEU,North,West
55.9333,-4.6833,EU-NEU,North,West
50.5833,-4.8167,EU-NEU,North,West
56.8333,-6.2333,EU-NEU,North,West
54.0667,-4.7333,EU-NEU,North,West
55.9667,-2.95,EU-NEU,North,West
53.3333,-2.9833,EU-NEU,North,West
51.6,-3.7833,EU-NEU,North,West
54.7667,-4.5833,EU-NEU,North,West
54.3833,-5.55,EU-NEU,North,West
55.8667,-5.3,EU-NEU,North,West
54.45,-5.45,EU-NEU,North,West
55.2167,-6.5333,EU-NEU,North,West
51.4667,-2.7167,EU-NEU,North,West
51.6167,-3.4,EU-NEU,North,West
52.9,-4.6333,EU-NEU,North,West
51.4833,-3.7,EU-NEU,North,West
51.9333,-5.1667,EU-NEU,North,West
50.0333,-5.6667,EU-NEU,North,West
50.0833,-5.3167,EU-NEU,North,West
52.9333,-4.1167,EU-NEU,North,West
50.05,-5.0667,EU-NEU,North,West
56.1,-4.85,EU-NEU,North,West
51.4833,-2.7667,EU-NEU,North,West
57.7,-2.8667,EU-NEU,North,West
50.2167,-4.9,EU-NEU,North,West
57.8333,-3.8167,EU-NEU,North,West
58.4833,-6.2167,EU-NEU,North,West
55.6667,-6.5,EU-NEU,North,West
57.2,-6.25,EU-NEU,North,West
54.85,-5.1167,EU-NEU,North,West
50.2667,-5.3,EU-NEU,North,West
50.1833,-4.9833,EU-NEU,North,West
58.5667,-3.9167,EU-NEU,North,West
57.6833,-2.6833,EU-NEU,North,West
55.1833,-6.7167,EU-NEU,North,West
51.7,-1.85,EU-NEU,North,West
53.3667,-3.0333,EU-NEU,North,West
53.75,-2.7167,EU-NEU,North,West
52.8833,-4.4167,EU-NEU,North,West
51.8167,-2.2833,EU-NEU,North,West
53.6333,-2.3167,EU-NEU,North,West
59.2667,-2.8667,EU-NEU,North,West
54.35,-3.4,EU-NEU,North,West
53.6667,-0.9333,EU-NEU,North,West
51.45,-0.9667,EU-NEU,North,West
58.55,-3.7833,EU-NEU,North,West
55.0667,-6.0167,EU-NEU,North,West
54.6,-1.05,EU-NEU,North,West
51.4667,-2.7833,EU-NEU,North,West
53.4333,-2.15,EU-NEU,North,West
52.55,1.5667,EU-NEU,North,East
53.2333,-3.0,EU-NEU,North,West
50.35,-5.0833,EU-NEU,North,West
55.8833,-4.4,EU-NEU,North,West
53.2333,-4.5167,EU-NEU,North,West
53.3,-3.75,EU-NEU,North,West
56.0167,-4.7667,EU-NEU,North,West
57.8833,-5.3833,EU-NEU,North,West
55.9167,-5.1333,EU-NEU,North,West
51.2833,1.3333,EU-NEU,North,East
50.3333,-3.55,EU-NEU,North,West
50.4,-4.5833,EU-NEU,North,West
54.4,-0.4833,EU-NEU,North,West
50.5333,-4.9,EU-NEU,North,West
53.3667,-3.0,EU-NEU,North,West
57.7,-2.1,EU-NEU,North,West
57.6,-4.1167,EU-NEU,North,West
56.0167,-4.8167,EU-NEU,North,West
53.6833,-2.25,EU-NEU,North,West
54.1,-6.2,EU-NEU,North,West
56.0333,-3.4333,EU-NEU,North,West
53.4333,-1.35,EU-NEU,North,West
55.8833,-5.15,EU-NEU,North,West
59.1333,-2.9667,EU-NEU,North,West
49.9833,-5.1833,EU-NEU,North,West
57.6333,-5.8167,EU-NEU,North,West
53.3333,-2.75,EU-NEU,North,West
50.7333,-1.1667,EU-NEU,North,West
55.9,-2.1333,EU-NEU,North,West
49.2,-2.2,EU-NEU,North,West
50.5667,-1.3,EU-NEU,North,West
57.6667,-1.9167,EU-NEU,North,West
51.8833,-5.2667,EU-NEU,North,West
50.6833,-1.1,EU-NEU,North,West
53.45,-2.7333,EU-NEU,North,West
50.1,-5.6833,EU-NEU,North,West
50.05,-5.1,EU-NEU,North,West
50.85,0.5667,EU-NEU,North,East
58.8333,-2.9667,EU-NEU,North,West
51.0167,0.9667,EU-NEU,North,East
50.15,-5.0167,EU-NEU,North,West
50.1167,-5.4667,EU-NEU,North,West
50.55,-4.8667,EU-NEU,North,West
56.2167,-2.7667,EU-NEU,North,West
55.4833,-4.5667,EU-NEU,North,West
50.3667,-4.65,EU-NEU,North,West
53.75,-3.05,EU-NEU,North,West
50.2333,-3.7833,EU-NEU,North,West
56.7,-5.7833,EU-NEU,North,West
53.4833,-2.2667,EU-NEU,North,West
53.7333,-0.2333,EU-NEU,North,West
55.6167,-4.8,EU-NEU,North,West
52.9333,1.1,EU-NEU,North,East
50.8167,-3.6667,EU-NEU,North,West
57.6833,-2.0333,EU-NEU,North,West
60.3,-1.65,EU-NEU,North,West
50.65,-1.15,EU-NEU,North,West
51.2667,1.35,EU-NEU,North,East
59.9833,-1.25,EU-NEU,North,West
51.7,-4.7167,EU-NEU,North,West
56.0667,-6.1667,EU-NEU,North,West
57.8667,-6.6833,EU-NEU,North,West
58.9667,-2.9833,EU-NEU,North,West
53.35,-1.4333,EU-NEU,North,West
58.65,-3.2667,EU-NEU,North,West
56.5167,-6.8167,EU-NEU,North,West
57.3,-6.1167,EU-NEU,North,West
58.35,-5.15,EU-NEU,North,West
53.5833,-0.65,EU-NEU,North,West
50.7667,0.1,EU-NEU,North,East
53.4667,-3.0167,EU-NEU,North,West
55.5833,-1.6667,EU-NEU,North,West
54.6333,-1.1333,EU-NEU,North,West
50.7167,-3.0833,EU-NEU,North,West
50.6833,-1.3,EU-NEU,North,West
53.7833,-1.0667,EU-NEU,North,West
50.7333,-0.8,EU-NEU,North,West
50.0667,-5.7,EU-NEU,North,West
56.05,-4.8,EU-NEU,North,West
50.6167,-1.1833,EU-NEU,North,West
59.05,-2.85,EU-NEU,North,West
53.15,-1.8333,EU-NEU,North,West
53.3667,-1.5,EU-NEU,North,West
52.45,-1.7667,EU-NEU,North,West
52.9333,1.2,EU-NEU,North,East
60.346957,-1.23566,EU-NEU,North,West
57.5167,-5.6333,EU-NEU,North,West
52.6667,-2.3667,EU-NEU,North,West
58.0833,-4.4667,EU-NEU,North,West
52.25,-2.8667,EU-NEU,North,West
51.3167,0.1833,EU-NEU,North,East
50.8333,-0.2667,EU-NEU,North,West
55.8167,-3.7833,EU-NEU,North,West
50.7833,-0.7833,EU-NEU,North,West
50.6833,-3.25,EU-NEU,North,West
51.5,0.0333,EU-NEU,North,East
53.5,-2.8667,EU-NEU,North,West
52.2,1.6167,EU-NEU,North,East
53.15,0.3333,EU-NEU,North,East
60.1667,-1.4333,EU-NEU,North,West
58.5333,-4.3,EU-NEU,North,West
57.05,-5.9,EU-NEU,North,West
52.45,-1.8167,EU-NEU,North,West
57.4833,-6.3167,EU-NEU,North,West
51.8667,-5.1833,EU-NEU,North,West
50.8167,-0.35,EU-NEU,North,West
56.2667,-5.6333,EU-NEU,North,West
58.0167,-6.35,EU-NEU,North,West
50.7833,-0.9667,EU-NEU,North,West
58.1,-6.4833,EU-NEU,North,West
55.9833,-3.4,EU-NEU,North,West
58.7333,-2.9667,EU-NEU,North,West
54.9833,-1.4167,EU-NEU,North,West
57.35,-5.5333,EU-NEU,North,West
55.3167,-5.6333,EU-NEU,North,West
51.5333,0.7,EU-NEU,North,East
53.65,-3.0,EU-NEU,North,West
50.8333,-0.2333,EU-NEU,North,West
51.6167,-4.9,EU-NEU,North,West
54.55,-0.8,EU-NEU,North,West
52.5833,-2.3,EU-NEU,North,West
52.1,0.6833,EU-NEU,North,East
51.6333,0.1667,EU-NEU,North,East
58.4333,-3.0333,EU-NEU,North,West
52.4833,-1.8,EU-NEU,North,West
51.7167,-5.0167,EU-NEU,North,West
57.8,-6.1667,EU-NEU,North,West
52.25,-2.7,EU-NEU,North,West
54.5667,-1.3167,EU-NEU,North,West
53.0,-2.1833,EU-NEU,North,West
56.9667,-2.2167,EU-NEU,North,West
58.2167,-6.3667,EU-NEU,North,West
53.7833,-1.5333,EU-NEU,North,West
52.6333,0.3667,EU-NEU,North,East
54.3667,-5.5667,EU-NEU,North,West
57.1667,-6.05,EU-NEU,North,West
51.4167,-1.1333,EU-NEU,North,West
50.3167,-3.6333,EU-NEU,North,West
58.6833,-3.1167,EU-NEU,North,West
53.3,-0.65,EU-NEU,North,West
50.35,-4.9667,EU-NEU,North,West
54.9,-1.3833,EU-NEU,North,West
52.7667,0.1833,EU-NEU,North,East
50.6167,-1.9667,EU-NEU,North,West
51.6333,-3.9667,EU-NEU,North,West
53.5,-2.35,EU-NEU,North,West
50.9333,-4.15,EU-NEU,North,West
53.2,-3.7833,EU-NEU,North,West
58.5333,-4.4167,EU-NEU,North,West
53.4833,-2.0833,EU-NEU,North,West
55.8667,-5.4167,EU-NEU,North,West
57.9,-6.8,EU-NEU,North,West
55.65,-5.65,EU-NEU,North,West
56.0167,-5.6167,EU-NEU,North,West
54.5833,-1.15,EU-NEU,North,West
50.55,-3.4667,EU-NEU,North,West
52.3,-2.5833,EU-NEU,North,West
51.6667,-4.7167,EU-NEU,North,West
51.8833,-1.1,EU-NEU,North,West
53.4833,0.0167,EU-NEU,North,East
50.9333,-0.4167,EU-NEU,North,West
52.7667,-1.4833,EU-NEU,North,West
53.35,-1.7,EU-NEU,North,West
54.75,-1.4333,EU-NEU,North,West
51.8833,0.75,EU-NEU,North,East
52.1667,1.6167,EU-NEU,North,East
51.55,0.5833,EU-NEU,North,East
53.5333,-1.3,EU-NEU,North,West
58.5833,-3.5167,EU-NEU,North,West
55.9,-5.2333,EU-NEU,North,West
51.1833,-0.75,EU-NEU,North,West
59.0833,-3.05,EU-NEU,North,West
52.5167,-2.0667,EU-NEU,North,West
56.6333,-6.0833,EU-NEU,North,West
56.2,-5.6167,EU-NEU,North,West
50.6833,-3.45,EU-NEU,North,West
50.45,-3.5667,EU-NEU,North,West
50.3833,-4.2167,EU-NEU,North,West
50.45,-3.5,EU-NEU,North,West
57.5333,-5.5167,EU-NEU,North,West
53.3667,-3.0167,EU-NEU,North,West
53.2833,-4.6167,EU-NEU,North,West
51.5833,-3.3167,EU-NEU,North,West
53.0,-4.4,EU-NEU,North,West
49.95,-6.3333,EU-NEU,North,West
55.55,-4.65,EU-NEU,North,West
52.9,-4.6,EU-NEU,North,West
51.8833,-5.25,EU-NEU,North,West
55.0167,-1.4333,EU-NEU,North,West
60.5,-1.1667,EU-NEU,North,West
56.4833,-6.1333,EU-NEU,North,West
53.5333,-2.7167,EU-NEU,North,West
51.4,0.5167,EU-NEU,North,East
51.1833,-0.9167,EU-NEU,North,West
52.5833,-0.7167,EU-NEU,North,West
60.7,-0.9167,EU-NEU,North,West
50.6,-1.2,EU-NEU,North,West
60.3667,-1.1333,EU-NEU,North,West
60.35,-1.25,EU-NEU,North,West
50.5167,-4.8333,EU-NEU,North,West
53.7,-1.4833,EU-NEU,North,West
54.9833,-1.55,EU-NEU,North,West
52.1833,-1.5833,EU-NEU,North,West
54.9833,-1.5333,EU-NEU,North,West
52.4167,-1.4333,EU-NEU,North,West
51.8667,1.2667,EU-NEU,North,East
53.1167,-2.5833,EU-NEU,North,West
50.6833,-2.1167,EU-NEU,North,West
55.35,-1.6,EU-NEU,North,West
53.3833,-2.6,EU-NEU,North,West
55.0667,-6.0667,EU-NEU,North,West
52.95,-0.8333,EU-NEU,North,West
51.55,-0.2833,EU-NEU,North,West
55.8833,-4.9,EU-NEU,North,West
54.6333,-1.7333,EU-NEU,North,West
50.7,-2.75,EU-NEU,North,West
60.3,-1.5333,EU-NEU,North,West
50.9333,-0.45,EU-NEU,North,West
50.9667,-0.3333,EU-NEU,North,West
51.3,-2.6167,EU-NEU,North,West
55.85,-5.4333,EU-NEU,North,West
51.7833,0.9167,EU-NEU,North,East
56.1333,-3.0833,EU-NEU,North,West
51.8167,-2.4167,EU-NEU,North,West
51.5,-2.4167,EU-NEU,North,West
54.7333,-2.1333,EU-NEU,North,West
53.3167,-2.75,EU-NEU,North,West
51.35,-2.9667,EU-NEU,North,West
51.1,-2.9167,EU-NEU,North,West
52.25,1.1167,EU-NEU,North,East
57.3833,-1.8667,EU-NEU,North,West
54.4833,-0.6167,EU-NEU,North,West
50.6833,-2.4,EU-NEU,North,West
59.1333,-2.6167,EU-NEU,North,West
54.75,-5.7,EU-NEU,North,West
57.6667,-2.5667,EU-NEU,North,West
52.1167,-3.0833,EU-NEU,North,West
50.9,-1.1833,EU-NEU,North,West
53.35,-2.7333,EU-NEU,North,West
53.5333,-2.6167,EU-NEU,North,West
51.5333,-0.2333,EU-NEU,North,West
52.3167,0.6667,EU-NEU,North,East
54.1333,-0.65,EU-NEU,North,West
53.7333,0.3333,EU-NEU,North,East
50.8167,-0.3833,EU-NEU,North,West
52.2833,-2.1,EU-NEU,North,West
50.5833,-2.4833,EU-NEU,North,West
59.1333,-2.9667,EU-NEU,North,West
50.8,-0.6,EU-NEU,North,West
50.7,-1.5,EU-NEU,North,West
51.95,1.35,EU-NEU,North,East
50.9,-1.4,EU-NEU,North,West
52.533,-4.05,EU-NEU,North,West
54.733,-5.783,EU-NEU,North,West
54.417,-5.517,EU-NEU,North,West
57.25,0.8,EU-NEU,North,East
52.83333,-4.5,EU-NEU,North,West
53.6,-6.167,EU-NEU,North,West
53.5,-0.133,EU-NEU,North,West
54.98333,-5.91667,EU-NEU,North,West
52.85,1.067,EU-NEU,North,East
55.126957,-1.510277,EU-NEU,North,West
57.283,-5.617,EU-NEU,North,West
52.717,-4.05,EU-NEU,North,West
51.717,-4.75,EU-NEU,North,West
53.78944,-2.240429,EU-NEU,North,West
51.454513,-2.58791,EU-NEU,North,West
51.128261,-3.003387,EU-NEU,North,West
50.82253,-0.137163,EU-NEU,North,West
54.433,-3.517,EU-NEU,North,West
49.95,-6.35,EU-NEU,North,West
50.783,-2.033,EU-NEU,North,West
55.883,-2.167,EU-NEU,North,West
53.054516,-2.636534,EU-NEU,North,West
51.525244,-3.239561,EU-NEU,North,West
55.25,-7.26667,EU-NEU,North,West
53.4,-2.45,EU-NEU,North,West
54.5,-3.25,EU-NEU,North,West
55.633,-6.1,EU-NEU,North,West
57.5,-0.083,EU-NEU,North,West
52.683,0.933,EU-NEU,North,East
51.7,-5.15,EU-NEU,North,West
54.6836384,-1.8201775,EU-NEU,North,West
51.885644,-0.52039,EU-NEU,North,West
57.467,-6.683,EU-NEU,North,West
55.070859,-3.60512,EU-NEU,North,West
51.1278758,1.3134027,EU-NEU,North,East
56.936604,-4.242783,EU-NEU,North,West
52.918987,-1.479718,EU-NEU,North,West
54.217,-2.8,EU-NEU,North,West
53.279812,-2.897404,EU-NEU,North,West
51.7,1.1,EU-NEU,North,East
52.236507,0.91232,EU-NEU,North,East
50.152571,-5.06627,EU-NEU,North,West
52.9,1.267,EU-NEU,North,East
58.25,-4.983,EU-NEU,North,West
50.667,-1.517,EU-NEU,North,West
53.400575,-0.774465,EU-NEU,North,West
54.033,-6.1,EU-NEU,North,West
52.867,0.983,EU-NEU,North,East
51.441884,0.370759,EU-NEU,North,East
53.705,-2.328,EU-NEU,North,West
51.767,1.133,EU-NEU,North,East
53.309441,-4.633038,EU-NEU,North,West
51.768473,0.088359,EU-NEU,North,East
51.934731,1.260297,EU-NEU,North,East
50.854259,0.573453,EU-NEU,North,East
55.8,-4.55,EU-NEU,North,West
54.04199,-2.894475,EU-NEU,North,West
51.717,0.7,EU-NEU,North,East
54.25,-4.5,EU-NEU,North,West
52.057389,1.148671,EU-NEU,North,East
56.233,-5.067,EU-NEU,North,West
49.2137765,-2.1357665,EU-NEU,North,West
53.233,-0.317,EU-NEU,North,West
55.383,-4.0,EU-NEU,North,West
54.046575,-2.8007399,EU-NEU,North,West
51.633,-3.917,EU-NEU,North,West
60.3536975,-1.197488,EU-NEU,North,West
59.083,-2.533,EU-NEU,North,West
57.333,-7.25,EU-NEU,North,West
52.898446,-1.269778,EU-NEU,North,West
53.53428,-2.424937,EU-NEU,North,West
51.938106,-3.882859,EU-NEU,North,West
58.033,-4.4,EU-NEU,North,West
50.217,-3.783,EU-NEU,North,West
53.259864,-2.118796,EU-NEU,North,West
53.192565,-2.443833,EU-NEU,North,West
56.083,-3.317,EU-NEU,North,West
53.35,-4.233,EU-NEU,North,West
55.017,-7.25,EU-NEU,North,West
51.65,-3.83333,EU-NEU,North,West
50.817,0.383,EU-NEU,North,East
54.117,-0.767,EU-NEU,North,West
51.58535,-2.998021,EU-NEU,North,West
52.822699,1.3859729,EU-NEU,North,East
52.632047,1.29781,EU-NEU,North,East
54.1751024,-6.3402299,EU-NEU,North,West
52.9547832,-1.1581086,EU-NEU,North,West
53.0765,-0.81,EU-NEU,North,West
53.717,-0.583,EU-NEU,North,West
53.283,-2.95,EU-NEU,North,West
51.5,-0.183,EU-NEU,North,West
51.717,-4.083,EU-NEU,North,West
51.691894,-4.943763,EU-NEU,North,West
51.48708,0.243322,EU-NEU,North,East
57.667,-3.017,EU-NEU,North,West
52.88333,-4.41667,EU-NEU,North,West
50.8197675,-1.0879769,EU-NEU,North,West
50.167,-5.667,EU-NEU,North,West
54.7,-4.95,EU-NEU,North,West
50.717195,-1.977043,EU-NEU,North,West
52.967,-2.383,EU-NEU,North,West
50.54511,-2.4352604,EU-NEU,North,West
51.4172853,0.7470207,EU-NEU,North,East
56.267,-6.767,EU-NEU,North,West
51.582071,0.706515,EU-NEU,North,East
53.533,-3.317,EU-NEU,North,West
58.267,-6.767,EU-NEU,North,West
51.335545,1.419895,EU-NEU,North,East
50.949708,0.73726,EU-NEU,North,East
51.583,-4.183,EU-NEU,North,West
52.192813,-1.707853,EU-NEU,North,West
58.6166,-3.55,EU-NEU,North,West
58.567,-3.783,EU-NEU,North,West
57.5,-2.05,EU-NEU,North,West
58.833,-2.95,EU-NEU,North,West
51.4411,0.742441,EU-NEU,North,East
51.5129942,0.512383,EU-NEU,North,East
52.15,1.5,EU-NEU,North,East
50.633,-1.933,EU-NEU,North,West
57.433,-5.417,EU-NEU,North,West
50.95,-2.367,EU-NEU,North,West
54.867,-3.6,EU-NEU,North,West
55.517,-5.3,EU-NEU,North,West
51.117,0.9,EU-NEU,North,East
52.325628,1.680181,EU-NEU,North,East
53.23333,-4.51667,EU-NEU,North,West
50.25,-5.017,EU-NEU,North,West
58.467,-4.417,EU-NEU,North,West
51.4351,0.699007,EU-NEU,North,East
51.5089329,0.5061443,EU-NEU,North,East
57.067,-7.267,EU-NEU,North,West
51.463024,0.360498,EU-NEU,North,East
51.717,-1.417,EU-NEU,North,West
55.0,-1.433,EU-NEU,North,West
57.9,0.033,EU-NEU,North,East
51.656408,-0.390069,EU-NEU,North,West
50.6144279,-2.457621,EU-NEU,North,West
52.666317,0.158797,EU-NEU,North,East
58.333,-3.183,EU-NEU,North,West
52.2,-2.167,EU-NEU,North,West
54.643569,-3.542752,EU-NEU,North,West
50.933,0.95,EU-NEU,North,East
53.9599651,-1.0872979,EU-NEU,North,West
49.6833,-2.2,EU-NEU,North,West
49.4333,-2.5833,EU-NEU,North,West
49.45,-2.55,EU-NEU,North,West
38.8833,22.8167,EU-BLA,North,East
37.45,26.9667,EU-BLA,North,East
38.3,20.6,EU-BLA,North,East
35.0833,24.6833,EU-BLA,North,East
38.9,22.5833,EU-BLA,North,East
38.1833,24.0667,EU-BLA,North,East
36.3333,22.9833,EU-BLA,North,East
37.9167,23.1167,EU-BLA,North,East
39.6833,22.8833,EU-BLA,North,East
38.9333,23.0333,EU-BLA,North,East
39.5333,24.9833,EU-BLA,North,East
38.8333,22.8833,EU-BLA,North,East
37.6167,26.3,EU-BLA,North,East
38.75,22.8667,EU-BLA,North,East
35.1833,25.7167,EU-BLA,North,East
39.7667,19.95,EU-BLA,North,East
37.7167,23.35,EU-BLA,North,East
39.0833,23.7,EU-BLA,North,East
39.3333,23.0,EU-BLA,North,East
36.9,25.9667,EU-BLA,North,East
38.25,22.0833,EU-BLA,North,East
38.95,20.75,EU-BLA,North,East
40.85,25.8667,EU-BLA,North,East
37.9167,23.7167,EU-BLA,North,East
38.4,24.05,EU-BLA,North,East
39.15,23.8667,EU-BLA,North,East
35.1667,25.8833,EU-BLA,North,East
39.1667,22.8833,EU-BLA,North,East
38.8667,21.1667,EU-BLA,North,East
40.3333,23.9167,EU-BLA,North,East
36.35,25.7667,EU-BLA,North,East
38.3333,21.7667,EU-BLA,North,East
37.8333,24.9333,EU-BLA,North,East
38.3833,22.6333,EU-BLA,North,East
37.0333,25.0833,EU-BLA,North,East
38.1833,20.4833,EU-BLA,North,East
37.3833,26.7333,EU-BLA,North,East
38.75,23.0333,EU-BLA,North,East
37.9667,24.0,EU-BLA,North,East
38.0667,23.5833,EU-BLA,North,East
40.7167,23.7,EU-BLA,North,East
38.3833,20.5333,EU-BLA,North,East
38.5333,21.0833,EU-BLA,North,East
37.4,22.7167,EU-BLA,North,East
36.55,26.35,EU-BLA,North,East
38.65,23.0,EU-BLA,North,East
35.0,26.1333,EU-BLA,North,East
38.4,23.6,EU-BLA,North,East
38.4667,23.5833,EU-BLA,North,East
35.5167,24.0167,EU-BLA,North,East
38.3667,26.1333,EU-BLA,North,East
40.2167,24.2167,EU-BLA,North,East
37.4,25.2667,EU-BLA,North,East
37.1,25.8,EU-BLA,North,East
37.95,23.6167,EU-BLA,North,East
38.8667,23.0333,EU-BLA,North,East
40.4833,22.5833,EU-BLA,North,East
40.3333,23.1667,EU-BLA,North,East
40.85,24.3167,EU-BLA,North,East
38.0333,23.5333,EU-BLA,North,East
38.0333,23.5333,EU-BLA,North,East
37.6333,23.15,EU-BLA,North,East
38.3667,22.2333,EU-BLA,North,East
38.4,23.8,EU-BLA,North,East
37.3833,23.25,EU-BLA,North,East
38.2167,23.3167,EU-BLA,North,East
37.6333,26.1833,EU-BLA,North,East
38.45,20.5667,EU-BLA,North,East
36.6167,24.95,EU-BLA,North,East
37.5,26.5,EU-BLA,North,East
37.5,23.45,EU-BLA,North,East
34.85,24.1167,EU-BLA,North,East
37.8833,24.7333,EU-BLA,North,East
39.1667,23.6167,EU-BLA,North,East
38.95,22.9667,EU-BLA,North,East
37.8667,23.75,EU-BLA,North,East
36.7667,22.5667,EU-BLA,North,East
36.2167,27.6,EU-BLA,North,East
36.8667,25.4667,EU-BLA,North,East
35.3333,25.1667,EU-BLA,North,East
37.35,23.4667,EU-BLA,North,East
35.0,25.7333,EU-BLA,North,East
40.3833,23.8833,EU-BLA,North,East
39.5,20.2667,EU-BLA,North,East
38.5167,26.2167,EU-BLA,North,East
36.7167,25.2667,EU-BLA,North,East
37.9167,23.0,EU-BLA,North,East
38.4333,22.4167,EU-BLA,North,East
38.3667,20.7167,EU-BLA,North,East
37.9167,23.0167,EU-BLA,North,East
37.0333,22.1167,EU-BLA,North,East
38.6167,20.9167,EU-BLA,North,East
36.1167,28.0667,EU-BLA,North,East
34.9333,24.8,EU-BLA,North,East
36.95,26.9833,EU-BLA,North,East
36.2667,27.8167,EU-BLA,North,East
36.15,23.0,EU-BLA,North,East
36.7833,27.15,EU-BLA,North,East
38.5333,26.1,EU-BLA,North,East
37.5167,26.0167,EU-BLA,North,East
35.5,27.2333,EU-BLA,North,East
38.0167,24.4167,EU-BLA,North,East
35.4167,26.9167,EU-BLA,North,East
35.5167,23.6333,EU-BLA,North,East
36.15,29.6,EU-BLA,North,East
38.5667,20.9167,EU-BLA,North,East
37.65,21.3167,EU-BLA,North,East
36.8333,25.8667,EU-BLA,North,East
40.2667,22.5,EU-BLA,North,East
38.15,21.55,EU-BLA,North,East
40.9333,24.4,EU-BLA,North,East
37.65,24.3167,EU-BLA,North,East
36.7333,26.9667,EU-BLA,North,East
40.8667,24.7,EU-BLA,North,East
37.9667,23.6,EU-BLA,North,East
39.6167,19.9167,EU-BLA,North,East
35.2,24.1333,EU-BLA,North,East
38.0,22.75,EU-BLA,North,East
38.8,23.5167,EU-BLA,North,East
38.6333,24.1,EU-BLA,North,East
36.7833,24.5833,EU-BLA,North,East
39.1333,23.65,EU-BLA,North,East
37.4167,23.1333,EU-BLA,North,East
40.6333,22.1167,EU-BLA,North,East
37.9333,22.9167,EU-BLA,North,East
36.8667,27.25,EU-BLA,North,East
37.3,23.1667,EU-BLA,North,East
36.9333,25.6,EU-BLA,North,East
37.9333,21.15,EU-BLA,North,East
37.3833,24.4,EU-BLA,North,East
41.0167,25.1167,EU-BLA,North,East
37.1333,26.85,EU-BLA,North,East
36.0667,28.0333,EU-BLA,North,East
38.5667,23.2833,EU-BLA,North,East
37.7167,24.0667,EU-BLA,North,East
38.8333,20.7,EU-BLA,North,East
39.4167,20.1,EU-BLA,North,East
37.15,22.9,EU-BLA,North,East
37.1833,26.8,EU-BLA,North,East
38.7667,23.3167,EU-BLA,North,East
38.85,24.5333,EU-BLA,North,East
36.1,28.0833,EU-BLA,North,East
35.35,25.05,EU-BLA,North,East
37.2833,26.7667,EU-BLA,North,East
38.2,20.4333,EU-BLA,North,East
39.8167,22.0833,EU-BLA,North,East
38.0833,23.5167,EU-BLA,North,East
38.65,23.2333,EU-BLA,North,East
37.7,26.7,EU-BLA,North,East
38.05,24.3167,EU-BLA,North,East
39.7833,19.5167,EU-BLA,North,East
37.15,24.4167,EU-BLA,North,East
38.6667,20.75,EU-BLA,North,East
39.0333,21.1167,EU-BLA,North,East
38.3667,21.4333,EU-BLA,North,East
38.2833,25.9333,EU-BLA,North,East
37.5833,23.55,EU-BLA,North,East
36.8167,21.7167,EU-BLA,North,East
39.8667,25.0667,EU-BLA,North,East
39.3667,26.15,EU-BLA,North,East
36.6833,23.05,EU-BLA,North,East
40.3,24.2,EU-BLA,North,East
39.8667,25.2667,EU-BLA,North,East
37.0833,25.5833,EU-BLA,North,East
37.45,25.3333,EU-BLA,North,East
38.3833,24.0667,EU-BLA,North,East
36.9833,26.9167,EU-BLA,North,East
39.1,26.55,EU-BLA,North,East
37.5667,22.8,EU-BLA,North,East
38.4,21.8333,EU-BLA,North,East
37.1,25.3833,EU-BLA,North,East
38.5167,23.6333,EU-BLA,North,East
40.3167,23.0667,EU-BLA,North,East
40.9667,24.5167,EU-BLA,North,East
40.2333,23.2833,EU-BLA,North,East
40.2667,23.2,EU-BLA,North,East
38.1833,24.2,EU-BLA,North,East
36.5,23.0667,EU-BLA,North,East
37.8,26.6833,EU-BLA,North,East
38.7,20.7167,EU-BLA,North,East
36.6167,27.1333,EU-BLA,North,East
36.4667,25.3833,EU-BLA,North,East
38.95,23.0833,EU-BLA,North,East
37.65,25.05,EU-BLA,North,East
38.3167,23.7833,EU-BLA,North,East
39.85,19.4,EU-BLA,North,East
40.3167,23.9833,EU-BLA,North,East
37.9667,23.35,EU-BLA,North,East
37.6333,23.15,EU-BLA,North,East
37.7167,23.95,EU-BLA,North,East
35.2,24.1333,EU-BLA,North,East
37.9667,23.5333,EU-BLA,North,East
39.2833,20.4,EU-BLA,North,East
37.0833,25.15,EU-BLA,North,East
37.3167,26.55,EU-BLA,North,East
38.2333,21.7167,EU-BLA,North,East
39.2,20.1833,EU-BLA,North,East
38.95,22.8333,EU-BLA,North,East
37.9667,23.55,EU-BLA,North,East
40.5,22.9,EU-BLA,North,East
39.3333,26.1833,EU-BLA,North,East
36.9333,27.1333,EU-BLA,North,East
37.9333,23.6167,EU-BLA,North,East
36.6833,22.8333,EU-BLA,North,East
35.1833,24.3833,EU-BLA,North,East
40.6333,22.5333,EU-BLA,North,East
38.9833,26.3667,EU-BLA,North,East
38.5833,23.55,EU-BLA,North,East
37.75,26.9833,EU-BLA,North,East
41.1833,23.9667,EU-BLA,North,East
40.95,24.0,EU-BLA,North,East
38.5833,23.6333,EU-BLA,North,East
38.5333,25.5667,EU-BLA,North,East
39.45978,21.6225718,EU-BLA,North,East
36.9,21.6833,EU-BLA,North,East
37.7,26.95,EU-BLA,North,East
35.3667,24.4667,EU-BLA,North,East
36.2333,22.95,EU-BLA,North,East
37.9667,23.4833,EU-BLA,North,East
38.25,20.65,EU-BLA,North,East
40.4833,25.5167,EU-BLA,North,East
37.1562778,24.4886232,EU-BLA,North,East
37.15,24.5,EU-BLA,North,East
39.2167,25.85,EU-BLA,North,East
36.7,25.1167,EU-BLA,North,East
35.2,26.1167,EU-BLA,North,East
37.7,21.3333,EU-BLA,North,East
39.6167,20.1833,EU-BLA,North,East
38.0,23.5833,EU-BLA,North,East
39.1667,23.4833,EU-BLA,North,East
38.9,24.5667,EU-BLA,North,East
36.3667,28.0,EU-BLA,North,East
35.5167,24.1333,EU-BLA,North,East
41.2,26.3167,EU-BLA,North,East
37.9167,23.05,EU-BLA,North,East
37.2667,23.15,EU-BLA,North,East
38.9167,22.6167,EU-BLA,North,East
36.6,27.8333,EU-BLA,North,East
39.4,20.2333,EU-BLA,North,East
37.9667,23.6833,EU-BLA,North,East
40.6333,22.95,EU-BLA,North,East
36.4167,25.4333,EU-BLA,North,East
36.4333,25.35,EU-BLA,North,East
38.2167,22.95,EU-BLA,North,East
36.4167,27.3667,EU-BLA,North,East
37.5333,25.1667,EU-BLA,North,East
39.1667,22.85,EU-BLA,North,East
39.3667,22.95,EU-BLA,North,East
36.75,24.5333,EU-BLA,North,East
37.8167,23.7833,EU-BLA,North,East
38.5667,23.6,EU-BLA,North,East
36.9667,22.45,EU-BLA,North,East
40.2833,23.45,EU-BLA,North,East
37.7833,20.9,EU-BLA,North,East
36.717,24.433,EU-BLA,North,East
37.733,23.417,EU-BLA,North,East
38.333,22.15,EU-BLA,North,East
38.85,23.033,EU-BLA,North,East
39.0,22.967,EU-BLA,North,East
39.083,23.067,EU-BLA,North,East
37.15,26.85,EU-BLA,North,East
37.733,23.533,EU-BLA,North,East
38.016379,23.876241,EU-BLA,North,East
38.03333,23.58333,EU-BLA,North,East
38.2,21.383,EU-BLA,North,East
37.98333,23.73333,EU-BLA,North,East
36.383,25.417,EU-BLA,North,East
37.9386365,22.9322383,EU-BLA,North,East
36.267,23.083,EU-BLA,North,East
38.217,22.95,EU-BLA,North,East
38.333,21.85,EU-BLA,North,East
38.16667,20.48333,EU-BLA,North,East
38.03333,23.53333,EU-BLA,North,East
36.517,22.983,EU-BLA,North,East
39.867,19.567,EU-BLA,North,East
37.283,27.083,EU-BLA,North,East
37.983,23.417,EU-BLA,North,East
38.383,22.383,EU-BLA,North,East
35.3387352,25.1442126,EU-BLA,North,East
38.0412852,23.5417553,EU-BLA,North,East
38.41667,21.25,EU-BLA,North,East
37.25,21.667,EU-BLA,North,East
34.93333,24.81667,EU-BLA,North,East
39.833,25.15,EU-BLA,North,East
36.983,24.667,EU-BLA,North,East
39.783,19.917,EU-BLA,North,East
38.417,23.683,EU-BLA,North,East
35.2,24.083,EU-BLA,North,East
38.08333,23.51667,EU-BLA,North,East
36.85,27.067,EU-BLA,North,East
38.35,20.533,EU-BLA,North,East
37.117,25.233,EU-BLA,North,East
35.217,23.667,EU-BLA,North,East
38.267,20.367,EU-BLA,North,East
39.0,23.2,EU-BLA,North,East
39.033,26.5,EU-BLA,North,East
39.133,23.267,EU-BLA,North,East
38.35,20.683,EU-BLA,North,East
38.467,21.1,EU-BLA,North,East
35.883,23.283,EU-BLA,North,East
40.75,24.567,EU-BLA,North,East
38.4,24.183,EU-BLA,North,East
38.1,20.583,EU-BLA,North,East
39.033,22.983,EU-BLA,North,East
39.45,20.283,EU-BLA,North,East
39.0,23.217,EU-BLA,North,East
37.95,23.383,EU-BLA,North,East
35.233,23.967,EU-BLA,North,East
38.467,20.667,EU-BLA,North,East
39.217,25.833,EU-BLA,North,East
39.633,20.183,EU-BLA,North,East
36.867,25.5,EU-BLA,North,East
37.9,20.7,EU-BLA,North,East
36.96667,24.71667,EU-BLA,North,East
37.767,23.483,EU-BLA,North,East
35.2,23.8,EU-BLA,North,East
38.35,22.683,EU-BLA,North,East
37.583,26.45,EU-BLA,North,East
37.517,22.85,EU-BLA,North,East
39.083,23.067,EU-BLA,North,East
40.367,23.917,EU-BLA,North,East
36.5,23.033,EU-BLA,North,East
38.467,25.917,EU-BLA,North,East
38.617,20.583,EU-BLA,North,East
38.85,22.983,EU-BLA,North,East
45.5333,18.95,EU-BLA,North,East
45.3167,13.55,EU-ADR,North,East
45.3,14.5167,EU-ADR,North,East
44.9667,14.75,EU-ADR,North,East
45.8667,18.8667,EU-EEU,North,East
45.7,18.4167,EU-EEU,North,East
43.9333,15.45,EU-EEU,North,East
43.0167,17.4833,EU-EEU,North,East
43.2667,16.65,EU-EEU,North,East
45.3667,18.9667,EU-BLA,North,East
44.1333,14.9,EU-ADR,North,East
44.0833,15.0,EU-ADR,North,East
44.9,13.75,EU-ADR,North,East
42.5667,18.2167,EU-BLA,North,East
44.95,14.4,EU-ADR,North,East
45.1833,14.7,EU-ADR,North,East
45.4833,18.9833,EU-BLA,North,East
42.6833,18.0,EU-BLA,North,East
43.15,16.25,EU-EEU,North,East
42.65,18.0833,EU-BLA,North,East
45.4167,15.4833,EU-EEU,North,East
43.4333,16.6333,EU-EEU,North,East
45.5333,19.0667,EU-BLA,North,East
44.9333,13.7333,EU-ADR,North,East
45.5167,17.9667,EU-EEU,North,East
44.1,15.2667,EU-ADR,North,East
43.1667,16.4333,EU-EEU,North,East
45.2167,19.3667,EU-BLA,North,East
44.2667,14.7667,EU-ADR,North,East
44.7167,14.9,EU-ADR,North,East
43.7167,15.85,EU-EEU,North,East
43.1667,16.7,EU-EEU,North,East
43.6833,15.7167,EU-EEU,North,East
44.5167,15.0667,EU-EEU,North,East
44.0,16.35,EU-EEU,North,East
42.95,17.5667,EU-EEU,North,East
45.15,14.6333,EU-ADR,North,East
43.0333,16.0833,EU-ADR,North,East
42.95,17.1167,EU-EEU,North,East
44.9667,14.1167,EU-ADR,North,East
45.3,14.5,EU-ADR,North,East
45.2667,14.5667,EU-ADR,North,East
45.0333,14.5833,EU-ADR,North,East
44.0333,15.2,EU-ADR,North,East
42.7667,16.9,EU-EEU,North,East
42.6167,18.1333,EU-BLA,North,East
44.8333,14.8,EU-ADR,North,East
42.6833,17.95,EU-BLA,North,East
43.3,17.0167,EU-EEU,North,East
44.5333,14.4667,EU-ADR,North,East
45.1167,14.5333,EU-ADR,North,East
44.8167,14.4167,EU-ADR,North,East
44.2167,15.5333,EU-EEU,North,East
44.9833,14.45,EU-ADR,North,East
43.05,17.6333,EU-EEU,North,East
43.3167,16.45,EU-EEU,North,East
44.7,14.8667,EU-ADR,North,East
45.25,19.2167,EU-BLA,North,East
45.4333,13.7,EU-ADR,North,East
45.2333,14.25,EU-ADR,North,East
43.6667,15.6667,EU-EEU,North,East
43.8167,15.6,EU-EEU,North,East
44.6667,14.4,EU-ADR,North,East
44.55,14.8833,EU-ADR,North,East
45.1333,14.7833,EU-ADR,North,East
45.3,13.55,EU-ADR,North,East
44.1833,15.55,EU-EEU,North,East
43.6833,15.7833,EU-EEU,North,East
43.45,16.7,EU-EEU,North,East
45.2167,14.55,EU-ADR,North,East
45.3333,14.3,EU-ADR,North,East
45.2667,19.1667,EU-BLA,North,East
42.9667,17.1833,EU-EEU,North,East
45.55,18.6833,EU-BLA,North,East
44.4333,15.05,EU-EEU,North,East
43.05,17.4333,EU-EEU,North,East
45.1333,14.1667,EU-ADR,North,East
42.7833,17.3833,EU-EEU,North,East
42.7833,17.35,EU-EEU,North,East
45.2167,13.5833,EU-ADR,North,East
45.1333,14.1333,EU-ADR,North,East
42.8167,17.6833,EU-EEU,North,East
44.0833,15.2,EU-ADR,North,East
43.5833,15.9333,EU-EEU,North,East
44.2667,15.1167,EU-ADR,North,East
44.6,14.9667,EU-EEU,North,East
43.7167,15.8,EU-EEU,North,East
43.7333,15.7833,EU-EEU,North,East
43.3667,16.75,EU-EEU,North,East
44.8667,13.8333,EU-ADR,North,East
45.0167,14.6333,EU-ADR,North,East
44.75,14.75,EU-ADR,North,East
45.0833,14.1667,EU-ADR,North,East
45.0667,14.0667,EU-ADR,North,East
45.3333,14.4,EU-ADR,North,East
43.4,16.3,EU-EEU,North,East
43.5333,15.9667,EU-EEU,North,East
45.0833,13.6333,EU-ADR,North,East
45.7333,16.2333,EU-EEU,North,East
43.9333,15.1667,EU-ADR,North,East
45.2333,19.2833,EU-BLA,North,East
45.15,14.7167,EU-ADR,North,East
44.9833,14.9,EU-ADR,North,East
43.7333,15.8833,EU-EEU,North,East
44.3667,14.7,EU-ADR,North,East
45.15,14.6667,EU-ADR,North,East
45.4667,16.3667,EU-EEU,North,East
43.8167,15.9167,EU-EEU,North,East
42.7833,17.9,EU-BLA,North,East
43.5,16.35,EU-EEU,North,East
45.15,18.0,EU-EEU,North,East
42.75,17.6167,EU-EEU,North,East
43.5,16.45,EU-EEU,North,East
43.1833,16.6,EU-EEU,North,East
44.3,15.4333,EU-EEU,North,East
43.3667,16.35,EU-EEU,North,East
42.8333,17.7,EU-BLA,North,East
43.55,16.4167,EU-EEU,North,East
43.1167,17.1833,EU-EEU,North,East
42.7167,17.9167,EU-BLA,North,East
43.2833,16.8833,EU-EEU,North,East
43.3833,16.55,EU-EEU,North,East
44.5167,14.3,EU-ADR,North,East
45.4833,14.3167,EU-ADR,North,East
42.6667,18.1,EU-BLA,North,East
44.9333,14.9167,EU-ADR,North,East
43.5333,16.45,EU-EEU,North,East
43.8,15.65,EU-EEU,North,East
43.9167,15.45,EU-EEU,North,East
43.75,15.75,EU-EEU,North,East
43.5,16.25,EU-EEU,North,East
43.0167,17.2667,EU-EEU,North,East
42.9167,17.4167,EU-EEU,North,East
44.9667,14.1,EU-ADR,North,East
42.75,16.8333,EU-EEU,North,East
45.4167,13.5167,EU-ADR,North,East
44.6333,14.2333,EU-ADR,North,East
45.0333,14.5,EU-ADR,North,East
42.95,16.7167,EU-EEU,North,East
44.5167,14.5,EU-ADR,North,East
45.7333,16.0167,EU-EEU,North,East
42.9833,17.1,EU-EEU,North,East
43.05,16.1667,EU-ADR,North,East
43.7667,15.7667,EU-EEU,North,East
43.5333,16.4667,EU-EEU,North,East
45.0833,14.6833,EU-ADR,North,East
43.1833,16.6833,EU-EEU,North,East
43.8667,15.5,EU-EEU,North,East
45.15,13.6,EU-ADR,North,East
45.35,19.0,EU-BLA,North,East
44.1167,15.2333,EU-ADR,North,East
44.5833,14.95,EU-ADR,North,East
43.7,15.8333,EU-EEU,North,East
45.417,18.983,EU-BLA,North,East
44.05,15.3,EU-ADR,North,East
43.967,15.417,EU-EEU,North,East
44.067,15.2,EU-ADR,North,East
44.033,15.25,EU-ADR,North,East
42.967,17.05,EU-EEU,North,East
44.033,15.133,EU-ADR,North,East
44.55,14.883,EU-ADR,North,East
43.95,15.383,EU-ADR,North,East
43.367,16.6,EU-EEU,North,East
43.383,16.483,EU-EEU,North,East
43.967,15.4,EU-EEU,North,East
43.883,15.15,EU-ADR,North,East
44.05,15.117,EU-ADR,North,East
43.53333,16.46667,EU-EEU,North,East
43.883,15.283,EU-ADR,North,East
47.1167,18.8667,EU-EEU,North,East
47.7,18.2667,EU-EEU,North,East
46.9833,17.9833,EU-EEU,North,East
48.0667,20.8833,EU-EEU,North,East
47.8333,20.4167,EU-EEU,North,East
46.8,17.5333,EU-EEU,North,East
46.8333,17.8333,EU-EEU,North,East
48.1667,18.1333,EU-EEU,North,East
46.2,17.15,EU-EEU,North,East
47.5,19.0833,EU-EEU,North,East
47.4167,19.0667,EU-EEU,North,East
47.55,19.2333,EU-EEU,North,East
46.6167,18.9833,EU-EEU,North,East
47.8833,17.4333,EU-EEU,North,East
46.9667,18.9333,EU-EEU,North,East
46.9167,18.9667,EU-EEU,North,East
48.2667,21.3667,EU-EEU,North,East
47.7,19.1333,EU-EEU,North,East
47.7333,17.8333,EU-EEU,North,East
47.6833,17.6333,EU-EEU,North,East
47.3667,18.9833,EU-EEU,North,East
46.6833,19.0167,EU-EEU,North,East
47.35,16.8833,EU-EEU,North,East
47.6333,19.9667,EU-EEU,North,East
46.5167,19.0,EU-EEU,North,East
47.3,20.9167,EU-EEU,North,East
46.85,17.5667,EU-EEU,North,East
48.2167,22.0667,EU-EEU,North,East
47.7333,18.1167,EU-EEU,North,East
47.0167,16.6,EU-EEU,North,East
47.75,18.5167,EU-EEU,North,East
47.4667,19.05,EU-EEU,North,East
46.4833,20.2167,EU-EEU,North,East
46.2167,18.4667,EU-EEU,North,East
46.0,18.6833,EU-EEU,North,East
46.6167,17.1167,EU-EEU,North,East
47.7167,18.35,EU-EEU,North,East
46.6333,19.9333,EU-EEU,North,East
48.3167,21.5667,EU-EEU,North,East
47.7,19.05,EU-EEU,North,East
47.2667,18.9833,EU-EEU,North,East
47.35,19.05,EU-EEU,North,East
47.0833,18.4,EU-EEU,North,East
47.75,19.1,EU-EEU,North,East
48.1167,21.4167,EU-EEU,North,East
47.5667,19.0833,EU-EEU,North,East
47.8,18.9667,EU-EEU,North,East
48.1167,17.4167,EU-EEU,North,East
47.4333,16.6667,EU-EEU,North,East
47.71667,18.73333,EU-EEU,North,East
47.467,21.5,EU-EEU,North,East
47.467,19.083,EU-EEU,North,East
46.3957444,17.5092762,EU-EEU,North,East
51.95,-7.7167,EU-NEU,North,West
53.6167,-6.1833,EU-NEU,North,West
54.1167,-9.1667,EU-NEU,North,West
52.8,-8.4333,EU-NEU,North,West
54.1333,-9.7333,EU-NEU,North,West
51.6833,-9.45,EU-NEU,North,West
53.3833,-6.3667,EU-NEU,North,West
54.9833,-8.4333,EU-NEU,North,West
51.95,-10.2167,EU-NEU,North,West
52.3333,-7.4,EU-NEU,North,West
54.8,-7.6,EU-NEU,North,West
51.65,-9.9167,EU-NEU,North,West
52.8167,-8.95,EU-NEU,North,West
53.7833,-6.2333,EU-NEU,North,West
53.3833,-6.1833,EU-NEU,North,West
53.7167,-6.3333,EU-NEU,North,West
53.7210961,-6.3212355,EU-NEU,North,West
53.3167,-6.2333,EU-NEU,North,West
53.3167,-6.1833,EU-NEU,North,West
53.3167,-6.2,EU-NEU,North,West
53.3167,-6.2333,EU-NEU,North,West
53.3333,-6.2333,EU-NEU,North,West
53.3,-6.1333,EU-NEU,North,West
52.2167,-6.9833,EU-NEU,North,West
55.1833,-7.9667,EU-NEU,North,West
52.5833,-7.0833,EU-NEU,North,West
54.2833,-8.9667,EU-NEU,North,West
52.9333,-9.2833,EU-NEU,North,West
53.3333,-6.1833,EU-NEU,North,West
52.2667,-9.8667,EU-NEU,North,West
52.2,-6.8333,EU-NEU,North,West
54.5,-7.3167,EU-NEU,North,West
53.7167,-6.35,EU-NEU,North,West
51.8833,-8.4333,EU-NEU,North,West
51.75,-9.55,EU-NEU,North,West
55.1167,-8.1333,EU-NEU,North,West
55.2,-6.9833,EU-NEU,North,West
52.2333,-8.4167,EU-NEU,North,West
55.1333,-8.1667,EU-NEU,North,West
52.3833,-6.95,EU-NEU,North,West
55.1833,-7.0333,EU-NEU,North,West
52.3833,-6.9333,EU-NEU,North,West
52.3833,-6.95,EU-NEU,North,West
53.8833,-9.5333,EU-NEU,North,West
54.65,-5.9333,EU-NEU,North,West
51.8667,-8.35,EU-NEU,North,West
55.0333,-7.6333,EU-NEU,North,West
55.1,-7.5333,EU-NEU,North,West
51.8333,-8.3167,EU-NEU,North,West
51.8333,-8.3167,EU-NEU,North,West
51.8333,-8.3167,EU-NEU,North,West
53.2667,-9.55,EU-NEU,North,West
51.85,-8.3167,EU-NEU,North,West
52.7,-8.85,EU-NEU,North,West
51.5167,-9.5333,EU-NEU,North,West
52.35,-6.9833,EU-NEU,North,West
53.3667,-7.65,EU-NEU,North,West
53.7167,-6.3,EU-NEU,North,West
53.717856,-6.3560985,EU-NEU,North,West
52.25,-7.1,EU-NEU,North,West
52.25,-7.1,EU-NEU,North,West
52.2667,-6.9833,EU-NEU,North,West
53.95,-9.88333,EU-NEU,North,West
54.26667,-8.76667,EU-NEU,North,West
53.343872,-6.2253059,EU-NEU,North,West
51.75,-9.88333,EU-NEU,North,West
53.08333,-9.56667,EU-NEU,North,West
55.0,-8.48333,EU-NEU,North,West
52.4,-8.3,EU-NEU,North,West
53.25,-9.15,EU-NEU,North,West
52.21667,-6.78333,EU-NEU,North,West
54.28333,-9.36667,EU-NEU,North,West
52.43333,-6.31667,EU-NEU,North,West
51.71667,-9.95,EU-NEU,North,West
53.43333,-10.08333,EU-NEU,North,West
52.45,-9.66667,EU-NEU,North,West
54.83333,-8.46667,EU-NEU,North,West
54.23333,-10.0,EU-NEU,North,West
55.3,-7.15,EU-NEU,North,West
54.23333,-9.31667,EU-NEU,North,West
53.567,-7.533,EU-NEU,North,West
52.38333,-9.83333,EU-NEU,North,West
52.25,-6.96667,EU-NEU,North,West
52.55,-9.48333,EU-NEU,North,West
51.68333,-8.51667,EU-NEU,North,West
53.61667,-10.2,EU-NEU,North,West
51.683,-9.45,EU-NEU,North,West
51.4843274,-9.3661093,EU-NEU,North,West
54.48333,-8.28333,EU-NEU,North,West
52.56667,-6.2,EU-NEU,North,West
53.26667,-9.61667,EU-NEU,North,West
52.2,-6.35,EU-NEU,North,West
53.23333,-8.88333,EU-NEU,North,West
53.55,-10.11667,EU-NEU,North,West
52.26667,-10.01667,EU-NEU,North,West
51.8,-8.3,EU-NEU,North,West
53.33333,-9.83333,EU-NEU,North,West
53.8,-10.05,EU-NEU,North,West
51.75,-9.93333,EU-NEU,North,West
51.63333,-8.71667,EU-NEU,North,West
53.31667,-9.83333,EU-NEU,North,West
54.25,-8.43333,EU-NEU,North,West
52.63333,-6.21667,EU-NEU,North,West
52.6,-9.7,EU-NEU,North,West
52.11667,-9.93333,EU-NEU,North,West
51.65,-9.91667,EU-NEU,North,West
51.53333,-9.16667,EU-NEU,North,West
52.13333,-7.3,EU-NEU,North,West
52.08333,-7.63333,EU-NEU,North,West
54.61667,-8.36667,EU-NEU,North,West
51.51667,-9.75,EU-NEU,North,West
54.25,-8.9,EU-NEU,North,West
51.76667,-10.13333,EU-NEU,North,West
53.3498053,-6.2603097,EU-NEU,North,West
55.18333,-7.85,EU-NEU,North,West
51.86667,-8.2,EU-NEU,North,West
54.21667,-9.1,EU-NEU,North,West
55.28333,-7.65,EU-NEU,North,West
52.2833333,-9.85,EU-NEU,North,West
51.68333,-10.0,EU-NEU,North,West
55.31667,-7.18333,EU-NEU,North,West
51.75,-9.55,EU-NEU,North,West
53.98333,-6.2,EU-NEU,North,West
51.46667,-9.73333,EU-NEU,North,West
52.6290523,-7.0665112,EU-NEU,North,West
53.2666,-9.05,EU-NEU,North,West
53.98333,-6.25,EU-NEU,North,West
52.05,-7.55,EU-NEU,North,West
55.2,-7.3333333,EU-NEU,North,West
54.28333,-9.21667,EU-NEU,North,West
54.65,-8.28333,EU-NEU,North,West
53.71667,-10.08333,EU-NEU,North,West
52.56667,-9.86667,EU-NEU,North,West
55.03333,-8.4,EU-NEU,North,West
52.23333,-10.11667,EU-NEU,North,West
51.86667,-7.95,EU-NEU,North,West
52.68333,-9.65,EU-NEU,North,West
51.78333,-9.8,EU-NEU,North,West
53.61667,-9.83333,EU-NEU,North,West
52.15,-7.81667,EU-NEU,North,West
53.76667,-9.81667,EU-NEU,North,West
53.23333,-9.71667,EU-NEU,North,West
53.55,-6.08333,EU-NEU,North,West
51.6,-10.03333,EU-NEU,North,West
52.93333,-9.38333,EU-NEU,North,West
52.6666,-8.6166,EU-NEU,North,West
54.66667,-8.78333,EU-NEU,North,West
54.65,-8.2,EU-NEU,North,West
55.38333,-7.38333,EU-NEU,North,West
54.46667,-8.46667,EU-NEU,North,West
54.66667,-8.78333,EU-NEU,North,West
53.71667,-6.28333,EU-NEU,North,West
53.78333,-9.63333,EU-NEU,North,West
54.41667,-8.5,EU-NEU,North,West
53.15,-9.08333,EU-NEU,North,West
54.08333,-6.26667,EU-NEU,North,West
51.8985143,-8.4756035,EU-NEU,North,West
51.7,-8.45,EU-NEU,North,West
52.23333,-6.96667,EU-NEU,North,West
51.65,-9.85,EU-NEU,North,West
54.25,-8.73333,EU-NEU,North,West
54.31667,-9.71667,EU-NEU,North,West
52.81667,-9.45,EU-NEU,North,West
51.88333,-9.55,EU-NEU,North,West
52.917,-6.233,EU-NEU,North,West
52.58333,-7.33333,EU-NEU,North,West
51.88333,-9.65,EU-NEU,North,West
51.9,-10.03333,EU-NEU,North,West
53.83333,-9.61667,EU-NEU,North,West
52.2666,-6.3833,EU-NEU,North,West
53.51667,-6.08333,EU-NEU,North,West
53.4,-9.91667,EU-NEU,North,West
52.7117822,-8.8783365,EU-NEU,North,West
54.2766103,-8.4760888,EU-NEU,North,West
54.38333,-8.56667,EU-NEU,North,West
52.35,-7.41667,EU-NEU,North,West
54.63333,-8.63333,EU-NEU,North,West
53.6,-9.96667,EU-NEU,North,West
51.55,-9.15,EU-NEU,North,West
55.26667,-7.41667,EU-NEU,North,West
51.91667,-10.35,EU-NEU,North,West
53.0811,-6.39,EU-NEU,North,West
54.0833,-4.65,EU-NEU,North,West
54.1667,-4.4833,EU-NEU,North,West
54.2167,-4.7667,EU-NEU,North,West
54.0667,-4.7333,EU-NEU,North,West
54.3167,-4.3833,EU-NEU,North,West
65.9333,-18.3667,EU-NEU,North,West
66.0333,-14.8,EU-NEU,North,West
66.1333,-23.25,EU-NEU,North,West
65.5333,-23.2,EU-NEU,North,West
65.1167,-21.7667,EU-NEU,North,West
65.9667,-18.5333,EU-NEU,North,West
64.65,-14.2833,EU-NEU,North,West
65.3667,-22.9333,EU-NEU,North,West
64.0907747,-21.9285133,EU-NEU,North,West
65.95,-18.1833,EU-NEU,North,West
63.8333,-22.4333,EU-NEU,North,West
63.9167,-22.6833,EU-NEU,North,West
64.0333,-22.55,EU-NEU,North,West
64.25,-15.2167,EU-NEU,North,West
65.9,-19.4333,EU-NEU,North,West
64.1,-21.9167,EU-NEU,North,West
63.5308305,-20.1170353,EU-NEU,North,West
64.4,-21.45,EU-NEU,North,West
64.1667,-21.7167,EU-NEU,North,West
64.8833,-23.7167,EU-NEU,North,West
65.45,-21.4333,EU-NEU,North,West
66.45,-15.95,EU-NEU,North,West
65.45,-22.2,EU-NEU,North,West
64.15,-21.95,EU-NEU,North,West
65.8333,-20.3167,EU-NEU,North,West
63.9833,-22.3833,EU-NEU,North,West
65.75,-14.8333,EU-NEU,North,West
65.6825509,-18.0906859,EU-NEU,North,West
65.6863784,-23.6006172,EU-NEU,North,West
64.3603796,-21.7758052,EU-NEU,North,West
64.066667,-21.933333,EU-NEU,North,West
66.0449706,-17.3383442,EU-NEU,North,West
66.074878,-23.1250684,EU-NEU,North,West
64.917,-13.95,EU-NEU,North,West
65.0354339,-14.2159929,EU-NEU,North,West
65.7409444,-19.6404746,EU-NEU,North,West
64.01503,-22.12969,EU-NEU,North,West
40.1833,15.0167,EU-SEU,North,East
37.55,15.1333,EU-SEU,North,East
37.5667,15.1667,EU-SEU,North,East
40.35,14.9833,EU-SEU,North,East
44.0,8.1667,EU-SEU,North,East
40.55,8.3167,EU-SEU,North,East
40.6333,14.6,EU-SEU,North,East
39.1333,16.0667,EU-SEU,North,East
43.6333,13.5,EU-ADR,North,East
43.95,8.15,EU-SEU,North,East
42.0833,12.2667,EU-ADR,North,East
41.45,12.6167,EU-SEU,North,East
39.9333,9.7,EU-SEU,North,East
44.4,8.6833,EU-SEU,North,East
43.8167,7.85,EU-SEU,North,East
37.2167,15.2167,EU-SEU,North,East
36.9,15.1333,EU-SEU,North,East
38.2833,15.8,EU-SEU,North,East
40.8,14.1667,EU-SEU,North,East
40.8167,14.0667,EU-SEU,North,East
45.8333,8.7,EU-EEU,North,East
41.1333,16.85,EU-SEU,North,East
41.3167,16.2833,EU-SEU,North,East
44.15,12.4667,EU-ADR,North,East
39.6167,15.85,EU-SEU,North,East
38.0833,16.15,EU-SEU,North,East
41.2333,16.5,EU-SEU,North,East
43.7667,7.6667,EU-SEU,North,East
40.3,8.5,EU-SEU,North,East
37.9333,15.9167,EU-SEU,North,East
38.15,16.1667,EU-SEU,North,East
40.6333,17.9333,EU-SEU,North,East
40.3,9.6333,EU-SEU,North,East
39.05,8.3667,EU-SEU,North,East
44.35,9.15,EU-SEU,North,East
45.6,12.8833,EU-ADR,North,East
38.1667,14.75,EU-SEU,North,East
43.05,9.8333,EU-SEU,North,East
40.55,14.2333,EU-SEU,North,East
39.5,16.95,EU-SEU,North,East
40.75,13.8833,EU-SEU,North,East
41.3333,13.9333,EU-SEU,North,East
38.0167,12.8833,EU-SEU,North,East
40.7,14.4833,EU-SEU,North,East
40.9167,8.7167,EU-SEU,North,East
43.4,10.4,EU-SEU,North,East
42.7667,10.8833,EU-SEU,North,East
39.9833,18.4,EU-SEU,North,East
37.5,15.1,EU-SEU,North,East
43.9667,12.7333,EU-ADR,North,East
42.85,10.4167,EU-SEU,North,East
43.3167,10.5167,EU-SEU,North,East
38.0333,14.0167,EU-SEU,North,East
44.2667,12.3667,EU-ADR,North,East
44.2,12.4167,EU-ADR,North,East
40.65,14.7,EU-SEU,North,East
39.5167,15.9333,EU-SEU,North,East
44.3167,9.3167,EU-SEU,North,East
45.2333,12.2833,EU-ADR,North,East
39.3667,17.1333,EU-SEU,North,East
42.1,11.8,EU-SEU,North,East
38.7667,16.55,EU-SEU,North,East
39.6,16.5167,EU-SEU,North,East
39.0833,17.1333,EU-SEU,North,East
43.0167,13.85,EU-ADR,North,East
39.6833,15.8167,EU-SEU,North,East
45.7667,13.5833,EU-ADR,North,East
43.8333,13.0167,EU-ADR,North,East
37.9333,12.3333,EU-SEU,North,East
44.1667,8.3333,EU-SEU,North,East
41.7667,12.2333,EU-SEU,North,East
41.9167,15.8,EU-SEU,North,East
42.9167,10.75,EU-SEU,North,East
40.7333,13.85,EU-SEU,North,East
41.25,13.6167,EU-SEU,North,East
41.85,12.2,EU-SEU,North,East
45.4167,12.2333,EU-ADR,North,East
43.9667,12.7667,EU-ADR,North,East
41.2,13.5833,EU-SEU,North,East
40.05,17.9833,EU-SEU,North,East
37.0667,14.25,EU-SEU,North,East
44.4167,8.95,EU-SEU,North,East
37.8167,15.2667,EU-SEU,North,East
38.4167,15.9,EU-SEU,North,East
41.1833,16.6667,EU-SEU,North,East
42.75,13.9667,EU-ADR,North,East
41.0,9.6167,EU-SEU,North,East
44.85,12.3,EU-ADR,North,East
45.6833,13.3833,EU-ADR,North,East
45.5333,12.65,EU-ADR,North,East
43.8833,8.05,EU-SEU,North,East
40.7333,13.95,EU-SEU,North,East
42.3667,10.9,EU-SEU,North,East
38.2,13.25,EU-SEU,North,East
42.1167,15.4833,EU-SEU,North,East
41.2167,9.4,EU-SEU,North,East
44.1167,9.8333,EU-SEU,North,East
40.75,13.9,EU-SEU,North,East
41.9333,12.0833,EU-SEU,North,East
35.5,12.6,EU-SEU,North,East
44.3,9.3333,EU-SEU,North,East
44.0667,9.9167,EU-SEU,North,East
41.8667,15.35,EU-SEU,North,East
39.8,18.35,EU-SEU,North,East
44.1667,9.6333,EU-SEU,North,East
37.9833,12.3333,EU-SEU,North,East
37.1,13.9333,EU-SEU,North,East
45.7,13.15,EU-ADR,North,East
38.45,14.95,EU-SEU,North,East
43.55,10.3167,EU-SEU,North,East
44.1333,8.25,EU-SEU,North,East
40.65,14.6333,EU-SEU,North,East
41.6333,15.9167,EU-SEU,North,East
45.7667,13.1667,EU-ADR,North,East
39.9833,15.7167,EU-SEU,North,East
42.8,10.2,EU-SEU,North,East
45.45,12.2167,EU-ADR,North,East
41.3667,16.15,EU-SEU,North,East
40.6,14.3333,EU-SEU,North,East
40.0,15.3667,EU-SEU,North,East
42.7333,10.2333,EU-SEU,North,East
38.6667,16.55,EU-SEU,North,East
40.4167,16.8833,EU-SEU,North,East
42.7167,10.9833,EU-SEU,North,East
44.0,10.1,EU-SEU,North,East
43.6667,10.2667,EU-SEU,North,East
40.1,15.2333,EU-SEU,North,East
36.7833,14.55,EU-SEU,North,East
40.55,14.25,EU-SEU,North,East
37.5833,12.7833,EU-SEU,North,East
43.7667,13.1333,EU-ADR,North,East
37.8,12.4333,EU-SEU,North,East
40.6,14.3333,EU-SEU,North,East
37.65,12.5833,EU-SEU,North,East
37.9167,15.7833,EU-SEU,North,East
40.65,14.4,EU-SEU,North,East
38.1167,15.5167,EU-SEU,North,East
43.9667,12.7,EU-ADR,North,East
41.0667,17.0833,EU-SEU,North,East
38.2,13.3333,EU-SEU,North,East
41.1167,13.8833,EU-SEU,North,East
42.35,11.6167,EU-SEU,North,East
44.15,9.65,EU-SEU,North,East
45.6,13.7667,EU-ADR,North,East
40.8333,14.25,EU-SEU,North,East
41.4667,12.6833,EU-SEU,North,East
44.2,8.4333,EU-SEU,North,East
40.15,16.5333,EU-SEU,North,East
43.5167,13.6167,EU-ADR,North,East
36.9833,15.25,EU-SEU,North,East
40.9167,9.5167,EU-SEU,North,East
42.45,11.2167,EU-SEU,North,East
38.1167,13.3667,EU-SEU,North,East
40.0333,15.2833,EU-SEU,North,East
38.35,15.85,EU-SEU,North,East
39.35,16.0333,EU-SEU,North,East
38.1333,14.9667,EU-SEU,North,East
43.1,13.8333,EU-ADR,North,East
43.9,12.9167,EU-ADR,North,East
42.4667,14.2333,EU-ADR,North,East
40.6333,14.3833,EU-SEU,North,East
42.5667,10.0667,EU-SEU,North,East
37.1167,15.25,EU-SEU,North,East
38.7333,16.1667,EU-SEU,North,East
41.0,17.2167,EU-SEU,North,East
41.6667,12.5,EU-SEU,North,East
40.9,12.9667,EU-SEU,North,East
38.1,13.5333,EU-SEU,North,East
40.8167,14.3333,EU-SEU,North,East
38.2333,16.2167,EU-SEU,North,East
40.6,8.2,EU-SEU,North,East
42.3833,11.2,EU-SEU,North,East
39.05,9.0,EU-SEU,North,East
45.05,12.3667,EU-ADR,North,East
37.5667,12.9,EU-SEU,North,East
43.4333,13.6667,EU-ADR,North,East
43.1833,13.8,EU-ADR,North,East
44.9333,12.3667,EU-ADR,North,East
45.05,12.25,EU-ADR,North,East
36.6833,15.1333,EU-SEU,North,East
44.05,9.85,EU-SEU,North,East
36.7167,14.85,EU-SEU,North,East
37.65,15.1833,EU-SEU,North,East
39.9,15.7833,EU-SEU,North,East
37.15,15.1833,EU-SEU,North,East
44.35,9.2333,EU-SEU,North,East
44.3667,9.15,EU-SEU,North,East
38.1,15.65,EU-SEU,North,East
43.9833,12.65,EU-ADR,North,East
44.0667,12.5833,EU-ADR,North,East
44.1,9.7333,EU-SEU,North,East
37.7333,15.2,EU-SEU,North,East
44.2667,9.4167,EU-SEU,North,East
38.3167,16.4,EU-SEU,North,East
43.3833,10.4333,EU-SEU,North,East
37.95,15.7,EU-SEU,North,East
42.95,13.8833,EU-ADR,North,East
41.2333,13.0833,EU-SEU,North,East
40.2667,18.3333,EU-SEU,North,East
40.2833,14.95,EU-SEU,North,East
39.9833,9.6833,EU-SEU,North,East
38.5667,14.8667,EU-SEU,North,East
42.0333,11.85,EU-SEU,North,East
37.1,15.25,EU-SEU,North,East
41.2333,9.1833,EU-SEU,North,East
39.0667,8.45,EU-SEU,North,East
43.8333,7.8833,EU-SEU,North,East
38.0167,14.35,EU-SEU,North,East
40.0667,15.6333,EU-SEU,North,East
40.8667,17.4167,EU-SEU,North,East
44.2833,8.5,EU-SEU,North,East
39.8167,15.7833,EU-SEU,North,East
40.05,15.4833,EU-SEU,North,East
41.25,13.7,EU-SEU,North,East
37.5167,13.05,EU-SEU,North,East
38.25,15.7167,EU-SEU,North,East
36.8833,14.4333,EU-SEU,North,East
43.7167,13.2167,EU-ADR,North,East
44.2667,9.4,EU-SEU,North,East
38.2,13.2333,EU-SEU,North,East
38.2667,16.3,EU-SEU,North,East
42.5667,14.0833,EU-ADR,North,East
38.6833,16.55,EU-SEU,North,East
41.25,13.4333,EU-SEU,North,East
44.2333,8.4167,EU-SEU,North,East
40.9333,8.2167,EU-SEU,North,East
37.85,15.2833,EU-SEU,North,East
40.4833,17.2333,EU-SEU,North,East
37.9833,13.7,EU-SEU,North,East
38.15,13.0833,EU-SEU,North,East
40.0333,18.45,EU-SEU,North,East
38.25,15.6333,EU-SEU,North,East
40.8167,14.05,EU-SEU,North,East
39.9167,18.15,EU-SEU,North,East
41.6333,12.4667,EU-SEU,North,East
45.8167,13.2667,EU-ADR,North,East
38.0167,12.4833,EU-SEU,North,East
39.8667,16.5333,EU-SEU,North,East
44.2667,8.45,EU-SEU,North,East
45.4333,12.3333,EU-ADR,North,East
43.7833,7.6,EU-SEU,North,East
44.1333,9.6833,EU-SEU,North,East
38.2167,15.6333,EU-SEU,North,East
38.235485,15.4328209,EU-SEU,North,East
44.4333,8.75,EU-SEU,North,East
45.6,13.8,EU-ADR,North,East
45.6523603,13.6483738,EU-ADR,North,East
44.63333,8.78333,EU-SEU,North,East
39.1,9.517,EU-SEU,North,East
40.61667,9.75,EU-SEU,North,East
42.83333,13.31667,EU-ADR,North,East
39.83333,18.33333,EU-SEU,North,East
43.6166734,13.3637398,EU-ADR,North,East
42.417,14.283,EU-ADR,North,East
37.983,12.417,EU-SEU,North,East
43.3,13.733,EU-ADR,North,East
41.05,8.267,EU-SEU,North,East
44.05,10.05,EU-SEU,North,East
38.2207102,15.2419327,EU-SEU,North,East
45.8050468,13.5331727,EU-ADR,North,East
40.9525166,17.2985559,EU-SEU,North,East
38.1666,15.55,EU-SEU,North,East
42.3522441,14.4028113,EU-SEU,North,East
40.1438978,18.4911678,EU-SEU,North,East
41.9468998,16.0127759,EU-SEU,North,East
45.7558,13.2286,EU-ADR,North,East
40.26667,17.9,EU-SEU,North,East
37.217,15.2,EU-SEU,North,East
44.4183598,12.2035294,EU-ADR,North,East
38.533,14.833,EU-SEU,North,East
40.6824408,14.7680961,EU-SEU,North,East
39.65,16.55,EU-SEU,North,East
37.0754739,15.2865861,EU-SEU,North,East
37.61667,15.16667,EU-SEU,North,East
38.803377,15.2326454,EU-SEU,North,East
44.433,12.233,EU-ADR,North,East
41.2774857,16.4178334,EU-SEU,North,East
43.8657267,10.2513103,EU-SEU,North,East
41.8824764,16.1767489,EU-SEU,North,East
38.6757774,16.0983488,EU-SEU,North,East
49.1833,-2.1667,EU-NEU,North,West
49.1667,-2.0667,EU-NEU,North,West
49.1833,-2.1,EU-NEU,North,West
55.169438,23.881275,EU-RUS,North,East
55.7167,21.1167,EU-RUS,North,East
55.7167,21.1,EU-RUS,North,East
55.7167,21.0833,EU-RUS,North,East
55.7032948,21.1442795,EU-RUS,North,East
49.5333,6.35,EU-NEU,North,East
49.5,5.9833,EU-NEU,North,East
49.8333,6.3167,EU-NEU,North,East
50.15,6.0,EU-NEU,North,East
49.7,6.4833,EU-NEU,North,East
49.6,6.4,EU-NEU,North,East
57.8667,24.3667,EU-SCA,North,East
56.6,25.2167,EU-SCA,North,East
56.7333,24.3833,EU-SCA,North,East
57.1667,23.2167,EU-SCA,North,East
56.4833,25.85,EU-SCA,North,East
56.7833,27.6667,EU-SCA,North,East
57.0,23.5167,EU-SCA,North,East
56.5167,21.0167,EU-RUS,North,East
56.55,27.7167,EU-SCA,North,East
56.9,24.0333,EU-SCA,North,East
57.3333,23.1,EU-SCA,North,East
56.8,24.6167,EU-SCA,North,East
56.9667,24.6333,EU-SCA,North,East
56.8667,24.25,EU-SCA,North,East
57.75,24.35,EU-SCA,North,East
57.3167,24.4333,EU-SCA,North,East
56.9333,24.3833,EU-SCA,North,East
56.8667,24.0667,EU-SCA,North,East
57.7667,24.8,EU-SCA,North,East
56.3,20.98333,EU-RUS,North,East
57.73333,22.58333,EU-SCA,North,East
57.78333,24.35,EU-SCA,North,East
56.88333,21.16667,EU-RUS,North,East
56.883,21.183,EU-RUS,North,East
56.9496487,24.1051865,EU-SCA,North,East
57.5,22.8,EU-SCA,North,East
57.4,21.5333,EU-RUS,North,East
56.95,23.75,EU-SCA,North,East
43.7333,7.4167,EU-SEU,North,East
45.4667,28.1833,EU-BLA,North,East
42.0833,19.0833,EU-BLA,North,East
42.45,18.6667,EU-BLA,North,East
42.2833,18.8333,EU-BLA,North,East
42.45,18.5333,EU-BLA,North,East
42.4667,18.5167,EU-BLA,North,East
42.4167,18.7667,EU-BLA,North,East
42.2,18.9333,EU-BLA,North,East
42.4333,18.7,EU-BLA,North,East
41.9167,19.2,EU-BLA,North,East
42.45,18.5833,EU-BLA,North,East
42.517,18.7,EU-BLA,North,East
41.4,22.2333,EU-BLA,North,East
41.85,21.9333,EU-BLA,North,East
41.217,22.7,EU-BLA,North,East
41.65,22.5,EU-BLA,North,East
35.9,14.45,EU-SEU,North,East
35.8333,14.5333,EU-SEU,North,East
35.8167,14.55,EU-SEU,North,East
35.8833,14.5,EU-SEU,North,East
35.9,14.4833,EU-SEU,North,East
35.8333,14.4833,EU-SEU,North,East
35.8333,14.5333,EU-SEU,North,East
35.8667,14.4833,EU-SEU,North,East
35.9,14.5,EU-SEU,North,East
35.8667,14.55,EU-SEU,North,East
35.8333,14.5333,EU-SEU,North,East
36.0167,14.2833,EU-SEU,North,East
35.9333,14.3833,EU-SEU,North,East
35.9,14.5,EU-SEU,North,East
35.85,14.5,EU-SEU,North,East
35.8833,14.5,EU-SEU,North,East
35.98333,14.33333,EU-SEU,North,East
35.86667,14.56667,EU-SEU,North,East
51.5,5.6333,EU-NEU,North,East
51.85,4.4167,EU-NEU,North,East
52.6333,4.75,EU-NEU,North,East
52.35,6.6667,EU-NEU,North,East
52.3667,5.2167,EU-NEU,North,East
52.1333,4.6667,EU-NEU,North,East
52.0,5.4667,EU-NEU,North,East
52.15,5.3833,EU-NEU,North,East
52.4,4.8167,EU-NEU,North,East
52.8667,4.8667,EU-NEU,North,East
53.3167,6.8667,EU-NEU,North,East
51.4833,6.1833,EU-NEU,North,East
51.2667,6.0333,EU-NEU,North,East
51.3167,6.1167,EU-NEU,North,East
51.9,5.9,EU-NEU,North,East
51.5,4.3,EU-NEU,North,East
51.5,5.4,EU-NEU,North,East
51.8667,5.7833,EU-NEU,North,East
52.0833,4.75,EU-NEU,North,East
51.0333,5.8167,EU-NEU,North,East
51.4167,3.7167,EU-NEU,North,East
51.8833,4.2833,EU-NEU,North,East
51.5667,4.8,EU-NEU,North,East
51.3833,3.5667,EU-NEU,North,East
51.6833,3.75,EU-NEU,North,East
52.2,6.1333,EU-NEU,North,East
52.75,4.65,EU-NEU,North,East
53.15,4.8833,EU-NEU,North,East
51.8833,5.6667,EU-NEU,North,East
52.2667,6.7167,EU-NEU,North,East
52.5167,6.9333,EU-NEU,North,East
52.95,4.7667,EU-NEU,North,East
51.9167,5.65,EU-NEU,North,East
51.5667,3.5,EU-NEU,North,East
51.7833,4.6333,EU-NEU,North,East
51.6833,3.9833,EU-NEU,North,East
51.85,5.4333,EU-NEU,North,East
51.45,5.4667,EU-NEU,North,East
51.5,5.4667,EU-NEU,North,East
51.9167,5.85,EU-NEU,North,East
51.4,3.75,EU-NEU,North,East
52.9863205,6.8460424,EU-NEU,North,East
51.8833,5.9667,EU-NEU,North,East
51.9,4.9,EU-NEU,North,East
52.1333,4.5667,EU-NEU,North,East
51.8167,5.2167,EU-NEU,North,East
51.4333,4.0,EU-NEU,North,East
51.8167,4.8667,EU-NEU,North,East
51.8167,4.8333,EU-NEU,North,East
53.1833,5.4333,EU-NEU,North,East
52.1333,5.75,EU-NEU,North,East
51.5,4.7333,EU-NEU,North,East
51.4833,5.6667,EU-NEU,North,East
51.4833,5.1333,EU-NEU,North,East
51.9667,4.1167,EU-NEU,North,East
53.3833,5.8833,EU-NEU,North,East
53.2167,6.5,EU-NEU,North,East
52.4667,4.6,EU-NEU,North,East
52.5667,5.9167,EU-NEU,North,East
51.4833,5.9,EU-NEU,North,East
51.7,5.7,EU-NEU,North,East
51.7667,5.3333,EU-NEU,North,East
52.7333,7.0,EU-NEU,North,East
51.4333,4.1167,EU-NEU,North,East
51.9167,4.6,EU-NEU,North,East
52.2833,6.2667,EU-NEU,North,East
52.1622894,5.9887781,EU-NEU,North,East
52.35,4.7667,EU-NEU,North,East
51.8,5.4667,EU-NEU,North,East
53.05,5.4,EU-NEU,North,East
51.8667,5.2833,EU-NEU,North,East
52.5481066,4.9109338,EU-NEU,North,East
51.4333,5.6167,EU-NEU,North,East
51.6833,4.5667,EU-NEU,North,East
51.7667,5.8667,EU-NEU,North,East
51.7667,5.75,EU-NEU,North,East
52.2667,5.05,EU-NEU,North,East
51.6331438,3.7007154,EU-NEU,North,East
51.4667,3.7333,EU-NEU,North,East
51.9667,4.6167,EU-NEU,North,East
51.7,3.9,EU-NEU,North,East
52.2833,5.0333,EU-NEU,North,East
51.9,4.95,EU-NEU,North,East
51.7167,3.8,EU-NEU,North,East
52.25,4.4333,EU-NEU,North,East
51.65,4.8833,EU-NEU,North,East
53.3833,6.1667,EU-NEU,North,East
51.7667,5.5333,EU-NEU,North,East
51.85,4.7,EU-NEU,North,East
53.0,5.55,EU-NEU,North,East
51.1833,5.8667,EU-NEU,North,East
51.8833,4.3833,EU-NEU,North,East
51.8667,4.4,EU-NEU,North,East
52.8667,5.5,EU-NEU,North,East
52.25,4.7167,EU-NEU,North,East
51.8667,4.0667,EU-NEU,North,East
51.9167,4.5,EU-NEU,North,East
51.2333,3.8,EU-NEU,North,East
52.7833,4.7833,EU-NEU,North,East
51.7333,3.85,EU-NEU,North,East
51.55,4.1,EU-NEU,North,East
52.1,4.25,EU-NEU,North,East
53.4833,6.1667,EU-NEU,North,East
52.7333,4.6333,EU-NEU,North,East
51.7833,4.6167,EU-NEU,North,East
52.0,4.1667,EU-NEU,North,East
51.7,5.3167,EU-NEU,North,East
51.6333,5.35,EU-NEU,North,East
52.6667,4.7833,EU-NEU,North,East
51.8167,4.95,EU-NEU,North,East
51.8167,4.7667,EU-NEU,North,East
51.2833,3.8333,EU-NEU,North,East
51.5,5.5,EU-NEU,North,East
51.6667,5.05,EU-NEU,North,East
51.7333,4.25,EU-NEU,North,East
51.5833,4.0,EU-NEU,North,East
52.0667,6.1833,EU-NEU,North,East
52.6167,4.8167,EU-NEU,North,East
51.9,4.75,EU-NEU,North,East
52.9333,4.9833,EU-NEU,North,East
52.0333,4.1667,EU-NEU,North,East
53.3,7.0333,EU-NEU,North,East
51.4667,3.8167,EU-NEU,North,East
51.8167,5.2333,EU-NEU,North,East
53.4333,6.55,EU-NEU,North,East
51.5,3.5,EU-NEU,North,East
51.7833,5.1167,EU-NEU,North,East
51.55,3.6667,EU-NEU,North,East
51.3667,6.1667,EU-NEU,North,East
53.2167,6.4833,EU-NEU,North,East
53.0333,7.1167,EU-NEU,North,East
51.45,3.7,EU-NEU,North,East
51.6667,4.2833,EU-NEU,North,East
51.3833,4.0333,EU-NEU,North,East
51.5333,6.0833,EU-NEU,North,East
53.1833,6.65,EU-NEU,North,East
52.15,5.1333,EU-NEU,North,East
52.85,6.6,EU-NEU,North,East
52.3167,6.0167,EU-NEU,North,East
53.05,5.3833,EU-NEU,North,East
52.9833,5.45,EU-NEU,North,East
52.5,4.8167,EU-NEU,North,East
51.8167,5.0,EU-NEU,North,East
52.35,5.55,EU-NEU,North,East
51.7333,5.5667,EU-NEU,North,East
52.1167,4.5,EU-NEU,North,East
51.95,5.533,EU-NEU,North,East
52.2621639,4.7619222,EU-NEU,North,East
51.8703366,4.6702024,EU-NEU,North,East
52.05,4.983,EU-NEU,North,East
52.5609159,4.7338008,EU-NEU,North,East
52.267,4.75,EU-NEU,North,East
52.767,5.75,EU-NEU,North,East
53.3,5.883,EU-NEU,North,East
52.217,4.717,EU-NEU,North,East
52.6610417,4.6318186,EU-NEU,North,East
52.486963,4.65746,EU-NEU,North,East
52.25,4.983,EU-NEU,North,East
52.783,4.85,EU-NEU,North,East
53.3,7.017,EU-NEU,North,East
53.283,5.833,EU-NEU,North,East
51.517,5.15,EU-NEU,North,East
51.367,6.167,EU-NEU,North,East
51.667,5.383,EU-NEU,North,East
50.883,5.733,EU-NEU,North,East
53.083,5.817,EU-NEU,North,East
51.233,5.983,EU-NEU,North,East
52.45,5.7,EU-NEU,North,East
51.4,3.867,EU-NEU,North,East
51.902582,4.1636846,EU-NEU,North,East
51.8515088,4.5485809,EU-NEU,North,East
51.567,6.083,EU-NEU,North,East
53.017,7.2,EU-NEU,North,East
52.583,4.967,EU-NEU,North,East
52.75,4.683,EU-NEU,North,East
52.983,6.483,EU-NEU,North,East
53.083,5.55,EU-NEU,North,East
52.95,5.75,EU-NEU,North,East
52.883,5.567,EU-NEU,North,East
52.6613567,6.7410616,EU-NEU,North,East
51.9301505,4.5777053,EU-NEU,North,East
52.767,5.667,EU-NEU,North,East
51.367,3.4,EU-NEU,North,East
52.2660751,6.1552165,EU-NEU,North,East
51.617,4.267,EU-NEU,North,East
52.883,4.933,EU-NEU,North,East
52.717,6.783,EU-NEU,North,East
52.917,4.8,EU-NEU,North,East
52.2,4.933,EU-NEU,North,East
51.967,5.817,EU-NEU,North,East
52.567,4.85,EU-NEU,North,East
53.4,6.667,EU-NEU,North,East
53.3,6.05,EU-NEU,North,East
52.783,4.9,EU-NEU,North,East
51.817,5.8,EU-NEU,North,East
52.85,6.333,EU-NEU,North,East
52.333,4.917,EU-NEU,North,East
53.4475,6.801389,EU-NEU,North,East
52.167,6.233,EU-NEU,North,East
52.867,5.817,EU-NEU,North,East
51.217,5.8,EU-NEU,North,East
51.733,5.333,EU-NEU,North,East
52.717,6.933,EU-NEU,North,East
51.9436775,4.1379495,EU-NEU,North,East
51.867,5.733,EU-NEU,North,East
53.133,5.933,EU-NEU,North,East
53.067,5.467,EU-NEU,North,East
53.3230048,6.92796,EU-NEU,North,East
53.333,6.633,EU-NEU,North,East
52.617,6.683,EU-NEU,North,East
52.167,6.367,EU-NEU,North,East
52.733,6.067,EU-NEU,North,East
53.25,6.317,EU-NEU,North,East
50.917,5.733,EU-NEU,North,East
51.983,4.6,EU-NEU,North,East
51.517,5.617,EU-NEU,North,East
53.25,6.65,EU-NEU,North,East
52.867,6.367,EU-NEU,North,East
52.3873878,4.6462194,EU-NEU,North,East
52.483,4.833,EU-NEU,North,East
52.167,4.583,EU-NEU,North,East
52.933,6.433,EU-NEU,North,East
52.017,4.817,EU-NEU,North,East
52.383,4.683,EU-NEU,North,East
52.617,6.7,EU-NEU,North,East
52.9,6.4,EU-NEU,North,East
51.35,4.0,EU-NEU,North,East
52.533,6.333,EU-NEU,North,East
52.0278426,5.1630019,EU-NEU,North,East
53.183,5.833,EU-NEU,North,East
51.367,3.65,EU-NEU,North,East
52.3422025,5.6367423,EU-NEU,North,East
53.167,6.6,EU-NEU,North,East
52.9605613,5.9205217,EU-NEU,North,East
51.8318632,4.13181,EU-NEU,North,East
52.717,6.8,EU-NEU,North,East
51.5,5.217,EU-NEU,North,East
51.65,5.467,EU-NEU,North,East
52.467,6.067,EU-NEU,North,East
51.867,5.067,EU-NEU,North,East
51.767,5.85,EU-NEU,North,East
51.183,5.817,EU-NEU,North,East
52.767,6.25,EU-NEU,North,East
50.9,5.7,EU-NEU,North,East
52.55818,5.913891,EU-NEU,North,East
51.567,3.867,EU-NEU,North,East
53.25,6.017,EU-NEU,North,East
52.8,4.883,EU-NEU,North,East
52.583,5.75,EU-NEU,North,East
53.283,6.15,EU-NEU,North,East
53.0,6.517,EU-NEU,North,East
51.217,5.833,EU-NEU,North,East
52.8,4.867,EU-NEU,North,East
52.65,4.85,EU-NEU,North,East
53.367,6.633,EU-NEU,North,East
52.5,6.067,EU-NEU,North,East
52.2,4.417,EU-NEU,North,East
51.717,4.9,EU-NEU,North,East
52.1509854,4.5281733,EU-NEU,North,East
53.117,5.467,EU-NEU,North,East
53.367,6.383,EU-NEU,North,East
52.518755,5.471217,EU-NEU,North,East
53.233,6.717,EU-NEU,North,East
52.85,5.85,EU-NEU,North,East
52.1601144,4.4970097,EU-NEU,North,East
50.867,5.7,EU-NEU,North,East
52.233,5.0,EU-NEU,North,East
52.233,4.667,EU-NEU,North,East
53.283,7.0,EU-NEU,North,East
51.65,4.667,EU-NEU,North,East
52.967,5.65,EU-NEU,North,East
51.717,4.733,EU-NEU,North,East
52.2318971,6.5000676,EU-NEU,North,East
52.333,5.117,EU-NEU,North,East
53.35,6.65,EU-NEU,North,East
51.513572,6.085318,EU-NEU,North,East
53.05,4.65,EU-NEU,North,East
53.35,6.5,EU-NEU,North,East
52.567,5.917,EU-NEU,North,East
52.85,5.883,EU-NEU,North,East
52.467,5.1,EU-NEU,North,East
51.733,5.917,EU-NEU,North,East
51.867,6.05,EU-NEU,North,East
51.8,4.483,EU-NEU,North,East
53.217,5.667,EU-NEU,North,East
51.75,5.883,EU-NEU,North,East
51.1404101,5.888583,EU-NEU,North,East
51.962398,4.0567997,EU-NEU,North,East
53.35,6.467,EU-NEU,North,East
52.333,5.067,EU-NEU,North,East
53.2,7.0,EU-NEU,North,East
52.717,6.867,EU-NEU,North,East
52.083,4.817,EU-NEU,North,East
52.367,4.667,EU-NEU,North,East
52.517,4.917,EU-NEU,North,East
53.05,5.85,EU-NEU,North,East
52.2224835,5.4835625,EU-NEU,North,East
53.05,6.45,EU-NEU,North,East
52.267,4.883,EU-NEU,North,East
53.2,6.933,EU-NEU,North,East
52.25,4.867,EU-NEU,North,East
53.233,7.2,EU-NEU,North,East
53.25,6.983,EU-NEU,North,East
53.0,5.617,EU-NEU,North,East
51.8189297,4.4272362,EU-NEU,North,East
51.65,5.7,EU-NEU,North,East
52.3,4.9,EU-NEU,North,East
51.683,4.35,EU-NEU,North,East
53.033,4.867,EU-NEU,North,East
53.017,5.6,EU-NEU,North,East
53.067,5.817,EU-NEU,North,East
52.567,5.0,EU-NEU,North,East
53.133,5.65,EU-NEU,North,East
53.167,6.05,EU-NEU,North,East
52.083,5.067,EU-NEU,North,East
52.633,4.833,EU-NEU,North,East
51.533,3.8,EU-NEU,North,East
53.283,6.783,EU-NEU,North,East
52.033,5.5,EU-NEU,North,East
52.8,5.917,EU-NEU,North,East
52.133,5.067,EU-NEU,North,East
52.5143815,4.9640611,EU-NEU,North,East
53.283,6.267,EU-NEU,North,East
52.2579303,4.5574834,EU-NEU,North,East
52.3798566,6.2862366,EU-NEU,North,East
51.517,5.017,EU-NEU,North,East
52.0057368,6.0279594,EU-NEU,North,East
51.870426,4.601732,EU-NEU,North,East
51.417,4.183,EU-NEU,North,East
51.904422,4.2471328,EU-NEU,North,East
51.083,5.817,EU-NEU,North,East
52.2,4.667,EU-NEU,North,East
52.633,4.883,EU-NEU,North,East
52.8,5.7,EU-NEU,North,East
51.8,5.35,EU-NEU,North,East
53.317,5.967,EU-NEU,North,East
52.8,4.767,EU-NEU,North,East
51.9166,4.4,EU-NEU,North,East
51.617,4.517,EU-NEU,North,East
52.083,5.05,EU-NEU,North,East
53.233,6.817,EU-NEU,North,East
51.9525204,4.8432204,EU-NEU,North,East
52.6,4.883,EU-NEU,North,East
52.817,5.85,EU-NEU,North,East
52.683,6.833,EU-NEU,North,East
52.15,4.85,EU-NEU,North,East
51.983,5.183,EU-NEU,North,East
53.217,6.8,EU-NEU,North,East
52.9,5.65,EU-NEU,North,East
52.95,6.45,EU-NEU,North,East
52.783,4.717,EU-NEU,North,East
53.183,6.95,EU-NEU,North,East
51.6,4.1,EU-NEU,North,East
52.817,4.717,EU-NEU,North,East
51.855845,4.299208,EU-NEU,North,East
52.8,4.717,EU-NEU,North,East
53.333,6.45,EU-NEU,North,East
52.817,5.8,EU-NEU,North,East
53.0,4.783,EU-NEU,North,East
51.85,6.1,EU-NEU,North,East
53.05,5.5,EU-NEU,North,East
52.683,5.683,EU-NEU,North,East
53.033,5.783,EU-NEU,North,East
53.4,5.35,EU-NEU,North,East
53.217,6.933,EU-NEU,North,East
52.783,6.283,EU-NEU,North,East
51.0,5.767,EU-NEU,North,East
52.533,4.717,EU-NEU,North,East
52.3,5.083,EU-NEU,North,East
52.517,6.383,EU-NEU,North,East
52.4666,4.65,EU-NEU,North,East
51.5964371,6.0071434,EU-NEU,North,East
51.9120668,4.3494366,EU-NEU,North,East
52.717,6.85,EU-NEU,North,East
52.233,4.783,EU-NEU,North,East
52.467,4.65,EU-NEU,North,East
51.3878333,5.4432025,EU-NEU,North,East
51.417,4.05,EU-NEU,North,East
51.55,6.1,EU-NEU,North,East
51.85,5.817,EU-NEU,North,East
52.55,4.783,EU-NEU,North,East
52.85,5.017,EU-NEU,North,East
51.533,3.9,EU-NEU,North,East
53.367,6.417,EU-NEU,North,East
53.35,6.433,EU-NEU,North,East
51.517,3.433,EU-NEU,North,East
51.6878954,5.0574822,EU-NEU,North,East
53.333,6.517,EU-NEU,North,East
52.0798287,4.8627239,EU-NEU,North,East
52.933,5.033,EU-NEU,North,East
53.167,5.6,EU-NEU,North,East
52.3080507,5.0406217,EU-NEU,North,East
53.167,6.867,EU-NEU,North,East
53.1,6.683,EU-NEU,North,East
52.317,4.617,EU-NEU,North,East
51.5,3.467,EU-NEU,North,East
52.7,6.867,EU-NEU,North,East
52.733,4.683,EU-NEU,North,East
52.142736,6.1960584,EU-NEU,North,East
51.8105978,4.6272719,EU-NEU,North,East
52.733,6.683,EU-NEU,North,East
67.8833,12.9833,EU-SCA,North,East
58.2333,6.6667,EU-SCA,North,East
64.7333,11.1833,EU-SCA,North,East
58.1167,7.0333,EU-SCA,North,East
60.4,5.0167,EU-SCA,North,East
66.7167,13.4833,EU-SCA,North,East
70.7833,23.45,EU-RUS,North,East
59.25,5.1667,EU-SCA,North,East
58.2333,8.0167,EU-SCA,North,East
62.4667,6.15,EU-SCA,North,East
69.9667,23.2333,EU-SCA,North,East
60.4167,6.4167,EU-SCA,North,East
62.4833,6.3833,EU-SCA,North,East
62.5667,7.7,EU-SCA,North,East
69.3167,16.1333,EU-SCA,North,East
68.3333,15.4333,EU-SCA,North,East
63.6333,9.0,EU-SCA,North,East
59.15,6.1667,EU-SCA,North,East
61.2333,7.7,EU-SCA,North,East
58.45,8.7667,EU-SCA,North,East
61.0167,6.3833,EU-SCA,North,East
70.05,20.6333,EU-SCA,North,East
58.8667,9.35,EU-SCA,North,East
61.35,4.8833,EU-SCA,North,East
62.8167,6.9,EU-SCA,North,East
63.2667,8.5167,EU-SCA,North,East
60.9,7.1833,EU-SCA,North,East
60.1,5.15,EU-SCA,North,East
59.35,5.2667,EU-SCA,North,East
63.05,7.6667,EU-SCA,North,East
61.2,6.5333,EU-SCA,North,East
68.3333,16.8333,EU-SCA,North,East
68.0667,13.55,EU-SCA,North,East
69.2333,19.2333,EU-SCA,North,East
58.0333,7.15,EU-SCA,North,East
70.6333,29.7167,EU-RUS,North,East
69.7833,18.7667,EU-SCA,North,East
60.3833,5.3167,EU-SCA,North,East
70.25,21.7833,EU-SCA,North,East
70.85,29.1,EU-RUS,North,East
68.9833,16.5333,EU-SCA,North,East
68.55,17.55,EU-SCA,North,East
61.0833,5.8333,EU-SCA,North,East
59.7833,10.5,EU-SCA,North,East
63.75,9.75,EU-SCA,North,East
68.6,15.3833,EU-SCA,North,East
60.5333,4.8833,EU-SCA,North,East
67.2833,14.3667,EU-SCA,North,East
68.5167,16.9833,EU-SCA,North,East
68.2167,16.0667,EU-SCA,North,East
67.9,15.1833,EU-SCA,North,East
59.2167,5.4333,EU-SCA,North,East
59.6,5.2167,EU-SCA,North,East
59.3667,5.2833,EU-SCA,North,East
68.7667,16.1667,EU-SCA,North,East
66.0,12.65,EU-SCA,North,East
61.6167,5.0667,EU-SCA,North,East
69.5167,17.9,EU-SCA,North,East
60.7,4.9167,EU-SCA,North,East
59.9,5.1,EU-SCA,North,East
64.1833,10.35,EU-SCA,North,East
62.6,6.4333,EU-SCA,North,East
59.0833,5.9,EU-SCA,North,East
70.5833,22.2833,EU-SCA,North,East
63.6833,9.6833,EU-SCA,North,East
69.6,18.0333,EU-SCA,North,East
68.2333,14.8667,EU-SCA,North,East
59.05,9.7,EU-SCA,North,East
65.4667,12.2,EU-SCA,North,East
69.9667,29.6333,EU-RUS,North,East
69.9333,22.05,EU-SCA,North,East
63.3117075,10.1863673,EU-SCA,North,East
59.3,5.3,EU-SCA,North,East
61.3833,5.6667,EU-SCA,North,East
60.9,4.8333,EU-SCA,North,East
69.9833,19.4,EU-SCA,North,East
61.3667,5.4167,EU-SCA,North,East
59.95,5.9833,EU-SCA,North,East
58.8333,6.1667,EU-SCA,North,East
69.75,20.5,EU-SCA,North,East
63.65,8.7833,EU-SCA,North,East
68.0333,16.0667,EU-SCA,North,East
59.7333,10.2333,EU-SCA,North,East
59.65,10.6167,EU-SCA,North,East
59.0,5.65,EU-SCA,North,East
69.0167,17.4333,EU-SCA,North,East
61.7667,5.1833,EU-SCA,North,East
63.7667,8.8333,EU-SCA,North,East
58.45,6.0,EU-SCA,North,East
62.3167,5.6333,EU-SCA,North,East
59.0667,9.7,EU-SCA,North,East
62.9,7.45,EU-SCA,North,East
60.25,5.0667,EU-SCA,North,East
68.7333,14.5833,EU-SCA,North,East
60.4667,7.0667,EU-SCA,North,East
62.2667,7.1667,EU-SCA,North,East
60.7167,5.7833,EU-SCA,North,East
60.7,5.55,EU-SCA,North,East
61.5833,5.4667,EU-SCA,North,East
60.2333,5.75,EU-SCA,North,East
60.9833,5.0833,EU-SCA,North,East
62.5,6.3333,EU-SCA,North,East
62.85,7.1333,EU-SCA,North,East
59.6833,10.5333,EU-SCA,North,East
59.3333,6.2167,EU-SCA,North,East
69.1167,17.75,EU-SCA,North,East
59.3167,5.6667,EU-SCA,North,East
59.65,5.9167,EU-SCA,North,East
68.0167,16.0,EU-SCA,North,East
58.4833,8.8667,EU-SCA,North,East
59.9333,8.8,EU-SCA,North,East
58.0833,6.8,EU-SCA,North,East
67.25,15.3833,EU-SCA,North,East
60.7667,4.7,EU-SCA,North,East
67.4333,14.7667,EU-SCA,North,East
67.25,15.4167,EU-SCA,North,East
66.1833,13.7833,EU-SCA,North,East
59.1667,5.8,EU-SCA,North,East
69.2167,17.9667,EU-SCA,North,East
62.1,5.55,EU-SCA,North,East
62.45,6.2833,EU-SCA,North,East
68.4333,14.8167,EU-SCA,North,East
59.9167,5.3167,EU-SCA,North,East
61.4,6.7333,EU-SCA,North,East
68.55,16.5,EU-SCA,North,East
60.2167,5.9667,EU-SCA,North,East
60.8667,7.1167,EU-SCA,North,East
60.5333,5.25,EU-SCA,North,East
58.2833,6.65,EU-SCA,North,East
62.6833,6.2333,EU-SCA,North,East
61.6,5.0167,EU-SCA,North,East
60.4167,5.2333,EU-SCA,North,East
63.9833,11.1,EU-SCA,North,East
61.45,5.8333,EU-SCA,North,East
68.8667,17.4667,EU-SCA,North,East
66.7333,13.5167,EU-SCA,North,East
58.9,6.0833,EU-SCA,North,East
70.7167,23.8167,EU-RUS,North,East
58.8833,5.75,EU-SCA,North,East
62.3333,5.6333,EU-SCA,North,East
58.9333,9.4667,EU-SCA,North,East
58.8333,6.3,EU-SCA,North,East
59.2,10.9167,EU-SCA,North,East
60.5167,5.2333,EU-SCA,North,East
63.9833,9.0833,EU-SCA,North,East
60.2,5.6167,EU-SCA,North,East
71.05,28.25,EU-RUS,North,East
61.4,7.3,EU-SCA,North,East
59.3167,5.3833,EU-SCA,North,East
62.25,5.55,EU-SCA,North,East
71.1,25.3833,EU-RUS,North,East
60.2,5.0333,EU-SCA,North,East
66.8,13.9333,EU-SCA,North,East
62.4667,6.0167,EU-SCA,North,East
60.5167,6.7,EU-SCA,North,East
68.1167,13.5,EU-SCA,North,East
58.3333,8.5833,EU-SCA,North,East
63.2167,7.6,EU-SCA,North,East
68.9667,16.25,EU-SCA,North,East
68.6833,17.1167,EU-SCA,North,East
69.3667,17.0833,EU-SCA,North,East
62.5333,6.3667,EU-SCA,North,East
60.85,6.8167,EU-SCA,North,East
61.5833,5.0,EU-SCA,North,East
62.2333,5.5667,EU-SCA,North,East
65.0833,11.8167,EU-SCA,North,East
59.1,11.3667,EU-SCA,North,East
63.05,8.2167,EU-SCA,North,East
66.7333,13.5167,EU-SCA,North,East
59.8,5.7167,EU-SCA,North,East
59.5833,10.6167,EU-SCA,North,East
63.6833,8.8,EU-SCA,North,East
67.4,15.5333,EU-SCA,North,East
70.65,23.6667,EU-RUS,North,East
60.4333,5.1,EU-SCA,North,East
69.9667,19.6167,EU-SCA,North,East
62.3667,6.0333,EU-SCA,North,East
62.8833,6.95,EU-SCA,North,East
68.7833,16.5333,EU-SCA,North,East
70.4667,22.15,EU-SCA,North,East
59.4,5.25,EU-SCA,North,East
58.0333,6.9833,EU-SCA,North,East
59.3,5.3167,EU-SCA,North,East
71.0,24.6667,EU-RUS,North,East
68.4,16.8333,EU-SCA,North,East
58.8667,6.15,EU-SCA,North,East
58.9,9.4,EU-SCA,North,East
62.0833,6.8667,EU-SCA,North,East
58.4667,5.8667,EU-SCA,North,East
66.2333,13.6333,EU-SCA,North,East
68.15,14.2167,EU-SCA,North,East
64.0,10.0333,EU-SCA,North,East
61.1833,6.8333,EU-SCA,North,East
65.9833,12.3,EU-SCA,North,East
59.1167,9.6167,EU-SCA,North,East
59.9167,5.7833,EU-SCA,North,East
59.1,9.5667,EU-SCA,North,East
63.5667,9.2,EU-SCA,North,East
59.2333,6.1833,EU-SCA,North,East
62.7833,7.4833,EU-SCA,North,East
62.35,6.0667,EU-SCA,North,East
59.55,10.0333,EU-SCA,North,East
67.1333,15.0167,EU-SCA,North,East
63.3167,9.15,EU-SCA,North,East
58.0833,7.8167,EU-SCA,North,East
59.4833,10.3,EU-SCA,North,East
63.4,10.7667,EU-SCA,North,East
70.9667,25.9667,EU-RUS,North,East
60.5167,5.3,EU-SCA,North,East
60.4333,5.1667,EU-SCA,North,East
59.4,10.4833,EU-SCA,North,East
60.2333,6.6167,EU-SCA,North,East
61.2167,6.05,EU-SCA,North,East
59.7833,5.8,EU-SCA,North,East
60.1167,5.2,EU-SCA,North,East
70.25,21.7833,EU-SCA,North,East
62.3667,6.4167,EU-SCA,North,East
59.8667,5.7667,EU-SCA,North,East
59.3333,5.3,EU-SCA,North,East
69.5333,17.6667,EU-SCA,North,East
59.2333,10.45,EU-SCA,North,East
59.0833,10.45,EU-SCA,North,East
61.1667,5.2833,EU-SCA,North,East
65.6833,12.1333,EU-SCA,North,East
61.8333,4.9333,EU-SCA,North,East
62.3833,6.55,EU-SCA,North,East
71.0833,24.0667,EU-RUS,North,East
67.0333,14.0167,EU-SCA,North,East
67.9667,15.9167,EU-SCA,North,East
61.85,6.6167,EU-SCA,North,East
69.7333,30.1,EU-RUS,North,East
59.25,10.4667,EU-SCA,North,East
59.3333,6.0167,EU-SCA,North,East
60.2667,6.2333,EU-SCA,North,East
58.3167,6.35,EU-SCA,North,East
69.6,19.8167,EU-SCA,North,East
68.2167,14.4833,EU-SCA,North,East
69.6833,18.7333,EU-SCA,North,East
61.7667,4.8833,EU-SCA,North,East
61.9333,5.45,EU-SCA,North,East
59.4667,10.6833,EU-SCA,North,East
70.55,23.15,EU-SCA,North,East
59.2667,5.5167,EU-SCA,North,East
69.4,18.15,EU-SCA,North,East
61.1667,7.2333,EU-SCA,North,East
66.7333,13.9,EU-SCA,North,East
60.3667,6.7167,EU-SCA,North,East
58.2333,6.5333,EU-SCA,North,East
69.7167,30.0333,EU-RUS,North,East
67.5167,14.7667,EU-SCA,North,East
70.9333,27.3333,EU-RUS,North,East
59.1667,10.3667,EU-SCA,North,East
68.0833,16.35,EU-SCA,North,East
58.9,9.4833,EU-SCA,North,East
60.4167,5.2333,EU-SCA,North,East
60.3667,5.15,EU-SCA,North,East
68.7333,14.5333,EU-SCA,North,East
63.45,10.4167,EU-SCA,North,East
70.7167,29.3167,EU-RUS,North,East
59.2833,5.3,EU-SCA,North,East
58.8667,9.4,EU-SCA,North,East
58.1333,7.9833,EU-SCA,North,East
63.1,7.7333,EU-SCA,North,East
70.1167,19.9833,EU-SCA,North,East
58.0333,7.3,EU-SCA,North,East
70.5,23.9667,EU-RUS,North,East
67.3,14.3833,EU-SCA,North,East
60.4833,6.6,EU-SCA,North,East
63.5667,9.9,EU-SCA,North,East
59.05,5.4167,EU-SCA,North,East
63.2833,9.0833,EU-SCA,North,East
60.3833,5.3,EU-SCA,North,East
59.0,9.7333,EU-SCA,North,East
59.6167,5.25,EU-SCA,North,East
62.4333,6.2167,EU-SCA,North,East
59.5,10.3833,EU-SCA,North,East
63.55,10.8833,EU-SCA,North,East
61.1,7.45,EU-SCA,North,East
59.3333,10.65,EU-SCA,North,East
62.2167,5.6,EU-SCA,North,East
59.0333,10.0167,EU-SCA,North,East
68.75,17.7833,EU-SCA,North,East
67.7333,14.7667,EU-SCA,North,East
66.05,12.95,EU-SCA,North,East
60.1542452,5.2006609,EU-SCA,North,East
59.7667,5.5,EU-SCA,North,East
61.1167,5.3333,EU-SCA,North,East
68.15,13.6,EU-SCA,North,East
63.6667,10.6167,EU-SCA,North,East
69.8167,19.9833,EU-SCA,North,East
69.8167,19.9833,EU-SCA,North,East
69.4333,18.15,EU-SCA,North,East
65.3667,12.4833,EU-SCA,North,East
63.75,11.2833,EU-SCA,North,East
62.35,6.0667,EU-SCA,North,East
58.2333,8.3667,EU-SCA,North,East
61.1333,5.2,EU-SCA,North,East
58.85,9.3,EU-SCA,North,East
68.4167,15.9833,EU-SCA,North,East
61.8667,6.8333,EU-SCA,North,East
60.5333,5.4833,EU-SCA,North,East
66.3667,12.3833,EU-SCA,North,East
58.8667,5.7333,EU-SCA,North,East
66.4167,12.8333,EU-SCA,North,East
61.4333,7.45,EU-SCA,North,East
61.25,4.9667,EU-SCA,North,East
69.5833,20.2167,EU-SCA,North,East
59.9,10.6,EU-SCA,North,East
59.05,6.6667,EU-SCA,North,East
64.0667,11.2333,EU-SCA,North,East
61.9333,5.1,EU-SCA,North,East
58.0167,7.45,EU-SCA,North,East
60.8833,5.5667,EU-SCA,North,East
58.4667,5.9167,EU-SCA,North,East
63.8667,8.6667,EU-SCA,North,East
71.0333,27.8333,EU-RUS,North,East
68.4833,14.8,EU-SCA,North,East
63.2833,10.2667,EU-SCA,North,East
70.6833,23.6,EU-RUS,North,East
59.2167,10.3333,EU-SCA,North,East
59.1667,9.6333,EU-SCA,North,East
62.6667,6.6667,EU-SCA,North,East
67.45,14.7333,EU-SCA,North,East
60.55,4.9833,EU-SCA,North,East
66.3167,14.1333,EU-SCA,North,East
62.7333,7.15,EU-SCA,North,East
62.2833,5.6167,EU-SCA,North,East
59.5167,5.2667,EU-SCA,North,East
60.8167,5.0167,EU-SCA,North,East
60.8,5.0667,EU-SCA,North,East
67.7,15.8333,EU-SCA,North,East
65.8333,13.2,EU-SCA,North,East
67.8833,13.0333,EU-SCA,North,East
59.4167,10.65,EU-SCA,North,East
59.7,5.3833,EU-SCA,North,East
63.4333,10.8333,EU-SCA,North,East
64.45,11.5,EU-SCA,North,East
68.4167,17.4167,EU-SCA,North,East
66.2,13.0167,EU-SCA,North,East
58.9667,9.8667,EU-SCA,North,East
61.9,5.9833,EU-SCA,North,East
63.95,10.1833,EU-SCA,North,East
69.2333,19.35,EU-SCA,North,East
69.9167,20.1667,EU-SCA,North,East
69.1333,15.6833,EU-SCA,North,East
63.7167,8.5667,EU-SCA,North,East
60.3667,6.1333,EU-SCA,North,East
68.0333,13.35,EU-SCA,North,East
70.0833,28.8667,EU-RUS,North,East
60.0667,6.5333,EU-SCA,North,East
70.2333,22.3333,EU-SCA,North,East
61.8333,6.8,EU-SCA,North,East
69.6,20.5167,EU-SCA,North,East
69.75,19.6833,EU-SCA,North,East
59.6,5.8,EU-SCA,North,East
60.2167,5.9667,EU-SCA,North,East
59.2333,6.0167,EU-SCA,North,East
63.3167,9.8333,EU-SCA,North,East
66.8667,13.7,EU-SCA,North,East
62.1833,6.0833,EU-SCA,North,East
61.1,6.1333,EU-SCA,North,East
60.1667,5.4667,EU-SCA,North,East
59.9,10.7333,EU-SCA,North,East
59.5833,5.5667,EU-SCA,North,East
69.2667,19.9,EU-SCA,North,East
64.8667,11.2833,EU-SCA,North,East
59.1333,9.6333,EU-SCA,North,East
59.1,9.5667,EU-SCA,North,East
68.0833,13.2167,EU-SCA,North,East
68.4833,16.5,EU-SCA,North,East
59.0,5.6333,EU-SCA,North,East
62.2667,7.05,EU-SCA,North,East
62.8333,8.1167,EU-SCA,North,East
59.4333,5.75,EU-SCA,North,East
70.1,21.6,EU-SCA,North,East
58.3333,6.25,EU-SCA,North,East
59.0833,5.6833,EU-SCA,North,East
70.45,24.2833,EU-RUS,North,East
70.75,25.6833,EU-RUS,North,East
58.9333,5.6,EU-SCA,North,East
58.7167,9.2333,EU-SCA,North,East
68.9667,15.6333,EU-SCA,North,East
63.5833,9.9667,EU-SCA,North,East
67.1,15.3833,EU-SCA,North,East
64.85,11.2333,EU-SCA,North,East
67.5167,12.1333,EU-SCA,North,East
62.1833,5.75,EU-SCA,North,East
59.8,5.2667,EU-SCA,North,East
62.4,5.6667,EU-SCA,North,East
61.0667,5.2167,EU-SCA,North,East
70.6333,23.6667,EU-RUS,North,East
68.8667,17.8167,EU-SCA,North,East
68.9,17.7167,EU-SCA,North,East
64.8,11.8667,EU-SCA,North,East
67.3667,15.5833,EU-SCA,North,East
59.4833,6.25,EU-SCA,North,East
59.1167,10.2167,EU-SCA,North,East
59.55,5.8333,EU-SCA,North,East
58.85,5.7333,EU-SCA,North,East
66.0167,12.6333,EU-SCA,North,East
68.95,16.6667,EU-SCA,North,East
59.8833,10.5167,EU-SCA,North,East
64.3167,10.45,EU-SCA,North,East
58.8833,9.2833,EU-SCA,North,East
59.2667,11.1,EU-SCA,North,East
59.6333,6.35,EU-SCA,North,East
60.1833,5.7667,EU-SCA,North,East
59.2667,5.1833,EU-SCA,North,East
62.0333,5.3333,EU-SCA,North,East
66.1333,13.5833,EU-SCA,North,East
63.6167,9.7333,EU-SCA,North,East
69.5,17.4833,EU-SCA,North,East
68.6333,15.5333,EU-SCA,North,East
63.7333,8.8333,EU-SCA,North,East
58.5,5.7833,EU-SCA,North,East
63.7167,8.8333,EU-SCA,North,East
62.4667,6.8,EU-SCA,North,East
68.8833,17.8333,EU-SCA,North,East
59.8833,10.7667,EU-SCA,North,East
69.45,17.3,EU-SCA,North,East
60.3833,5.2333,EU-SCA,North,East
60.4,5.2,EU-SCA,North,East
71.1,25.8167,EU-RUS,North,East
69.3833,20.25,EU-SCA,North,East
59.2,9.6,EU-SCA,North,East
59.2833,6.1333,EU-SCA,North,East
60.0667,5.6,EU-SCA,North,East
60.85,5.0333,EU-SCA,North,East
59.0167,11.0333,EU-SCA,North,East
59.0,9.75,EU-SCA,North,East
70.0333,20.9667,EU-SCA,North,East
61.4833,7.5833,EU-SCA,North,East
63.7,11.15,EU-SCA,North,East
69.0667,16.8167,EU-SCA,North,East
59.1333,5.2667,EU-SCA,North,East
59.3167,10.5,EU-SCA,North,East
59.7667,10.4833,EU-SCA,North,East
60.85,5.0667,EU-SCA,North,East
63.45,8.0,EU-SCA,North,East
59.8833,10.6167,EU-SCA,North,East
70.8,24.5667,EU-RUS,North,East
58.8667,9.3,EU-SCA,North,East
61.2167,7.1,EU-SCA,North,East
58.0833,7.8167,EU-SCA,North,East
61.0667,4.8333,EU-SCA,North,East
67.1333,13.9833,EU-SCA,North,East
69.8,20.9333,EU-SCA,North,East
69.1333,18.1167,EU-SCA,North,East
68.7,15.4167,EU-SCA,North,East
62.4333,6.75,EU-SCA,North,East
59.45,10.8,EU-SCA,North,East
62.45,6.3333,EU-SCA,North,East
62.1333,5.3167,EU-SCA,North,East
69.95,19.6667,EU-SCA,North,East
68.1167,13.8333,EU-SCA,North,East
62.2667,6.4333,EU-SCA,North,East
60.55,5.7333,EU-SCA,North,East
59.0333,9.7,EU-SCA,North,East
58.9667,5.75,EU-SCA,North,East
58.9833,10.0333,EU-SCA,North,East
63.7,9.95,EU-SCA,North,East
64.0167,11.4833,EU-SCA,North,East
62.7833,6.4833,EU-SCA,North,East
58.9667,6.0,EU-SCA,North,East
70.3,22.7167,EU-SCA,North,East
63.4667,10.8833,EU-SCA,North,East
69.0167,15.1333,EU-SCA,North,East
64.0333,10.05,EU-SCA,North,East
66.3333,13.0,EU-SCA,North,East
68.5667,14.9,EU-SCA,North,East
59.75,5.4833,EU-SCA,North,East
59.75,5.4833,EU-SCA,North,East
62.3667,6.9833,EU-SCA,North,East
60.1,5.2167,EU-SCA,North,East
59.4167,5.2667,EU-SCA,North,East
62.3,6.9333,EU-SCA,North,East
63.8,8.6833,EU-SCA,North,East
60.3167,5.2833,EU-SCA,North,East
62.3333,6.5833,EU-SCA,North,East
68.7,14.4667,EU-SCA,North,East
68.65,14.6333,EU-SCA,North,East
61.8833,6.7,EU-SCA,North,East
60.6167,4.8667,EU-SCA,North,East
59.3,5.2333,EU-SCA,North,East
59.8333,5.7167,EU-SCA,North,East
62.6667,8.55,EU-SCA,North,East
62.9833,8.6333,EU-SCA,North,East
59.0167,9.8333,EU-SCA,North,East
59.55,5.35,EU-SCA,North,East
61.7667,5.2833,EU-SCA,North,East
59.6,10.4,EU-SCA,North,East
68.2167,14.55,EU-SCA,North,East
68.2333,14.5333,EU-SCA,North,East
62.4,6.5667,EU-SCA,North,East
60.25,4.9833,EU-SCA,North,East
58.9167,5.5833,EU-SCA,North,East
59.05,5.9,EU-SCA,North,East
63.4667,9.0,EU-SCA,North,East
62.2833,5.7333,EU-SCA,North,East
65.8167,12.4333,EU-SCA,North,East
59.5333,10.5667,EU-SCA,North,East
62.5833,6.9167,EU-SCA,North,East
66.5167,13.0,EU-SCA,North,East
59.25,10.4167,EU-SCA,North,East
62.9833,8.25,EU-SCA,North,East
69.3333,17.1,EU-SCA,North,East
70.25,19.5,EU-SCA,North,East
62.3333,5.7333,EU-SCA,North,East
68.6833,16.9,EU-SCA,North,East
60.0333,10.0333,EU-SCA,North,East
69.65,19.0167,EU-SCA,North,East
69.6667,18.9667,EU-SCA,North,East
69.7833,18.4,EU-SCA,North,East
63.4333,10.4,EU-SCA,North,East
71.0,23.9,EU-RUS,North,East
58.6167,8.9167,EU-SCA,North,East
60.6167,5.5833,EU-SCA,North,East
60.1167,6.55,EU-SCA,North,East
69.6,19.9667,EU-SCA,North,East
60.3167,6.65,EU-SCA,North,East
69.85,20.7,EU-SCA,North,East
62.3333,5.8333,EU-SCA,North,East
60.5667,6.9167,EU-SCA,North,East
59.9333,5.85,EU-SCA,North,East
59.0833,10.8667,EU-SCA,North,East
63.7167,9.6,EU-SCA,North,East
60.4167,6.6,EU-SCA,North,East
59.3,4.8833,EU-SCA,North,East
64.6,10.95,EU-SCA,North,East
61.2,5.8167,EU-SCA,North,East
70.0667,29.7667,EU-RUS,North,East
66.7167,13.2833,EU-SCA,North,East
61.9333,5.05,EU-SCA,North,East
60.4667,5.7333,EU-SCA,North,East
58.8833,9.4167,EU-SCA,North,East
59.7,5.4667,EU-SCA,North,East
62.3,7.2667,EU-SCA,North,East
63.85,9.75,EU-SCA,North,East
59.2667,10.5,EU-SCA,North,East
63.8167,9.6333,EU-SCA,North,East
70.1167,19.9667,EU-SCA,North,East
63.55,10.2333,EU-SCA,North,East
70.3667,31.1,EU-RUS,North,East
67.65,12.7,EU-SCA,North,East
62.3,6.0667,EU-SCA,North,East
59.4833,5.7333,EU-SCA,North,East
59.2833,5.2333,EU-SCA,North,East
65.65,12.0,EU-SCA,North,East
69.8333,18.5833,EU-SCA,North,East
63.7833,11.4333,EU-SCA,North,East
62.6333,7.0667,EU-SCA,North,East
61.0833,6.5833,EU-SCA,North,East
67.2,14.55,EU-SCA,North,East
63.3833,8.2,EU-SCA,North,East
59.5,5.9167,EU-SCA,North,East
66.2,12.9667,EU-SCA,North,East
58.3667,8.6167,EU-SCA,North,East
64.35,10.4667,EU-SCA,North,East
62.95,7.4,EU-SCA,North,East
62.1333,6.05,EU-SCA,North,East
68.2,13.6833,EU-SCA,North,East
59.35,5.3167,EU-SCA,North,East
61.0833,4.6833,EU-SCA,North,East
62.033,5.517,EU-SCA,North,East
65.943916,12.47405,EU-SCA,North,East
66.183,13.233,EU-SCA,North,East
59.920545,10.593765,EU-SCA,North,East
69.25,19.35,EU-SCA,North,East
69.267,15.95,EU-SCA,North,East
69.217,18.083,EU-SCA,North,East
61.6,5.033,EU-SCA,North,East
60.817,4.967,EU-SCA,North,East
62.533,6.133,EU-SCA,North,East
62.9174878,7.7953429,EU-SCA,North,East
70.083,25.033,EU-RUS,North,East
62.483,6.7,EU-SCA,North,East
67.4,13.53333,EU-SCA,North,East
60.333,5.633,EU-SCA,North,East
60.417,5.3,EU-SCA,North,East
58.55,7.78333,EU-SCA,North,East
68.2,14.35,EU-SCA,North,East
63.45,10.41667,EU-SCA,North,East
63.8779478,11.2334981,EU-SCA,North,East
60.917,4.883,EU-SCA,North,East
60.567,4.817,EU-SCA,North,East
68.767,16.167,EU-SCA,North,East
60.96667,9.3,EU-SCA,North,East
68.33333,14.75,EU-SCA,North,East
63.883,9.867,EU-SCA,North,East
68.383,14.417,EU-SCA,North,East
78.21667,15.65,EU-SCA,North,East
60.633,5.0,EU-SCA,North,East
67.117,14.983,EU-SCA,North,East
62.317,5.667,EU-SCA,North,East
68.91667,15.06667,EU-SCA,North,East
62.85,6.95,EU-SCA,North,East
63.6695725,9.4919772,EU-SCA,North,East
60.017,5.8,EU-SCA,North,East
66.86667,13.7,EU-SCA,North,East
60.5695,5.519579,EU-SCA,North,East
64.85,11.283,EU-SCA,North,East
62.4695759,7.7655107,EU-SCA,North,East
59.483,10.367,EU-SCA,North,East
62.95,7.4,EU-SCA,North,East
59.11667,10.21667,EU-SCA,North,East
62.567,7.117,EU-SCA,North,East
60.0,5.117,EU-SCA,North,East
68.6,14.45,EU-SCA,North,East
67.5121822,15.8494042,EU-SCA,North,East
59.417,5.233,EU-SCA,North,East
68.167,14.667,EU-SCA,North,East
67.755765,14.8482838,EU-SCA,North,East
59.283,5.467,EU-SCA,North,East
60.117,5.167,EU-SCA,North,East
63.31667,9.9,EU-SCA,North,East
59.1,10.233,EU-SCA,North,East
66.5,12.1,EU-SCA,North,East
62.367,5.817,EU-SCA,North,East
62.717,7.933,EU-SCA,North,East
59.3,5.23333,EU-SCA,North,East
68.51667,17.06667,EU-SCA,North,East
63.2,8.983,EU-SCA,North,East
52.9333,14.15,EU-EEU,North,East
51.05,19.9,EU-EEU,North,East
51.45,18.8333,EU-EEU,North,East
53.15,18.0,EU-SCA,North,East
52.1667,15.9333,EU-EEU,North,East
50.7833,17.8167,EU-EEU,North,East
50.0667,21.2667,EU-EEU,North,East
54.35,17.55,EU-SCA,North,East
51.6167,20.95,EU-EEU,North,East
54.4167,16.4167,EU-EEU,North,East
52.3667,21.2833,EU-EEU,North,East
52.2667,17.2667,EU-EEU,North,East
54.0333,14.75,EU-SCA,North,East
54.1667,19.3833,EU-SCA,North,East
54.35,19.6833,EU-RUS,North,East
54.5,18.55,EU-SCA,North,East
54.3667,18.7667,EU-SCA,North,East
53.4167,19.7667,EU-SCA,North,East
54.6,18.8,EU-SCA,North,East
50.0167,21.7667,EU-EEU,North,East
51.3333,21.8833,EU-EEU,North,East
50.7333,16.3333,EU-EEU,North,East
53.9667,14.7667,EU-SCA,North,East
53.85,14.3,EU-SCA,North,East
49.9833,20.3167,EU-EEU,North,East
54.1833,15.5833,EU-EEU,North,East
52.9167,20.3167,EU-EEU,North,East
49.6833,20.85,EU-EEU,North,East
51.05,16.6167,EU-EEU,North,East
52.3,16.6833,EU-EEU,North,East
52.05,15.0833,EU-EEU,North,East
54.3833,19.45,EU-SCA,North,East
54.3833,19.45,EU-SCA,North,East
54.75,17.55,EU-SCA,North,East
53.0,14.9667,EU-EEU,North,East
50.7833,17.5667,EU-EEU,North,East
53.9333,14.45,EU-SCA,North,East
54.1167,15.8833,EU-EEU,North,East
50.9833,16.65,EU-EEU,North,East
54.15,15.3,EU-EEU,North,East
54.1,15.0667,EU-EEU,North,East
53.7333,14.3,EU-SCA,North,East
54.4,18.6667,EU-SCA,North,East
50.9333,17.3,EU-EEU,North,East
52.85,14.15,EU-EEU,North,East
53.1833,22.0833,EU-EEU,North,East
52.2,20.5667,EU-EEU,North,East
54.1,16.7,EU-EEU,North,East
50.8667,16.55,EU-EEU,North,East
54.0833,15.0167,EU-EEU,North,East
52.5167,16.7333,EU-EEU,North,East
52.1833,16.35,EU-EEU,North,East
51.0,21.3167,EU-EEU,North,East
53.4833,14.6,EU-EEU,North,East
54.45,18.5667,EU-SCA,North,East
52.55,17.2833,EU-EEU,North,East
53.65,14.6167,EU-EEU,North,East
53.9,14.25,EU-SCA,North,East
53.65,14.5167,EU-SCA,North,East
52.2667,14.7,EU-EEU,North,East
54.5833,16.85,EU-SCA,North,East
54.2167,15.75,EU-EEU,North,East
53.5333,15.55,EU-EEU,North,East
53.1268787,14.3906184,EU-EEU,North,East
54.7833,18.4167,EU-SCA,North,East
51.5,19.8333,EU-EEU,North,East
53.85,14.6167,EU-SCA,North,East
52.85,17.7167,EU-EEU,North,East
54.35,18.65,EU-SCA,North,East
51.9,18.0,EU-EEU,North,East
54.8,18.36667,EU-SCA,North,East
54.25,15.98333,EU-EEU,North,East
54.83333,18.13333,EU-SCA,North,East
54.36667,16.3,EU-EEU,North,East
54.53333,16.53333,EU-SCA,North,East
54.33333,19.03333,EU-SCA,North,East
54.41667,18.58333,EU-SCA,North,East
54.73333,18.56667,EU-SCA,North,East
54.6,18.5,EU-SCA,North,East
54.33333,18.93333,EU-SCA,North,East
52.9731367,17.0947488,EU-EEU,North,East
54.1,15.08333,EU-EEU,North,East
54.43333,19.58333,EU-RUS,North,East
54.55,18.55,EU-SCA,North,East
54.66667,18.46667,EU-SCA,North,East
54.43333,19.76667,EU-RUS,North,East
54.41667,19.58333,EU-RUS,North,East
53.5520416,14.5720608,EU-EEU,North,East
54.25,15.95,EU-EEU,North,East
53.38333,14.63333,EU-EEU,North,East
54.35,19.1,EU-SCA,North,East
53.95,14.68333,EU-SCA,North,East
53.88333,14.36667,EU-SCA,North,East
54.35,19.16667,EU-SCA,North,East
54.28333,19.43333,EU-SCA,North,East
53.4285438,14.5528116,EU-EEU,North,East
54.26667,16.08333,EU-EEU,North,East
53.86667,14.41667,EU-SCA,North,East
54.35,18.78333,EU-SCA,North,East
52.1683289,17.8948883,EU-EEU,North,East
41.05,-8.65,EU-SEU,North,West
37.0833,-8.25,EU-SEU,North,West
37.65,-8.8,EU-SEU,North,West
40.4833,-8.5333,EU-SEU,North,West
41.2667,-8.7167,EU-SEU,North,West
38.65,-27.2167,AF-NAF,North,West
41.5833,-7.3833,EU-SEU,North,West
40.6333,-8.65,EU-SEU,North,West
38.8333,-9.45,EU-SEU,North,West
38.6667,-9.2,EU-SEU,North,West
37.0833,-8.4333,EU-SEU,North,West
37.0667,-8.7667,EU-SEU,North,West
40.5,-8.6,EU-SEU,North,West
38.7667,-9.3,EU-SEU,North,West
38.5167,-28.3167,AF-NAF,North,West
38.6,-28.0167,AF-NAF,North,West
41.1333,-7.8,EU-SEU,North,West
32.7333,-16.7333,AF-NAF,North,West
38.4833,-9.1,EU-SEU,North,West
38.7,-9.4167,EU-SEU,North,West
41.6333,-8.8,EU-SEU,North,West
38.6,-9.05,EU-SEU,North,West
37.7333,-8.4667,EU-SEU,North,West
38.6333,-9.2167,EU-SEU,North,West
39.8833,-8.2667,EU-SEU,North,West
40.9333,-8.4167,EU-SEU,North,West
38.7,-9.4,EU-SEU,North,West
41.5167,-8.7667,EU-SEU,North,West
37.0167,-7.9333,EU-SEU,North,West
40.15,-8.8667,EU-SEU,North,West
38.5667,-9.1833,EU-SEU,North,West
39.4333,-9.2167,EU-SEU,North,West
32.6333,-16.9,AF-NAF,North,West
37.05,-7.75,EU-SEU,North,West
41.2,-8.6,EU-SEU,North,West
38.5333,-28.6333,AF-NAF,North,West
37.1,-8.6667,EU-SEU,North,West
38.3833,-28.2667,AF-NAF,North,West
39.3833,-31.1667,AF-NAF,North,West
41.05,-8.6667,EU-SEU,North,West
41.2,-8.7,EU-SEU,North,West
41.1833,-8.6833,EU-SEU,North,West
38.7167,-9.1333,EU-SEU,North,West
41.3667,-8.3833,EU-SEU,North,West
39.6833,-8.8833,EU-SEU,North,West
38.5333,-28.5333,AF-NAF,North,West
32.6833,-17.1333,AF-NAF,North,West
41.1833,-8.7,EU-SEU,North,West
40.5333,-8.6,EU-SEU,North,West
38.6833,-9.3167,EU-SEU,North,West
37.0333,-7.8333,EU-SEU,North,West
37.0833,-8.1833,EU-SEU,North,West
38.6833,-8.6667,EU-SEU,North,West
39.35,-9.3833,EU-SEU,North,West
41.2167,-8.7,EU-SEU,North,West
40.8667,-8.45,EU-SEU,North,West
37.7333,-25.6667,AF-NAF,North,West
39.25,-8.0167,EU-SEU,North,West
37.1333,-8.5333,EU-SEU,North,West
41.15,-8.6167,EU-SEU,North,West
33.0667,-16.3333,AF-NAF,North,West
39.05,-27.9667,AF-NAF,North,West
38.7333,-27.0667,AF-NAF,North,West
37.8,-25.5833,AF-NAF,North,West
41.4,-8.4833,EU-SEU,North,West
37.0,-8.9333,EU-SEU,North,West
41.0333,-8.5167,EU-SEU,North,West
39.0833,-28.0167,AF-NAF,North,West
39.45,-31.1167,AF-NAF,North,West
37.1,-7.65,EU-SEU,North,West
41.05,-8.2833,EU-SEU,North,West
38.65,-27.2667,AF-NAF,North,West
41.1333,-8.6333,EU-SEU,North,West
41.1833,-8.65,EU-SEU,North,West
38.5333,-8.9,EU-SEU,North,West
37.95,-8.8667,EU-SEU,North,West
38.7167,-27.2167,AF-NAF,North,West
40.75,-8.7,EU-SEU,North,West
38.6667,-9.2333,EU-SEU,North,West
40.55,-8.75,EU-SEU,North,West
41.1333,-8.5667,EU-SEU,North,West
41.1833,-8.5,EU-SEU,North,West
38.6833,-28.2167,AF-NAF,North,West
41.7,-8.8333,EU-SEU,North,West
40.85,-8.3833,EU-SEU,North,West
38.2167,-7.8167,EU-SEU,North,West
41.35,-8.75,EU-SEU,North,West
36.9333,-25.15,AF-NAF,North,West
38.95,-8.9833,EU-SEU,North,West
39.0333,-8.9333,EU-SEU,North,West
39.6667,-31.1,AF-NAF,North,West
37.2,-7.4167,EU-SEU,North,West
32.6667,-16.75,AF-NAF,North,West
37.1,-8.35,EU-SEU,North,West
41.183,-8.383,EU-SEU,North,West
32.633,-16.967,AF-NAF,North,West
38.583,-28.783,AF-NAF,North,West
38.5,-8.167,EU-SEU,North,West
41.2,-8.667,EU-SEU,North,West
32.7,-16.767,AF-NAF,North,West
38.53333,-28.51667,AF-NAF,North,West
37.833,-25.167,AF-NAF,North,West
32.767,-16.833,AF-NAF,North,West
32.85,-17.167,AF-NAF,North,West
37.55,-7.533,EU-SEU,North,West
37.75,-25.25,AF-NAF,North,West
37.067,-8.1,EU-SEU,North,West
39.517,-9.133,EU-SEU,North,West
38.433,-9.1,EU-SEU,North,West
38.55,-27.783,AF-NAF,North,West
41.117,-8.467,EU-SEU,North,West
37.717,-25.433,AF-NAF,North,West
44.0833,28.6167,EU-BLA,North,East
44.1667,28.3667,EU-BLA,North,East
44.8,21.3833,EU-BLA,North,East
43.7667,23.9333,EU-BLA,North,East
46.3167,25.3,EU-BLA,North,East
45.15,25.5167,EU-BLA,North,East
43.9833,22.9333,EU-BLA,North,East
44.2,27.3333,EU-BLA,North,East
44.35,28.0167,EU-BLA,North,East
44.1833,28.65,EU-BLA,North,East
43.7667,24.5,EU-BLA,North,East
46.2833,25.0333,EU-BLA,North,East
44.6333,22.65,EU-BLA,North,East
44.05,28.6333,EU-BLA,North,East
44.3833,27.8333,EU-BLA,North,East
45.4333,28.05,EU-BLA,North,East
43.8833,25.95,EU-BLA,North,East
44.7333,26.2333,EU-BLA,North,East
44.6833,27.95,EU-BLA,North,East
46.7667,24.9167,EU-BLA,North,East
45.2667,28.4667,EU-BLA,North,East
45.7833,27.0667,EU-BLA,North,East
46.55,24.6333,EU-BLA,North,East
43.8333,28.5833,EU-BLA,North,East
44.25,28.2667,EU-BLA,North,East
44.3333,28.6167,EU-BLA,North,East
44.3333,28.6167,EU-BLA,North,East
44.0833,26.65,EU-BLA,North,East
44.7,22.4,EU-BLA,North,East
47.6,26.35,EU-BLA,North,East
46.307025,23.129894,EU-BLA,North,East
45.15,29.6667,EU-BLA,North,East
45.1833,28.8,EU-BLA,North,East
46.6167,23.7,EU-BLA,North,East
43.75,24.8833,EU-BLA,North,East
47.2,26.3167,EU-BLA,North,East
43.65,25.35,EU-BLA,North,East
45.4188767,29.2938362,EU-BLA,North,East
45.183,27.933,EU-BLA,North,East
45.767,25.55,EU-BLA,North,East
44.25,28.617,EU-BLA,North,East
45.25,28.167,EU-BLA,North,East
45.133,29.133,EU-BLA,North,East
45.067,25.733,EU-BLA,North,East
45.983,26.25,EU-BLA,North,East
44.267,28.567,EU-BLA,North,East
44.217,28.4,EU-BLA,North,East
45.0,25.983,EU-BLA,North,East
44.333,23.95,EU-BLA,North,East
46.1,26.567,EU-BLA,North,East
46.733,24.717,EU-BLA,North,East
46.9,27.583,EU-BLA,North,East
45.117,26.633,EU-BLA,North,East
45.6667,18.9833,EU-BLA,North,East
45.25,19.3833,EU-BLA,North,East
45.85,18.9167,EU-EEU,North,East
43.8667,20.5833,EU-BLA,North,East
43.0,22.7667,EU-BLA,North,East
44.8167,20.2167,EU-BLA,North,East
42.4667,21.45,EU-BLA,North,East
43.1333,21.2667,EU-BLA,North,East
44.6,19.9167,EU-BLA,North,East
44.2833,22.5833,EU-BLA,North,East
45.2,19.9333,EU-BLA,North,East
44.75,21.5,EU-BLA,North,East
45.25,19.75,EU-BLA,North,East
42.55,21.9,EU-BLA,North,East
58.3667,31.8833,EU-RUS,North,East
59.9167,29.6667,EU-RUS,North,East
60.05,29.9667,EU-RUS,North,East
62.2,34.2833,EU-RUS,North,East
64.6833,30.8167,EU-RUS,North,East
59.9,29.7333,EU-RUS,North,East
69.7167,32.1167,EU-RUS,North,East
54.95,20.2167,EU-RUS,North,East
56.25,34.3333,EU-RUS,North,East
59.8833,30.25,EU-RUS,North,East
60.1,29.95,EU-RUS,North,East
55.0667,21.8833,EU-RUS,North,East
54.7,20.5,EU-RUS,North,East
69.2833,32.8,EU-RUS,North,East
59.6667,28.3167,EU-RUS,North,East
67.0833,32.3333,EU-RUS,North,East
60.6333,28.5667,EU-RUS,North,East
55.0667,32.6667,EU-RUS,North,East
54.6591222,19.9228947,EU-RUS,North,East
54.7104264,20.4522144,EU-RUS,North,East
68.9781,33.0563,EU-RUS,North,East
58.422778,30.065556,EU-RUS,North,East
57.7833,11.9833,EU-SCA,North,East
55.9167,14.2833,EU-SCA,North,East
61.2167,17.15,EU-SCA,North,East
57.95,12.1167,EU-SCA,North,East
59.3833,13.1833,EU-SCA,North,East
59.05,12.7,EU-SCA,North,East
62.5167,15.6167,EU-SCA,North,East
59.3833,15.85,EU-SCA,North,East
59.5833,17.5,EU-SCA,North,East
55.75,12.9,EU-SCA,North,East
59.0833,18.15,EU-SCA,North,East
56.3833,16.0833,EU-SCA,North,East
59.3167,18.1667,EU-SCA,North,East
55.7167,13.0167,EU-SCA,North,East
57.85,12.0,EU-SCA,North,East
63.0,17.6833,EU-SCA,North,East
58.6333,16.5333,EU-SCA,North,East
58.35,11.3833,EU-SCA,North,East
63.0833,14.8167,EU-SCA,North,East
58.6333,16.35,EU-SCA,North,East
59.3167,17.8833,EU-SCA,North,East
56.1667,14.75,EU-SCA,North,East
58.1833,11.4667,EU-SCA,North,East
59.6667,17.1,EU-SCA,North,East
62.3,17.3833,EU-SCA,North,East
56.8833,12.5,EU-SCA,North,East
56.65,16.45,EU-SCA,North,East
57.55,16.5833,EU-SCA,North,East
60.3667,18.15,EU-SCA,North,East
57.9,16.4,EU-SCA,North,East
60.6667,17.1667,EU-SCA,North,East
56.9333,12.35,EU-SCA,North,East
59.35,17.05,EU-SCA,North,East
58.1167,12.1333,EU-SCA,North,East
57.7167,11.9667,EU-SCA,North,East
57.3333,17.1,EU-SCA,North,East
60.1,18.8333,EU-SCA,North,East
60.5167,17.7333,EU-SCA,North,East
59.3333,13.1167,EU-SCA,North,East
62.8333,17.8833,EU-SCA,North,East
59.3167,18.3,EU-SCA,North,East
62.9167,14.5167,EU-SCA,North,East
60.05,18.6,EU-SCA,North,East
56.6667,12.85,EU-SCA,North,East
58.8167,14.95,EU-SCA,North,East
60.1667,18.4667,EU-SCA,North,East
62.6333,17.9333,EU-SCA,North,East
59.35,17.4833,EU-SCA,North,East
58.5167,11.2833,EU-SCA,North,East
56.2,12.55,EU-SCA,North,East
58.6333,13.4167,EU-SCA,North,East
63.6333,19.9,EU-SCA,North,East
61.7333,17.1,EU-SCA,North,East
63.3333,19.1667,EU-SCA,North,East
61.6333,17.0667,EU-SCA,North,East
59.4,17.8667,EU-SCA,North,East
57.9833,11.8167,EU-SCA,North,East
59.0833,17.7833,EU-SCA,North,East
56.6667,16.3667,EU-SCA,North,East
59.55,17.55,EU-SCA,North,East
59.0667,11.1833,EU-SCA,North,East
59.7167,19.0667,EU-SCA,North,East
57.85,18.7833,EU-SCA,North,East
56.95,16.9,EU-SCA,North,East
60.5167,17.6167,EU-SCA,North,East
58.5300853,14.5105655,EU-SCA,North,East
56.1667,14.85,EU-SCA,North,East
56.1667,15.5833,EU-SCA,North,East
59.3667,13.5,EU-SCA,North,East
60.6833,17.2667,EU-SCA,North,East
57.95,11.5333,EU-SCA,North,East
55.5333,12.9167,EU-SCA,North,East
57.1333,15.1333,EU-SCA,North,East
57.4,18.2,EU-SCA,North,East
59.5167,15.9833,EU-SCA,North,East
63.1667,18.5667,EU-SCA,North,East
62.9333,17.7833,EU-SCA,North,East
59.3333,14.1167,EU-SCA,North,East
57.4833,12.0833,EU-SCA,North,East
58.35,11.25,EU-SCA,North,East
59.4333,16.1,EU-SCA,North,East
58.0167,11.5167,EU-SCA,North,East
55.8667,12.8333,EU-SCA,North,East
57.6833,12.2,EU-SCA,North,East
58.5,13.5,EU-SCA,North,East
58.1333,12.1333,EU-SCA,North,East
55.5833,12.95,EU-SCA,North,East
59.7667,19.1333,EU-SCA,North,East
57.5667,13.5833,EU-SCA,North,East
61.2167,17.1333,EU-SCA,North,East
55.7667,13.0167,EU-SCA,North,East
58.0333,12.1333,EU-SCA,North,East
59.4167,17.5833,EU-SCA,North,East
63.2833,18.7333,EU-SCA,North,East
65.5833,22.15,EU-SCA,North,East
58.2833,11.4333,EU-SCA,North,East
55.6,13.0,EU-SCA,North,East
58.7,13.8167,EU-SCA,North,East
57.8833,13.5833,EU-SCA,North,East
58.55,16.8333,EU-SCA,North,East
56.2833,12.5,EU-SCA,North,East
57.0333,16.4333,EU-SCA,North,East
56.5167,16.3833,EU-SCA,North,East
58.9667,18.1167,EU-SCA,North,East
57.9167,12.0667,EU-SCA,North,East
62.8667,18.0333,EU-SCA,North,East
63.6667,19.4167,EU-SCA,North,East
58.6,16.1833,EU-SCA,North,East
60.95,17.1333,EU-SCA,North,East
59.75,18.7167,EU-SCA,North,East
58.9167,17.1667,EU-SCA,North,East
58.9,17.95,EU-SCA,North,East
59.4667,17.3833,EU-SCA,North,East
63.3,18.7167,EU-SCA,North,East
62.3833,17.35,EU-SCA,North,East
57.2667,16.4333,EU-SCA,North,East
62.4667,17.3167,EU-SCA,North,East
58.95,14.0333,EU-SCA,North,East
58.6667,17.1,EU-SCA,North,East
56.9167,16.4167,EU-SCA,North,East
65.3333,21.5,EU-SCA,North,East
57.25,12.0833,EU-SCA,North,East
57.1667,18.4833,EU-SCA,North,East
57.9333,11.5833,EU-SCA,North,East
56.2,15.3,EU-SCA,North,East
56.1833,15.3,EU-SCA,North,East
63.5333,19.4333,EU-SCA,North,East
59.1333,12.9167,EU-SCA,North,East
57.6167,11.7667,EU-SCA,North,East
59.6167,17.7167,EU-SCA,North,East
57.4167,16.6667,EU-SCA,North,East
55.55,14.3333,EU-SCA,North,East
63.2167,19.0167,EU-SCA,North,East
55.4167,12.85,EU-SCA,North,East
57.9833,11.55,EU-SCA,North,East
59.4167,13.6333,EU-SCA,North,East
64.7667,20.95,EU-SCA,North,East
64.6833,21.2333,EU-SCA,North,East
59.3333,13.4333,EU-SCA,North,East
60.6333,17.4167,EU-SCA,North,East
57.7167,18.8,EU-SCA,North,East
59.2,17.6167,EU-SCA,North,East
56.05,14.55,EU-SCA,North,East
62.5,17.5,EU-SCA,North,East
56.8333,13.8,EU-SCA,North,East
58.75,11.8167,EU-SCA,North,East
58.8,16.7833,EU-SCA,North,East
61.8833,17.3333,EU-SCA,North,East
59.3333,18.05,EU-SCA,North,East
62.3333,17.35,EU-SCA,North,East
58.9333,17.8,EU-SCA,North,East
57.75,18.8167,EU-SCA,North,East
65.1,17.1,EU-SCA,North,East
57.8833,19.0167,EU-SCA,North,East
59.3833,17.0333,EU-SCA,North,East
58.9333,11.1833,EU-SCA,North,East
58.7667,17.3833,EU-SCA,North,East
61.3,17.05,EU-SCA,North,East
62.45,17.35,EU-SCA,North,East
62.3833,17.3,EU-SCA,North,East
57.8167,12.0167,EU-SCA,North,East
58.1333,11.8333,EU-SCA,North,East
57.1833,18.5333,EU-SCA,North,East
59.4167,16.45,EU-SCA,North,East
57.05,12.2667,EU-SCA,North,East
55.3667,13.1667,EU-SCA,North,East
58.2667,12.3,EU-SCA,North,East
62.4,17.3667,EU-SCA,North,East
58.3667,11.9333,EU-SCA,North,East
63.8333,20.25,EU-SCA,North,East
59.2667,17.5333,EU-SCA,North,East
59.8667,17.6333,EU-SCA,North,East
59.4,13.1667,EU-SCA,North,East
61.1833,17.1833,EU-SCA,North,East
58.3667,12.3167,EU-SCA,North,East
59.25,17.8667,EU-SCA,North,East
58.3667,12.3667,EU-SCA,North,East
59.6167,16.55,EU-SCA,North,East
57.75,16.6333,EU-SCA,North,East
59.4,18.3333,EU-SCA,North,East
57.6333,18.3,EU-SCA,North,East
57.5667,11.7833,EU-SCA,North,East
58.0167,11.7,EU-SCA,North,East
55.4167,13.8167,EU-SCA,North,East
55.4,13.6,EU-SCA,North,East
57.95,11.56667,EU-SCA,North,East
58.8,17.55,EU-SCA,North,East
58.8,17.83333,EU-SCA,North,East
58.06667,11.7,EU-SCA,North,East
57.16667,16.91667,EU-SCA,North,East
58.63333,16.98333,EU-SCA,North,East
56.96667,16.76667,EU-SCA,North,East
55.93333,12.78333,EU-SCA,North,East
57.55,16.68333,EU-SCA,North,East
56.36667,12.73333,EU-SCA,North,East
58.06667,11.5,EU-SCA,North,East
60.48333,18.06667,EU-SCA,North,East
57.18333,12.18333,EU-SCA,North,East
56.11667,15.51667,EU-SCA,North,East
61.4722514,16.3783567,EU-SCA,North,East
61.7,17.38333,EU-SCA,North,East
58.43333,16.96667,EU-SCA,North,East
58.75,17.4,EU-SCA,North,East
58.3,16.83333,EU-SCA,North,East
57.66667,11.8,EU-SCA,North,East
57.76667,16.76667,EU-SCA,North,East
57.93333,11.58333,EU-SCA,North,East
63.5,19.35,EU-SCA,North,East
58.03333,11.5,EU-SCA,North,East
58.83333,17.28333,EU-SCA,North,East
55.6,14.31667,EU-SCA,North,East
62.63333,17.93333,EU-SCA,North,East
61.71667,17.51667,EU-SCA,North,East
64.18333,21.05,EU-SCA,North,East
60.16667,18.76667,EU-SCA,North,East
65.65,22.25,EU-SCA,North,East
59.4,18.88333,EU-SCA,North,East
58.73333,17.15,EU-SCA,North,East
62.81667,18.25,EU-SCA,North,East
55.35,13.41667,EU-SCA,North,East
59.21667,18.38333,EU-SCA,North,East
59.51667,16.15,EU-SCA,North,East
58.98333,11.15,EU-SCA,North,East
61.81667,17.4,EU-SCA,North,East
62.88333,18.45,EU-SCA,North,East
60.65,17.5,EU-SCA,North,East
59.1,18.71667,EU-SCA,North,East
64.46667,21.58333,EU-SCA,North,East
58.05,11.51667,EU-SCA,North,East
58.1,16.85,EU-SCA,North,East
60.3,18.55,EU-SCA,North,East
58.3,11.53333,EU-SCA,North,East
56.15,15.16667,EU-SCA,North,East
59.36667,18.98333,EU-SCA,North,East
62.25,17.51667,EU-SCA,North,East
56.61667,16.7,EU-SCA,North,East
57.95,11.56667,EU-SCA,North,East
58.35,11.35,EU-SCA,North,East
62.5,17.7,EU-SCA,North,East
60.73333,17.31667,EU-SCA,North,East
55.51667,14.35,EU-SCA,North,East
61.55,17.06667,EU-SCA,North,East
57.73333,11.68333,EU-SCA,North,East
55.35,13.31667,EU-SCA,North,East
58.1,16.83333,EU-SCA,North,East
56.8802297,16.6562355,EU-SCA,North,East
55.9,12.8,EU-SCA,North,East
56.3,16.0,EU-SCA,North,East
58.48333,11.31667,EU-SCA,North,East
62.18333,17.68333,EU-SCA,North,East
58.08333,11.5,EU-SCA,North,East
57.65,11.76667,EU-SCA,North,East
57.81667,11.66667,EU-SCA,North,East
63.55,19.56667,EU-SCA,North,East
58.0,11.75,EU-SCA,North,East
57.9,18.85,EU-SCA,North,East
56.11667,15.68333,EU-SCA,North,East
62.5,17.81667,EU-SCA,North,East
57.91667,11.73333,EU-SCA,North,East
64.95,21.3,EU-SCA,North,East
57.23333,12.11667,EU-SCA,North,East
57.51667,11.93333,EU-SCA,North,East
57.8,19.08333,EU-SCA,North,East
57.58333,18.8,EU-SCA,North,East
64.06667,20.85,EU-SCA,North,East
64.95,21.23333,EU-SCA,North,East
59.9,18.98333,EU-SCA,North,East
58.58333,16.31667,EU-SCA,North,East
58.91667,11.16667,EU-SCA,North,East
58.7000963,15.15074,EU-SCA,North,East
57.31667,16.56667,EU-SCA,North,East
61.71667,17.16667,EU-SCA,North,East
57.3,18.15,EU-SCA,North,East
59.31667,18.7,EU-SCA,North,East
56.43333,16.11667,EU-SCA,North,East
56.06667,14.71667,EU-SCA,North,East
61.28333,17.16667,EU-SCA,North,East
57.25,18.7,EU-SCA,North,East
56.11667,12.6,EU-SCA,North,East
58.58333,11.21667,EU-SCA,North,East
57.93333,11.61667,EU-SCA,North,East
58.71667,11.23333,EU-SCA,North,East
58.1,11.46667,EU-SCA,North,East
58.65,17.01667,EU-SCA,North,East
56.51667,16.18333,EU-SCA,North,East
56.15,14.98333,EU-SCA,North,East
56.13333,15.73333,EU-SCA,North,East
57.81667,16.78333,EU-SCA,North,East
57.96667,19.25,EU-SCA,North,East
60.73333,17.28333,EU-SCA,North,East
58.78333,17.46667,EU-SCA,North,East
60.33333,18.53333,EU-SCA,North,East
60.8,17.3,EU-SCA,North,East
56.1,15.63333,EU-SCA,North,East
62.9,18.33333,EU-SCA,North,East
56.03333,14.56667,EU-SCA,North,East
58.18333,16.93333,EU-SCA,North,East
60.6,17.93333,EU-SCA,North,East
57.0,18.4,EU-SCA,North,East
59.73333,19.16667,EU-SCA,North,East
62.1,17.46667,EU-SCA,North,East
56.23333,16.01667,EU-SCA,North,East
56.28333,12.5,EU-SCA,North,East
57.3755731,16.560002,EU-SCA,North,East
59.7139973,14.1698445,EU-SCA,North,East
58.35,11.26667,EU-SCA,North,East
61.51667,17.1,EU-SCA,North,East
59.03333,18.51667,EU-SCA,North,East
57.61667,16.66667,EU-SCA,North,East
58.21667,11.51667,EU-SCA,North,East
60.21667,18.65,EU-SCA,North,East
57.98333,16.81667,EU-SCA,North,East
57.1,18.4,EU-SCA,North,East
57.66667,11.65,EU-SCA,North,East
62.90968,17.81645,EU-SCA,North,East
55.95,12.75,EU-SCA,North,East
55.4,12.95,EU-SCA,North,East
59.66667,18.91667,EU-SCA,North,East
57.28333,16.61667,EU-SCA,North,East
56.1,14.7,EU-SCA,North,East
60.65,17.35,EU-SCA,North,East
58.2,16.85,EU-SCA,North,East
56.6,16.65,EU-SCA,North,East
61.0,17.25,EU-SCA,North,East
57.01667,12.33333,EU-SCA,North,East
56.15,15.08333,EU-SCA,North,East
58.23333,11.41667,EU-SCA,North,East
62.76667,17.95,EU-SCA,North,East
62.6,18.03333,EU-SCA,North,East
59.76667,19.03333,EU-SCA,North,East
60.63333,17.61667,EU-SCA,North,East
56.78333,16.73333,EU-SCA,North,East
57.11667,18.2,EU-SCA,North,East
64.3,21.31667,EU-SCA,North,East
58.66667,16.3,EU-SCA,North,East
58.48333,11.33333,EU-SCA,North,East
57.11667,12.23333,EU-SCA,North,East
58.01667,11.8,EU-SCA,North,East
64.21667,21.08333,EU-SCA,North,East
56.1,15.48333,EU-SCA,North,East
59.11667,18.65,EU-SCA,North,East
55.35,13.23333,EU-SCA,North,East
59.38333,18.68333,EU-SCA,North,East
56.93333,12.35,EU-SCA,North,East
58.81667,11.21667,EU-SCA,North,East
56.26667,16.4,EU-SCA,North,East
57.5,18.11667,EU-SCA,North,East
55.85,14.23333,EU-SCA,North,East
60.71667,17.26667,EU-SCA,North,East
57.7,11.68333,EU-SCA,North,East
56.13333,15.31667,EU-SCA,North,East
56.31667,16.53333,EU-SCA,North,East
57.88333,16.68333,EU-SCA,North,East
56.83333,12.55,EU-SCA,North,East
58.28333,16.98333,EU-SCA,North,East
56.78333,16.41667,EU-SCA,North,East
59.28333,19.03333,EU-SCA,North,East
63.18333,18.9,EU-SCA,North,East
57.38333,12.01667,EU-SCA,North,East
64.4,21.48333,EU-SCA,North,East
60.5,18.01667,EU-SCA,North,East
58.9,11.16667,EU-SCA,North,East
58.18333,11.4,EU-SCA,North,East
56.63333,12.78333,EU-SCA,North,East
56.15,15.06667,EU-SCA,North,East
62.0,17.4,EU-SCA,North,East
57.56667,16.66667,EU-SCA,North,East
56.01667,14.83333,EU-SCA,North,East
57.68333,16.75,EU-SCA,North,East
58.71667,17.48333,EU-SCA,North,East
58.61667,16.98333,EU-SCA,North,East
56.58333,16.23333,EU-SCA,North,East
58.5527998,11.2713546,EU-SCA,North,East
58.4,11.56667,EU-SCA,North,East
58.55,11.26667,EU-SCA,North,East
57.16667,18.33333,EU-SCA,North,East
57.41667,18.91667,EU-SCA,North,East
56.0464674,12.6945121,EU-SCA,North,East
58.25,11.68333,EU-SCA,North,East
62.71667,18.06667,EU-SCA,North,East
58.75,17.3,EU-SCA,North,East
62.9,18.3,EU-SCA,North,East
57.7,11.66667,EU-SCA,North,East
56.11667,15.45,EU-SCA,North,East
57.45,12.06667,EU-SCA,North,East
57.91667,18.75,EU-SCA,North,East
65.58333,22.6,EU-SCA,North,East
59.38333,19.01667,EU-SCA,North,East
58.11667,11.65,EU-SCA,North,East
56.23333,12.73333,EU-SCA,North,East
58.6,11.25,EU-SCA,North,East
57.71667,11.71667,EU-SCA,North,East
57.68333,11.65,EU-SCA,North,East
58.25,16.91667,EU-SCA,North,East
60.76667,17.31667,EU-SCA,North,East
58.05,11.53333,EU-SCA,North,East
56.1,15.46667,EU-SCA,North,East
55.41667,12.93333,EU-SCA,North,East
63.8,20.86667,EU-SCA,North,East
56.01667,14.7,EU-SCA,North,East
61.93333,17.21667,EU-SCA,North,East
58.38333,11.56667,EU-SCA,North,East
57.38333,16.55,EU-SCA,North,East
55.38333,13.55,EU-SCA,North,East
57.95,16.78333,EU-SCA,North,East
58.25,17.0,EU-SCA,North,East
56.08333,15.76667,EU-SCA,North,East
57.83333,16.75,EU-SCA,North,East
57.73333,11.66667,EU-SCA,North,East
60.53333,17.73333,EU-SCA,North,East
57.21667,18.6,EU-SCA,North,East
58.58333,11.21667,EU-SCA,North,East
58.63333,17.03333,EU-SCA,North,East
57.83333,19.03333,EU-SCA,North,East
61.33333,17.18333,EU-SCA,North,East
56.05,14.76667,EU-SCA,North,East
58.03333,11.76667,EU-SCA,North,East
58.11667,11.45,EU-SCA,North,East
58.36667,11.3,EU-SCA,North,East
57.71667,16.76667,EU-SCA,North,East
60.88333,17.28333,EU-SCA,North,East
60.86667,17.28333,EU-SCA,North,East
56.05,15.76667,EU-SCA,North,East
59.48333,18.75,EU-SCA,North,East
58.38333,11.43333,EU-SCA,North,East
63.85,20.68333,EU-SCA,North,East
58.83333,17.91667,EU-SCA,North,East
63.43333,19.68333,EU-SCA,North,East
58.63333,16.45,EU-SCA,North,East
58.61667,13.01667,EU-SCA,North,East
60.13333,18.51667,EU-SCA,North,East
62.23333,17.61667,EU-SCA,North,East
65.45,22.4,EU-SCA,North,East
56.16667,15.41667,EU-SCA,North,East
56.13333,14.98333,EU-SCA,North,East
58.51667,16.83333,EU-SCA,North,East
57.58333,16.66667,EU-SCA,North,East
62.3,17.46667,EU-SCA,North,East
59.11667,18.41667,EU-SCA,North,East
55.38333,14.06667,EU-SCA,North,East
57.11667,16.28333,EU-SCA,North,East
55.4,12.98333,EU-SCA,North,East
58.11667,11.36667,EU-SCA,North,East
56.81667,16.83333,EU-SCA,North,East
64.33333,21.36667,EU-SCA,North,East
65.8,23.3,EU-SCA,North,East
58.53333,11.25,EU-SCA,North,East
55.68333,14.26667,EU-SCA,North,East
59.0,11.45,EU-SCA,North,East
57.75,11.65,EU-SCA,North,East
59.5,19.16667,EU-SCA,North,East
56.16667,15.56667,EU-SCA,North,East
61.36667,17.23333,EU-SCA,North,East
57.58333,11.93333,EU-SCA,North,East
64.33333,21.36667,EU-SCA,North,East
56.66667,16.36667,EU-SCA,North,East
61.1,17.26667,EU-SCA,North,East
58.05,16.81667,EU-SCA,North,East
58.76667,11.21667,EU-SCA,North,East
60.53333,18.0,EU-SCA,North,East
65.85,22.36667,EU-SCA,North,East
57.75,11.65,EU-SCA,North,East
56.16667,15.66667,EU-SCA,North,East
56.53333,16.21667,EU-SCA,North,East
58.9,11.05,EU-SCA,North,East
56.88333,16.71667,EU-SCA,North,East
58.65,11.28333,EU-SCA,North,East
61.56667,17.33333,EU-SCA,North,East
63.5,19.75,EU-SCA,North,East
56.25,16.06667,EU-SCA,North,East
58.21667,16.91667,EU-SCA,North,East
56.05,14.76667,EU-SCA,North,East
57.68333,11.71667,EU-SCA,North,East
63.75,20.38333,EU-SCA,North,East
58.36667,16.88333,EU-SCA,North,East
58.7,11.21667,EU-SCA,North,East
58.2,16.88333,EU-SCA,North,East
56.15,15.38333,EU-SCA,North,East
60.61667,17.43333,EU-SCA,North,East
61.7,17.51667,EU-SCA,North,East
58.23333,11.58333,EU-SCA,North,East
57.869754,11.9740317,EU-SCA,North,East
56.15,14.78333,EU-SCA,North,East
58.63333,16.63333,EU-SCA,North,East
57.3,16.51667,EU-SCA,North,East
57.71667,11.68333,EU-SCA,North,East
65.8,23.18333,EU-SCA,North,East
55.43333,14.23333,EU-SCA,North,East
55.9,12.68333,EU-SCA,North,East
61.75,17.38333,EU-SCA,North,East
58.75,17.56667,EU-SCA,North,East
60.65,17.55,EU-SCA,North,East
57.85,11.63333,EU-SCA,North,East
59.45,18.91667,EU-SCA,North,East
64.88333,21.21667,EU-SCA,North,East
58.63333,11.28333,EU-SCA,North,East
58.75,17.86667,EU-SCA,North,East
57.95,19.08333,EU-SCA,North,East
62.23333,17.65,EU-SCA,North,East
56.33333,12.75,EU-SCA,North,East
57.45,11.91667,EU-SCA,North,East
56.18333,12.55,EU-SCA,North,East
57.78333,18.98333,EU-SCA,North,East
57.66667,11.85,EU-SCA,North,East
59.08333,18.28333,EU-SCA,North,East
57.65,16.65,EU-SCA,North,East
55.43333,12.95,EU-SCA,North,East
58.43333,16.76667,EU-SCA,North,East
57.83333,18.51667,EU-SCA,North,East
58.88333,11.13333,EU-SCA,North,East
58.21667,11.91667,EU-SCA,North,East
57.31667,18.71667,EU-SCA,North,East
56.1,14.71667,EU-SCA,North,East
58.3,11.36667,EU-SCA,North,East
59.05,11.16667,EU-SCA,North,East
61.93333,17.33333,EU-SCA,North,East
61.95,17.3,EU-SCA,North,East
65.53333,22.55,EU-SCA,North,East
59.4,19.2,EU-SCA,North,East
59.41667,18.9,EU-SCA,North,East
63.55,19.4,EU-SCA,North,East
64.3,21.25,EU-SCA,North,East
59.56667,18.7,EU-SCA,North,East
56.06667,14.7,EU-SCA,North,East
61.2213499,17.1890622,EU-SCA,North,East
65.7555485,22.8028526,EU-SCA,North,East
60.33333,18.58333,EU-SCA,North,East
58.95,17.76667,EU-SCA,North,East
57.16667,17.0,EU-SCA,North,East
58.85,17.55,EU-SCA,North,East
59.3140221,18.022111,EU-SCA,North,East
65.41667,21.85,EU-SCA,North,East
58.18333,11.41667,EU-SCA,North,East
56.98333,16.46667,EU-SCA,North,East
56.6,12.93333,EU-SCA,North,East
58.28333,11.53333,EU-SCA,North,East
58.21667,11.9,EU-SCA,North,East
58.1,11.53333,EU-SCA,North,East
60.25,18.53333,EU-SCA,North,East
61.15,17.15,EU-SCA,North,East
55.76667,14.15,EU-SCA,North,East
57.65,16.7,EU-SCA,North,East
56.3,12.8,EU-SCA,North,East
61.95,17.35,EU-SCA,North,East
65.76667,23.2,EU-SCA,North,East
58.06667,11.66667,EU-SCA,North,East
62.98333,18.41667,EU-SCA,North,East
59.0,17.66667,EU-SCA,North,East
58.35,16.73333,EU-SCA,North,East
57.81667,16.68333,EU-SCA,North,East
58.93333,11.13333,EU-SCA,North,East
55.41667,13.61667,EU-SCA,North,East
58.71667,17.16667,EU-SCA,North,East
63.21667,18.95,EU-SCA,North,East
65.28459,21.52439,EU-SCA,North,East
58.63333,11.25,EU-SCA,North,East
57.35,17.08333,EU-SCA,North,East
63.15,18.53333,EU-SCA,North,East
59.2,18.7,EU-SCA,North,East
57.23333,18.66667,EU-SCA,North,East
57.61667,11.9,EU-SCA,North,East
63.56667,19.81667,EU-SCA,North,East
56.11667,15.65,EU-SCA,North,East
58.33333,16.85,EU-SCA,North,East
62.06667,17.43333,EU-SCA,North,East
63.86667,20.73333,EU-SCA,North,East
58.3,11.41667,EU-SCA,North,East
65.8,23.93333,EU-SCA,North,East
57.3,11.9,EU-SCA,North,East
59.35,18.4,EU-SCA,North,East
57.65,16.7,EU-SCA,North,East
57.13333,12.21667,EU-SCA,North,East
56.45,12.68333,EU-SCA,North,East
56.0,14.73333,EU-SCA,North,East
65.4,21.51667,EU-SCA,North,East
60.03333,18.85,EU-SCA,North,East
58.9,11.01667,EU-SCA,North,East
62.98333,18.53333,EU-SCA,North,East
63.55272,19.87607,EU-SCA,North,East
56.11667,14.66667,EU-SCA,North,East
58.933,17.967,EU-SCA,North,East
57.66667,16.68333,EU-SCA,North,East
57.98333,11.55,EU-SCA,North,East
56.25,12.53333,EU-SCA,North,East
58.8,17.38333,EU-SCA,North,East
58.91667,11.13333,EU-SCA,North,East
57.61667,16.71667,EU-SCA,North,East
57.01667,16.5,EU-SCA,North,East
59.55,18.8,EU-SCA,North,East
57.63333,11.86667,EU-SCA,North,East
55.45,14.26667,EU-SCA,North,East
58.38333,11.36667,EU-SCA,North,East
60.26667,18.65,EU-SCA,North,East
58.38333,11.31667,EU-SCA,North,East
59.05,18.43333,EU-SCA,North,East
57.56667,16.76667,EU-SCA,North,East
56.13333,15.76667,EU-SCA,North,East
63.81667,20.7,EU-SCA,North,East
58.65,11.23333,EU-SCA,North,East
55.35,13.35,EU-SCA,North,East
56.0,14.65,EU-SCA,North,East
60.61667,17.45,EU-SCA,North,East
62.46667,17.66667,EU-SCA,North,East
58.26667,11.5,EU-SCA,North,East
56.96667,16.36667,EU-SCA,North,East
65.8,22.9,EU-SCA,North,East
65.23333,21.51667,EU-SCA,North,East
61.35,17.33333,EU-SCA,North,East
62.71667,18.13333,EU-SCA,North,East
58.26667,11.83333,EU-SCA,North,East
65.83333,22.3,EU-SCA,North,East
58.85,11.18333,EU-SCA,North,East
58.2,11.45,EU-SCA,North,East
57.38333,11.93333,EU-SCA,North,East
59.75,19.08333,EU-SCA,North,East
59.43333,18.33333,EU-SCA,North,East
56.23333,12.66667,EU-SCA,North,East
65.01667,21.38333,EU-SCA,North,East
65.33333,21.63333,EU-SCA,North,East
58.8,11.16667,EU-SCA,North,East
58.73333,17.3,EU-SCA,North,East
64.51667,21.38333,EU-SCA,North,East
65.8,23.25,EU-SCA,North,East
58.73333,17.45,EU-SCA,North,East
58.4,16.88333,EU-SCA,North,East
59.6,19.16667,EU-SCA,North,East
59.6,19.16667,EU-SCA,North,East
57.36667,11.98333,EU-SCA,North,East
65.8,22.6,EU-SCA,North,East
57.76667,11.61667,EU-SCA,North,East
57.18333,12.2,EU-SCA,North,East
58.06667,11.65,EU-SCA,North,East
59.43333,18.91667,EU-SCA,North,East
58.83333,11.06667,EU-SCA,North,East
58.85,11.18333,EU-SCA,North,East
58.23333,11.86667,EU-SCA,North,East
57.16667,16.53333,EU-SCA,North,East
63.73333,20.53333,EU-SCA,North,East
56.8,16.35,EU-SCA,North,East
57.28333,12.13333,EU-SCA,North,East
57.16667,17.05,EU-SCA,North,East
65.85,23.5,EU-SCA,North,East
56.1,15.86667,EU-SCA,North,East
65.83333,23.66667,EU-SCA,North,East
57.36667,12.0,EU-SCA,North,East
59.35,18.6,EU-SCA,North,East
58.88333,11.13333,EU-SCA,North,East
58.76667,17.48333,EU-SCA,North,East
58.66667,16.4,EU-SCA,North,East
56.16667,15.23333,EU-SCA,North,East
59.56667,18.78333,EU-SCA,North,East
59.32505,18.26394,EU-SCA,North,East
64.58333,21.3,EU-SCA,North,East
61.9,17.35,EU-SCA,North,East
57.96667,11.55,EU-SCA,North,East
58.01667,14.18333,EU-SCA,North,East
60.31667,18.53333,EU-SCA,North,East
59.28333,18.91667,EU-SCA,North,East
59.2878703,18.9108304,EU-SCA,North,East
57.81667,16.76667,EU-SCA,North,East
57.06667,16.85,EU-SCA,North,East
55.5089084,13.2371097,EU-SCA,North,East
58.96667,11.13333,EU-SCA,North,East
56.13333,15.75,EU-SCA,North,East
56.8,12.61667,EU-SCA,North,East
57.8,11.75,EU-SCA,North,East
58.3,16.86667,EU-SCA,North,East
58.0,16.73333,EU-SCA,North,East
57.9,16.8,EU-SCA,North,East
61.85,17.3,EU-SCA,North,East
56.78333,16.45,EU-SCA,North,East
58.28333,11.68333,EU-SCA,North,East
57.86667,16.81667,EU-SCA,North,East
55.4,13.46667,EU-SCA,North,East
60.58333,17.81667,EU-SCA,North,East
63.76667,20.45,EU-SCA,North,East
60.18333,18.75,EU-SCA,North,East
65.85,22.68333,EU-SCA,North,East
60.66667,17.28333,EU-SCA,North,East
61.16667,17.33333,EU-SCA,North,East
57.36667,18.8,EU-SCA,North,East
58.08333,11.71667,EU-SCA,North,East
63.2,19.01667,EU-SCA,North,East
60.26667,18.61667,EU-SCA,North,East
56.26667,12.85,EU-SCA,North,East
55.46667,14.28333,EU-SCA,North,East
57.66667,11.85,EU-SCA,North,East
56.68333,12.68333,EU-SCA,North,East
58.53333,11.28333,EU-SCA,North,East
57.7,18.35,EU-SCA,North,East
58.26667,11.76667,EU-SCA,North,East
57.3,16.5,EU-SCA,North,East
57.43333,11.91667,EU-SCA,North,East
57.46667,16.7,EU-SCA,North,East
57.41667,16.65,EU-SCA,North,East
55.33333,13.36667,EU-SCA,North,East
55.65,14.28333,EU-SCA,North,East
56.65,16.33333,EU-SCA,North,East
58.63333,16.58333,EU-SCA,North,East
62.36667,17.4,EU-SCA,North,East
60.45,18.38333,EU-SCA,North,East
61.53333,17.2,EU-SCA,North,East
62.03333,17.43333,EU-SCA,North,East
58.4759013,16.3234307,EU-SCA,North,East
62.56667,17.95,EU-SCA,North,East
58.8,11.15,EU-SCA,North,East
59.7,18.86667,EU-SCA,North,East
62.36667,17.53333,EU-SCA,North,East
56.16667,15.21667,EU-SCA,North,East
63.8,20.58333,EU-SCA,North,East
55.38333,13.05,EU-SCA,North,East
58.3,11.38333,EU-SCA,North,East
56.75,12.65,EU-SCA,North,East
60.28333,18.63333,EU-SCA,North,East
65.73333,23.08333,EU-SCA,North,East
56.55,12.95,EU-SCA,North,East
56.75,16.53333,EU-SCA,North,East
61.38333,17.11667,EU-SCA,North,East
56.26667,12.61667,EU-SCA,North,East
56.41667,16.58333,EU-SCA,North,East
57.98333,16.75,EU-SCA,North,East
59.58333,18.96667,EU-SCA,North,East
59.35,18.95,EU-SCA,North,East
65.51667,22.51667,EU-SCA,North,East
56.91667,12.43333,EU-SCA,North,East
59.36667,17.21667,EU-SCA,North,East
65.55,22.23333,EU-SCA,North,East
58.21667,11.48333,EU-SCA,North,East
56.15,15.16667,EU-SCA,North,East
58.9,11.11667,EU-SCA,North,East
59.3670471,17.9663093,EU-SCA,North,East
58.85,17.55,EU-SCA,North,East
56.11667,15.9,EU-SCA,North,East
56.25,12.66667,EU-SCA,North,East
62.95,17.76667,EU-SCA,North,East
57.08333,16.56667,EU-SCA,North,East
59.4,18.78333,EU-SCA,North,East
58.81667,17.08333,EU-SCA,North,East
57.38333,18.88333,EU-SCA,North,East
58.86667,11.03333,EU-SCA,North,East
56.13333,15.36667,EU-SCA,North,East
63.83333,20.48333,EU-SCA,North,East
61.28333,17.23333,EU-SCA,North,East
60.55,17.76667,EU-SCA,North,East
59.75,19.13333,EU-SCA,North,East
62.43333,17.68333,EU-SCA,North,East
58.53333,11.26667,EU-SCA,North,East
57.61667,11.76667,EU-SCA,North,East
59.36667,18.98333,EU-SCA,North,East
58.86667,11.15,EU-SCA,North,East
57.93333,11.56667,EU-SCA,North,East
56.11667,15.61667,EU-SCA,North,East
57.9,11.71667,EU-SCA,North,East
57.43333,12.1,EU-SCA,North,East
56.96667,16.45,EU-SCA,North,East
58.4,16.73333,EU-SCA,North,East
56.1,15.83333,EU-SCA,North,East
58.3,11.71667,EU-SCA,North,East
58.35,16.78333,EU-SCA,North,East
61.1,17.2,EU-SCA,North,East
56.16667,14.96667,EU-SCA,North,East
56.11667,14.98333,EU-SCA,North,East
56.15,15.18333,EU-SCA,North,East
65.38333,21.76667,EU-SCA,North,East
57.05,12.26667,EU-SCA,North,East
63.13333,18.78333,EU-SCA,North,East
58.66667,11.26667,EU-SCA,North,East
59.45,18.8,EU-SCA,North,East
57.73333,11.73333,EU-SCA,North,East
58.85,17.23333,EU-SCA,North,East
62.43333,17.63333,EU-SCA,North,East
58.31667,16.9,EU-SCA,North,East
63.01667,18.66667,EU-SCA,North,East
57.4,12.1,EU-SCA,North,East
63.26667,19.08333,EU-SCA,North,East
56.05,15.8,EU-SCA,North,East
60.61667,17.4,EU-SCA,North,East
56.03333,15.78333,EU-SCA,North,East
55.95,15.7,EU-SCA,North,East
58.96667,18.33333,EU-SCA,North,East
56.1,15.7,EU-SCA,North,East
60.75,17.35,EU-SCA,North,East
58.76667,11.2,EU-SCA,North,East
56.06667,14.53333,EU-SCA,North,East
57.107118,12.2520907,EU-SCA,North,East
56.9,16.88333,EU-SCA,North,East
57.18333,16.46667,EU-SCA,North,East
56.95,18.31667,EU-SCA,North,East
57.83333,11.7,EU-SCA,North,East
57.95,16.81667,EU-SCA,North,East
63.6,19.85,EU-SCA,North,East
56.21667,12.78333,EU-SCA,North,East
56.31667,12.76667,EU-SCA,North,East
58.75,11.16667,EU-SCA,North,East
57.58333,16.7,EU-SCA,North,East
61.21667,17.21667,EU-SCA,North,East
58.36667,11.45,EU-SCA,North,East
57.25,12.11667,EU-SCA,North,East
59.08333,18.6,EU-SCA,North,East
55.73333,12.96667,EU-SCA,North,East
56.05,14.55,EU-SCA,North,East
58.38333,11.26667,EU-SCA,North,East
56.16667,15.63333,EU-SCA,North,East
56.05,14.88333,EU-SCA,North,East
57.48333,11.93333,EU-SCA,North,East
57.11667,16.6,EU-SCA,North,East
58.9,11.01667,EU-SCA,North,East
56.48333,16.15,EU-SCA,North,East
57.51667,16.68333,EU-SCA,North,East
57.56667,11.78333,EU-SCA,North,East
58.4,16.85,EU-SCA,North,East
56.03333,14.58333,EU-SCA,North,East
58.35,16.88333,EU-SCA,North,East
57.45,18.15,EU-SCA,North,East
55.7,14.21667,EU-SCA,North,East
59.7,18.96667,EU-SCA,North,East
59.81667,18.95,EU-SCA,North,East
59.05,18.16667,EU-SCA,North,East
57.96667,16.8,EU-SCA,North,East
64.66667,21.11667,EU-SCA,North,East
56.1,15.78333,EU-SCA,North,East
59.61667,18.86667,EU-SCA,North,East
58.95,18.01667,EU-SCA,North,East
45.9974545,13.5270951,EU-ADR,North,East
46.4167,14.0667,EU-ADR,North,East
46.1696293,14.6907259,EU-ADR,North,East
46.5167,16.05,EU-EEU,North,East
46.8,16.0333,EU-EEU,North,East
45.4667,13.6167,EU-ADR,North,East
46.2167,14.2,EU-ADR,North,East
46.1667,13.7167,EU-ADR,North,East
46.1833,14.8667,EU-EEU,North,East
46.2833,15.3,EU-EEU,North,East
46.2333,14.95,EU-EEU,North,East
45.65,14.0167,EU-ADR,North,East
46.5833,15.2333,EU-EEU,North,East
46.1833,14.3167,EU-ADR,North,East
46.05,15.3667,EU-EEU,North,East
46.1333,15.0,EU-EEU,North,East
45.85,14.8333,EU-ADR,North,East
46.3833,16.0333,EU-EEU,North,East
45.9667,15.5333,EU-EEU,North,East
46.2667,15.7833,EU-EEU,North,East
46.2667,14.2833,EU-ADR,North,East
46.5167,15.75,EU-EEU,North,East
46.3333,15.65,EU-EEU,North,East
46.4167,15.6,EU-EEU,North,East
46.6667,15.7667,EU-EEU,North,East
46.3833,14.4667,EU-ADR,North,East
46.6333,15.75,EU-EEU,North,East
46.3167,15.9333,EU-EEU,North,East
46.0833,15.1667,EU-EEU,North,East
46.4,14.1333,EU-ADR,North,East
45.8333,14.9167,EU-EEU,North,East
46.1919247,13.7797783,EU-ADR,North,East
78.0667,14.2,EU-SCA,North,East
78.2167,15.6333,EU-SCA,North,East
78.9333,11.95,EU-SCA,North,East
77.85,16.65,EU-SCA,North,East
48.3559471,17.7969033,EU-EEU,North,East
48.2,17.7167,EU-EEU,North,East
47.9,17.9833,EU-EEU,North,East
48.05,17.35,EU-EEU,North,East
48.45,21.6833,EU-EEU,North,East
47.85,18.1167,EU-EEU,North,East
48.2167,18.0667,EU-EEU,North,East
49.05,20.3,EU-EEU,North,East
48.3667,19.5167,EU-EEU,North,East
48.7,21.3333,EU-EEU,North,East
48.3667,17.75,EU-EEU,North,East
49.0,20.3667,EU-EEU,North,East
49.2333,18.8,EU-EEU,North,East
48.2833,18.5333,EU-EEU,North,East
48.3667,17.5833,EU-EEU,North,East
48.8667,18.8667,EU-EEU,North,East
48.8167,19.5833,EU-EEU,North,East
48.2,19.45,EU-EEU,North,East
48.5833,18.8667,EU-EEU,North,East
48.130556,17.145,EU-EEU,North,East
48.333,17.317,EU-EEU,North,East
43.95,12.4,EU-ADR,North,East
46.75,36.7667,EU-BLA,North,East
46.1833,30.3667,EU-BLA,North,East
46.3167,30.6667,EU-BLA,North,East
45.3167,28.85,EU-BLA,North,East
46.6167,32.6167,EU-BLA,North,East
45.4333,29.2667,EU-BLA,North,East
47.05,37.5,EU-BLA,North,East
46.9333,32.0,EU-BLA,North,East
46.5,30.75,EU-BLA,North,East
46.8333,31.95,EU-BLA,North,East
46.6,31.0167,EU-BLA,North,East
45.4167,28.2833,EU-BLA,North,East
46.1,32.9,EU-BLA,North,East
49.05,33.2333,EU-BLA,North,East
45.4667,29.7,EU-BLA,North,East
47.8167,35.1667,EU-BLA,North,East
46.6,31.567,EU-BLA,North,East
45.4,29.583,EU-BLA,North,East
36.140751,-5.353585,EU-SEU,North,West
-16.6,11.7333,AF-SAF,South,East
-7.5333,12.1667,AF-SAF,South,East
-7.6333,11.6833,AF-SAF,South,East
-7.8333,12.1167,AF-SAF,South,East
-5.85,13.4333,AF-WAF,South,East
-14.833,12.233,AF-SAF,South,East
-8.4162307,13.7289167,AF-SAF,South,East
-5.5775197,12.1927103,AF-WAF,South,East
-7.983,13.167,AF-SAF,South,East
-12.983,12.983,AF-SAF,South,East
-7.683,11.783,AF-SAF,South,East
-12.9498166,13.0990809,AF-SAF,South,East
-6.333,12.167,AF-WAF,South,East
-12.617,13.2,AF-SAF,South,East
-5.45,12.183,AF-WAF,South,East
-5.433,11.483,AF-WAF,South,East
-5.2380661,12.1461203,AF-WAF,South,East
-8.8146556,13.2301756,AF-SAF,South,East
-6.983,12.35,AF-SAF,South,East
-12.3757287,13.5610451,AF-SAF,South,East
-13.8655608,12.5269347,AF-SAF,South,East
-15.1978317,12.1575544,AF-SAF,South,East
-7.267,12.85,AF-SAF,South,East
-10.7330115,13.7694692,AF-SAF,South,East
-15.133,12.133,AF-SAF,South,East
-14.25,12.333,AF-SAF,South,East
-6.083,12.383,AF-WAF,South,East
-6.1410265,12.3521148,AF-WAF,South,East
12.5833,-1.3,AF-WAF,North,West
-2.9107321,29.1262613,AF-EAF,South,East
6.4833,2.6167,AF-WAF,North,East
6.3702928,2.3912362,AF-WAF,North,East
-20.5833,26.5333,AF-SAF,South,East
-23.1,26.8333,AF-SAF,South,East
-5.8396417,13.0702646,AF-WAF,South,East
-5.8508719,13.4627375,AF-WAF,South,East
-1.2167,16.8,AF-WAF,South,East
-4.8,11.85,AF-WAF,South,East
5.3333,-4.0167,AF-WAF,North,West
5.1167,-3.2833,AF-WAF,North,West
4.95,-4.55,AF-WAF,North,West
5.3167,-4.3667,AF-WAF,North,West
5.0833,-5.5667,AF-WAF,North,West
5.4667,-5.5833,AF-WAF,North,West
5.1333,-5.0167,AF-WAF,North,West
5.2,-4.4167,AF-WAF,North,West
5.25,-3.9667,AF-WAF,North,West
4.7333,-6.6167,AF-WAF,North,West
5.067,-4.383,AF-WAF,North,West
9.3,13.4,AF-WAF,North,East
4.6333,9.4333,AF-WAF,North,East
4.0167,9.2167,AF-WAF,North,East
4.0510564,9.7678687,AF-WAF,North,East
2.9405941,9.9101915,AF-WAF,North,East
16.8833,-25.0,AF-WAF,North,West
16.8667,-25.0,AF-WAF,North,West
14.93305,-23.5133267,AF-WAF,North,West
11.5833,43.1333,AF-EAF,North,East
11.5975178,43.1051567,AF-EAF,North,East
36.75,3.05,AF-NAF,North,East
35.8667,-0.3167,AF-NAF,North,West
35.2833,-1.3833,AF-NAF,North,West
35.8,-0.2667,AF-NAF,North,West
36.6,2.2,AF-NAF,North,East
37.0167,6.55,AF-NAF,North,East
36.9167,3.8833,AF-NAF,North,East
32.4833,3.6667,AF-NAF,North,East
35.1,-1.85,AF-NAF,North,West
36.4833,5.2667,AF-NAF,North,East
35.6833,-0.6333,AF-NAF,North,West
36.7333,3.2833,AF-NAF,North,East
36.5167,1.3167,AF-NAF,North,East
34.8667,-1.3,AF-NAF,North,West
36.9264582,7.7525352,AF-MED,North,East
36.7508896,5.0567333,AF-NAF,North,East
36.8221505,5.8855146,AF-NAF,North,East
36.0131235,0.1401381,AF-NAF,North,East
35.6970697,-0.6307988,AF-NAF,North,West
36.8715199,6.9101806,AF-MED,North,East
36.867,6.9,AF-MED,North,East
35.4,8.117,AF-MED,North,East
29.05,33.1,ME-MID,North,East
29.8667,32.4667,ME-MID,North,East
30.0,31.2167,ME-MID,North,East
26.1,34.2833,ME-MID,North,East
29.9667,32.5167,ME-MID,North,East
27.1833,31.1833,ME-MID,North,East
29.9274548,32.4014193,ME-MID,North,East
31.4167,31.8167,ME-MID,North,East
31.1833,29.9167,AF-MED,North,East
30.05,31.25,ME-MID,North,East
28.2333,33.6167,ME-MID,North,East
27.3833,33.6667,ME-MID,North,East
30.3167,32.3167,ME-MID,North,East
31.3667,27.2333,AF-MED,North,East
30.05,31.3667,ME-MID,North,East
30.0333,31.4333,ME-MID,North,East
28.9667,34.65,ME-MID,North,East
31.2167,32.35,ME-MID,North,East
30.1667,31.2,ME-MID,North,East
31.4,30.4,AF-MED,North,East
27.8667,34.2833,ME-MID,North,East
30.5666722406,32.4465671144,ME-MID,North,East
29.6325617,32.3300171,ME-MID,North,East
31.083,30.467,AF-MED,North,East
29.067,31.083,ME-MID,North,East
31.41667,31.8,ME-MID,North,East
31.123045,29.8178676,AF-MED,North,East
26.820553,30.802498,ME-MID,North,East
22.22043,36.641239,ME-MID,North,East
26.2086111,34.0375,ME-MID,North,East
27.2578957,33.8116067,ME-MID,North,East
31.3,30.3,AF-MED,North,East
29.733,31.283,ME-MID,North,East
31.2652893,32.3018661,ME-MID,North,East
31.25,32.28333,ME-MID,North,East
28.933,33.117,ME-MID,North,East
29.6,32.667,ME-MID,North,East
29.5,34.0,ME-MID,North,East
31.3,31.133,AF-MED,North,East
29.65,32.35,ME-MID,North,East
13.0,42.7333,AF-EAF,North,East
15.6,39.45,AF-EAF,North,East
0.4161976,9.4672676,AF-WAF,North,East
-0.7351026,8.7591311,AF-WAF,South,East
13.4,-16.7,AF-WAF,North,West
13.4548761,-16.5790323,AF-WAF,North,West
10.75,-14.55,AF-WAF,North,West
10.5167,-14.7167,AF-WAF,North,West
10.65,-14.6167,AF-WAF,North,West
10.233,-14.467,AF-WAF,North,West
10.183,-14.033,AF-WAF,North,West
9.6411855,-13.5784012,AF-WAF,North,West
9.783,-13.5,AF-WAF,North,West
10.85,-14.5,AF-WAF,North,West
10.667,-14.583,AF-WAF,North,West
3.7833,8.7167,AF-WAF,North,East
1.8533177,9.7790227,AF-WAF,North,East
3.4590145,8.5528746,AF-WAF,North,East
3.7549606,8.7821344,AF-WAF,North,East
11.85,-15.5833,AF-WAF,North,West
11.5833,-15.4667,AF-WAF,North,West
11.2833,-15.8333,AF-WAF,North,West
12.2667,-16.15,AF-WAF,North,West
12.3833,-15.35,AF-WAF,North,West
12.4833,-15.2167,AF-WAF,North,West
-4.65,39.3833,AF-EAF,South,East
0.0667,34.2833,AF-EAF,North,East
-4.05,39.64,AF-EAF,South,East
-12.25,44.4167,AF-ISL,South,East
-12.15,44.3833,AF-ISL,South,East
-11.7172157,43.2473146,AF-ISL,South,East
4.3667,-7.7167,AF-WAF,North,West
6.3,-10.8,AF-WAF,North,West
5.4667,-9.5833,AF-WAF,North,West
6.75,-11.366667,AF-WAF,North,West
32.65,14.2667,AF-MED,North,East
30.6333,18.3667,AF-MED,North,East
32.75,12.7167,AF-MED,North,East
31.7667,25.1,AF-MED,North,East
32.65,14.2667,AF-MED,North,East
32.1194242,20.0867909,AF-MED,North,East
32.76667,22.63333,AF-MED,North,East
32.767,22.633,AF-MED,North,East
30.41,19.57,AF-MED,North,East
32.6,15.35,AF-MED,North,East
32.3255884,15.0992556,AF-MED,North,East
32.8872094,13.1913383,AF-MED,North,East
32.0681759,23.941751,AF-MED,North,East
30.3333,-9.4833,AF-NAF,North,West
35.25,-3.9333,AF-NAF,North,West
30.45,-9.65,AF-NAF,North,West
33.5167,-6.6,AF-NAF,North,West
33.3667,-7.9833,AF-NAF,North,West
33.5833,-7.6,AF-NAF,North,West
33.25,-8.5,AF-NAF,North,West
31.4167,-9.5,AF-NAF,North,West
32.1667,-9.2667,AF-NAF,North,West
35.1167,-2.4,AF-NAF,North,West
33.6,-7.5667,AF-NAF,North,West
34.0333,-6.8,AF-NAF,North,West
34.6667,-5.9667,AF-NAF,North,West
35.7833,-5.8167,AF-NAF,North,West
35.5667,-5.3833,AF-NAF,North,West
30.4277547,-9.5981072,AF-NAF,North,West
26.133,-14.483,AF-WAF,North,West
35.1686165,-2.9275836,AF-NAF,North,West
35.7190842,-5.718547,AF-NAF,North,West
33.85,-7.033,AF-NAF,North,West
-25.0667,46.95,AF-ISL,South,East
-13.3333,48.25,AF-ISL,South,East
-12.3231349,49.2942833,AF-ISL,South,East
-13.3970988,48.2667279,AF-ISL,South,East
-15.6921494,46.3336857,AF-ISL,South,East
-23.3516191,43.6854936,AF-SAF,South,East
-18.1442811,49.3957836,AF-ISL,South,East
-18.1442811,49.3957836,AF-ISL,South,East
20.9425179,-17.0362272,AF-WAF,North,West
18.0735299,-15.9582372,AF-WAF,North,West
-20.2,57.4,AF-ISL,South,East
-19.6833,63.4167,AF-ISL,South,East
-20.3167,57.3667,AF-ISL,South,East
-20.1608912,57.5012222,AF-ISL,South,East
-14.0,34.5167,AF-SAF,South,East
-16.0667,35.1333,AF-SAF,South,East
-11.3333,40.35,AF-ISL,South,East
-19.8315949,34.8370183,AF-SAF,South,East
-14.5656065,40.6854309,AF-ISL,South,East
-25.969248,32.5731746,AF-SAF,South,East
-12.9732026,40.5178014,AF-ISL,South,East
-17.8502636,36.9218584,AF-SAF,South,East
7.2667,7.4,AF-WAF,North,East
9.081999,8.675277,AF-WAF,North,East
4.2167,8.3167,AF-WAF,North,East
6.45,3.4333,AF-WAF,North,East
4.2167,7.3833,AF-WAF,North,East
12.9833,7.5833,AF-WAF,North,East
4.3333,6.25,AF-WAF,North,East
4.7167,7.15,AF-WAF,North,East
6.7,3.2333,AF-WAF,North,East
3.517,5.517,AF-WAF,North,East
6.4446406,3.3640841,AF-WAF,North,East
4.783,5.283,AF-WAF,North,East
5.35,4.35,AF-WAF,North,East
6.433,4.0,AF-WAF,North,East
6.5243793,3.3792057,AF-WAF,North,East
4.017,7.283,AF-WAF,North,East
3.85,6.967,AF-WAF,North,East
2.833,8.0,AF-WAF,North,East
5.383,4.583,AF-WAF,North,East
4.815554,7.0498442,AF-WAF,North,East
6.4327968,3.3451886,AF-WAF,North,East
5.5543995,5.7932008,AF-WAF,North,East
-20.9333,55.2833,AF-ISL,South,East
-20.9333,55.3333,AF-ISL,South,East
-20.9,55.6,AF-ISL,South,East
-20.9239278,55.2882602,AF-ISL,South,East
-20.88333,55.53333,AF-ISL,South,East
-21.1281127,55.7934301,AF-ISL,South,East
-20.9,55.517,AF-ISL,South,East
-20.983,55.267,AF-ISL,South,East
-1.2833,30.3167,AF-EAF,South,East
-1.9535133,30.4386437,AF-EAF,South,East
-4.6167,55.45,AF-ISL,South,East
-4.6826693,55.480396,AF-ISL,South,East
-4.619143,55.4513149,AF-ISL,South,East
-7.95,-14.35,AF-WAF,South,West
-15.9167,-5.7,AF-SAF,South,West
8.4667,-13.1833,AF-WAF,North,West
8.4656765,-13.2317225,AF-WAF,North,West
16.0333,-16.5,AF-WAF,North,West
14.716677,-17.4676861,AF-WAF,North,West
2.7667,45.5167,AF-EAF,North,East
10.4347941,45.0139904,AF-EAF,North,East
-0.3560455,42.5460573,AF-EAF,South,East
2.0469343,45.3181623,AF-EAF,North,East
-26.5667,31.1833,AF-SAF,South,East
-27.1167,31.2,AF-SAF,South,East
-26.6167,31.45,AF-SAF,South,East
6.2333,1.6,AF-WAF,North,East
6.1256261,1.2254183,AF-WAF,North,East
36.4,10.6167,AF-MED,North,East
36.8833,10.3333,AF-MED,North,East
36.85,10.1833,AF-MED,North,East
36.7,10.4,AF-MED,North,East
35.2333,11.1,AF-MED,North,East
33.8833,10.1167,AF-MED,North,East
33.7,8.9667,AF-MED,North,East
35.6667,10.8333,AF-MED,North,East
35.5,11.05,AF-MED,North,East
36.7667,10.2667,AF-MED,North,East
36.6833,10.4833,AF-MED,North,East
33.5,11.1167,AF-MED,North,East
37.2767579,9.8641609,AF-MED,North,East
36.8345384,10.1622747,AF-MED,North,East
36.8200203,10.3020843,AF-MED,North,East
36.267,11.65,AF-MED,North,East
36.76667,10.28333,AF-MED,North,East
34.739822,10.7600196,AF-MED,North,East
35.8245029,10.634584,AF-MED,North,East
36.6,11.683,AF-MED,North,East
36.8064948,10.1815316,AF-MED,North,East
-6.8,39.2833,AF-EAF,South,East
-7.9833,39.0167,AF-EAF,South,East
-1.3001115,31.2626366,AF-EAF,South,East
-2.5167,32.9,AF-EAF,South,East
-5.0888751,39.1023228,AF-EAF,South,East
-6.1357295,39.3621196,AF-EAF,South,East
1.3,32.8667,AF-EAF,North,East
-12.8,45.2833,AF-ISL,South,East
-12.7167,45.1667,AF-ISL,South,East
-12.7833,45.2333,AF-ISL,South,East
-12.95,45.1,AF-ISL,South,East
-33.1333,18.1,AF-SAF,South,East
-33.9167,18.4167,AF-SAF,South,East
-33.4833,22.5333,AF-SAF,South,East
-29.85,31.0167,AF-SAF,South,East
-32.2833,26.4167,AF-SAF,South,East
-32.3,18.3167,AF-SAF,South,East
-25.7833,28.2833,AF-SAF,South,East
-34.6,19.3167,AF-SAF,South,East
-29.8833,31.0333,AF-SAF,South,East
-26.1667,28.2333,AF-SAF,South,East
-33.6667,26.65,AF-SAF,South,East
-33.7,18.7,AF-SAF,South,East
-31.2167,18.05,AF-SAF,South,East
-34.1333,18.3167,AF-SAF,South,East
-32.95,27.7667,AF-SAF,South,East
-29.8,30.8833,AF-SAF,South,East
-29.35,30.0,AF-SAF,South,East
-33.9167,18.4667,AF-SAF,South,East
-30.3833,30.7,AF-SAF,South,East
-31.05,30.2167,AF-SAF,South,East
-33.7667,25.6667,AF-SAF,South,East
-31.6333,29.5333,AF-SAF,South,East
-33.35,18.8667,AF-SAF,South,East
-34.15,19.9,AF-SAF,South,East
-26.245369,28.0154995,AF-SAF,South,East
-30.4167,30.6833,AF-SAF,South,East
-34.1833,18.4333,AF-SAF,South,East
-30.9167,30.3167,AF-SAF,South,East
-34.1167,18.8333,AF-SAF,South,East
-33.8667,19.0333,AF-SAF,South,East
-26.2,28.08333333,AF-SAF,South,East
-22.328474,24.684866,AF-SAF,South,East
-33.9,18.417,AF-SAF,South,East
-33.0291582,27.8545867,AF-SAF,South,East
-25.7,28.21667,AF-SAF,South,East
-4.567,30.1,AF-EAF,South,East
-33.9608369,25.6022423,AF-SAF,South,East
-28.7807276,32.0382856,AF-SAF,South,East
-33.76667,25.66667,AF-SAF,South,East
-16.5333,28.7167,AF-SAF,South,East
-20.5333,29.2833,AF-SAF,South,East
-20.9333,29.0,AF-SAF,South,East
-18.5333,32.1167,AF-SAF,South,East
-19.015438,29.154857,AF-SAF,South,East
-18.133,30.15,AF-SAF,South,East
5.62967,0.010285,AF-WAF,North,East
4.9015794,-1.7830973,AF-WAF,North,West
6.75,3.41667,AF-WAF,North,East
12.862807,30.217636,AF-EAF,North,East
19.5903471,37.1901616,AF-EAF,North,East
0.2602568,6.6210611,AF-WAF,North,East
-33.1167,-68.8833,SA-WSA,South,West
-34.0833,-60.1167,SA-ESA,South,West
-38.7167,-62.2833,SA-ESA,South,West
-34.5833,-58.6667,SA-ESA,South,West
-45.7484597,-67.3776343,SA-WSA,South,West
-34.15,-58.95,SA-ESA,South,West
-29.1667,-67.5,SA-WSA,South,West
-31.4833,-68.5333,SA-WSA,South,West
-32.2167,-58.1333,SA-ESA,South,West
-32.4833,-58.2333,SA-ESA,South,West
-32.9667,-68.75,SA-WSA,South,West
-34.65,-58.3333,SA-ESA,South,West
-33.0167,-58.5167,SA-ESA,South,West
-33.7333,-59.1667,SA-ESA,South,West
-33.35,-60.1333,SA-ESA,South,West
-38.7833,-62.2667,SA-ESA,South,West
-33.4667,-67.55,SA-WSA,South,West
-34.85,-57.8833,SA-ESA,South,West
-34.0167,-59.1167,SA-ESA,South,West
-28.2,-65.1333,SA-WSA,South,West
-34.5667,-59.1,SA-ESA,South,West
-33.05,-68.8667,SA-WSA,South,West
-32.95,-68.8167,SA-WSA,South,West
-38.05,-57.5333,SA-ESA,South,West
-25.4167,-66.3167,SA-WSA,South,West
-36.8833,-60.3333,SA-ESA,South,West
-34.6,-58.5167,SA-ESA,South,West
-31.7333,-60.5333,SA-ESA,South,West
-42.75,-65.0333,SA-ESA,South,West
-38.9333,-62.0667,SA-ESA,South,West
-41.7,-65.0,SA-ESA,South,West
-32.65,-60.7167,SA-ESA,South,West
-38.5333,-58.7,SA-ESA,South,West
-43.3,-65.1,SA-ESA,South,West
-51.6333,-69.2167,SA-WSA,South,West
-53.7833,-67.7,SA-WSA,South,West
-33.1833,-68.4667,SA-WSA,South,West
-32.95,-60.65,SA-ESA,South,West
-25.8,-64.9667,SA-WSA,South,West
-33.7667,-69.0333,SA-WSA,South,West
-49.3,-67.7167,SA-WSA,South,West
-33.0667,-68.4667,SA-WSA,South,West
-33.3333,-60.2333,SA-ESA,South,West
-33.6833,-59.1667,SA-ESA,South,West
-24.1833,-65.3,SA-WSA,South,West
-53.3,-68.4667,SA-WSA,South,West
-50.0167,-68.4167,SA-WSA,South,West
-31.6,-60.6833,SA-ESA,South,West
-33.25,-68.15,SA-WSA,South,West
-38.3833,-60.2833,SA-ESA,South,West
-26.8167,-65.2167,SA-WSA,South,West
-33.5667,-69.0167,SA-WSA,South,West
-54.8,-68.3,SA-WSA,South,West
-34.5167,-58.4833,SA-ESA,South,West
-33.2333,-60.3333,SA-ESA,South,West
-34.1,-59.0333,SA-ESA,South,West
-33.133,-60.433,SA-ESA,South,West
-27.4822998,-58.9334106,SA-ESA,South,West
-28.5,-59.05,SA-ESA,South,West
-27.45,-55.75,SA-ESA,South,West
-39.2879906,-65.6653976,SA-WSA,South,West
-31.0336304,-64.083252,SA-ESA,South,West
-36.033,-56.567,SA-ESA,South,West
-38.7025528,-62.3983345,SA-ESA,South,West
-33.9,-58.867,SA-ESA,South,West
-32.0697098,-60.6378708,SA-ESA,South,West
-34.529389,-58.5734048,SA-ESA,South,West
-32.65,-60.75,SA-ESA,South,West
-38.8904419,-62.0980415,SA-ESA,South,West
-25.3272942,-58.0982046,SA-ESA,South,West
-26.35,-54.683,SA-ESA,South,West
-38.778492,-62.3007698,SA-ESA,South,West
-29.017,-59.183,SA-ESA,South,West
-51.6191398,-69.0068739,SA-WSA,South,West
-36.833,-56.667,SA-ESA,South,West
-50.1178962,-68.4139341,SA-WSA,South,West
-25.967,-54.6,SA-ESA,South,West
-33.4864578,-60.0049095,SA-ESA,South,West
-52.8777163933,-68.7181378627,SA-WSA,South,West
-34.85,-57.933,SA-ESA,South,West
-32.65,-60.733,SA-ESA,South,West
-40.8,-64.733,SA-ESA,South,West
-34.2934341,-60.2504234,SA-ESA,South,West
-27.333,-55.583,SA-ESA,South,West
-34.4430618,-58.5579643,SA-ESA,South,West
-27.267,-55.567,SA-ESA,South,West
-27.9166698,-64.4833298,SA-WSA,South,West
-32.717,-60.733,SA-ESA,South,West
-32.683,-58.883,SA-ESA,South,West
-31.233,-59.983,SA-ESA,South,West
-33.6754417,-65.4580688,SA-WSA,South,West
-30.7038841,-64.0653076,SA-ESA,South,West
-33.682003,-59.6651649,SA-ESA,South,West
-16.15,-69.0833,SA-WSA,South,West
-16.5833,-68.8667,SA-WSA,South,West
-16.1667,-68.7333,SA-WSA,South,West
-20.0333,-57.9667,SA-ESA,South,West
-16.2667,-68.6333,SA-WSA,South,West
-17.7833,-57.7667,SA-ESA,South,West
-16.290154,-63.588653,SA-WSA,South,West
-18.95,-57.8,SA-ESA,South,West
-10.9833,-66.1,SA-ESA,South,West
-14.4667,-67.5667,SA-WSA,South,West
-14.8333,-64.9,SA-WSA,South,West
-15.75,-69.067,SA-WSA,South,West
-19.15,-45.45,SA-ESA,South,West
-1.7,-48.9,NAE-CEN,South,West
-26.5667,-52.3333,SA-ESA,South,West
-21.8333,-41.0,SA-ESA,South,West
-12.1333,-38.4167,SA-ESA,South,West
-7.4333,-34.9,SA-ESA,South,West
-20.8667,-46.3833,SA-ESA,South,West
-2.6667,-44.35,NAE-CEN,South,West
-23.0,-44.3,SA-ESA,South,West
-4.95,-37.1333,SA-ESA,South,West
-5.0833,-37.6167,SA-ESA,South,West
-19.85,-40.05,SA-ESA,South,West
-10.9,-37.05,SA-ESA,South,West
-1.45,-48.5,NAE-CEN,South,West
-1.6667,-50.4833,NAE-CEN,South,West
-6.9667,-34.8333,SA-ESA,South,West
-22.4833,-42.65,SA-ESA,South,West
-26.9833,-48.6333,SA-ESA,South,West
-23.0167,-47.5167,SA-ESA,South,West
-9.3833,-41.1667,SA-ESA,South,West
-5.6333,-35.4167,SA-ESA,South,West
-3.8333,-62.0833,SA-ESA,South,West
-8.9833,-39.9,SA-ESA,South,West
-12.6167,-38.3,SA-ESA,South,West
-22.8542299,-46.3189034,SA-ESA,South,West
-3.85,-32.4167,SA-ESA,South,West
-27.5833,-48.5667,SA-ESA,South,West
-22.9667,-42.0333,SA-ESA,South,West
-5.1,-36.3167,SA-ESA,South,West
-25.9167,-48.5833,SA-ESA,South,West
-8.4,-35.05,SA-ESA,South,West
-20.25,-43.8,SA-ESA,South,West
-3.1333,-58.4333,SA-ESA,South,West
-22.8667,-43.7833,SA-ESA,South,West
-21.0167,-40.8333,SA-ESA,South,West
-26.1167,-48.6,SA-ESA,South,West
-2.6,-44.35,NAE-CEN,South,West
-24.25,-49.7,SA-ESA,South,West
-7.1167,-34.8667,SA-ESA,South,West
-2.1667,-56.0833,SA-ESA,South,West
-12.9167,-38.35,SA-ESA,South,West
-5.85,-35.35,SA-ESA,South,West
-9.6667,-35.7167,SA-ESA,South,West
-0.9,-52.4167,NAE-CEN,South,West
-26.9,-48.65,SA-ESA,South,West
-29.5667,-50.9,SA-ESA,South,West
-19.6833,-43.5667,SA-ESA,South,West
-1.25,-48.4333,NAE-CEN,South,West
-12.55,-47.85,SA-ESA,South,West
-25.5167,-48.5,SA-ESA,South,West
-2.9167,-41.7667,SA-ESA,South,West
-3.5333,-38.8667,SA-ESA,South,West
-12.85,-62.9,SA-ESA,South,West
-26.75,-49.1667,SA-ESA,South,West
-2.55,-44.3667,NAE-CEN,South,West
-20.7833,-40.5833,SA-ESA,South,West
-22.8333,-45.25,SA-ESA,South,West
-19.6333,-39.8167,SA-ESA,South,West
-22.4667,-44.45,SA-ESA,South,West
-22.8833,-43.2333,SA-ESA,South,West
-22.95,-49.9667,SA-ESA,South,West
-0.7667,-48.5167,NAE-CEN,South,West
-0.05,-51.1667,NAE-CEN,South,West
-21.5667,-42.1833,SA-ESA,South,West
-23.95,-46.3333,SA-ESA,South,West
-2.5,-44.3,NAE-CEN,South,West
-18.7167,-39.85,SA-ESA,South,West
-22.8667,-51.1333,SA-ESA,South,West
-23.95,-46.3833,SA-ESA,South,West
-9.7167,-41.2833,SA-ESA,South,West
-13.5167,-39.1,SA-ESA,South,West
-26.85,-49.2833,SA-ESA,South,West
-29.9667,-50.1333,SA-ESA,South,West
-29.5333,-50.8,SA-ESA,South,West
-29.95,-51.7167,SA-ESA,South,West
-20.2833,-40.2333,SA-ESA,South,West
-2.75,-42.2667,SA-ESA,South,West
-12.95,-38.6,SA-ESA,South,West
-1.5333,-48.7333,NAE-CEN,South,West
-20.3167,-40.3333,SA-ESA,South,West
-3.133333333,-60.0,SA-ESA,South,West
-1.95,-48.2,NAE-CEN,South,West
-22.75,-41.883,SA-ESA,South,West
-2.4,-44.417,NAE-CEN,South,West
-0.15,-50.383,NAE-CEN,South,West
-10.9,-37.033,SA-ESA,South,West
-1.95,-54.733,SA-ESA,South,West
-1.517,-52.567,NAE-CEN,South,West
-1.367,-48.367,NAE-CEN,South,West
-22.783,-48.117,SA-ESA,South,West
-5.65,-48.117,NAE-CEN,South,West
-25.417,-48.7,SA-ESA,South,West
-12.7736539,-38.4986495,SA-ESA,South,West
-21.2,-50.433,SA-ESA,South,West
-14.9,-51.067,SA-ESA,South,West
-3.567,-59.133,SA-ESA,South,West
-26.983,-48.633,SA-ESA,South,West
-0.967,-62.917,SA-ESA,South,West
-2.983,-44.3,SA-ESA,South,West
-4.367,-70.017,SA-WSA,South,West
-2.783,-57.067,SA-ESA,South,West
-3.883,-61.367,SA-ESA,South,West
-22.067,-48.733,SA-ESA,South,West
-15.85,-38.867,SA-ESA,South,West
-4.383,-59.583,SA-ESA,South,West
-11.083,-43.133,SA-ESA,South,West
-7.517,-46.033,SA-ESA,South,West
-1.35,-48.233,NAE-CEN,South,West
-2.967,-57.583,SA-ESA,South,West
-29.917,-51.167,SA-ESA,South,West
-4.083,-63.133,SA-ESA,South,West
-23.0,-48.0,SA-ESA,South,West
-16.067,-57.667,SA-ESA,South,West
1.8,-61.133,SA-ESA,North,West
-8.25,-49.25,SA-ESA,South,West
-21.75,-41.317,SA-ESA,South,West
-0.15,-49.983,NAE-CEN,South,West
-1.0,-48.95,NAE-CEN,South,West
-7.317,-47.467,SA-ESA,South,West
-2.233,-49.483,NAE-CEN,South,West
-19.0,-57.633,SA-ESA,South,West
-1.75,-46.533,NAE-CEN,South,West
-29.95,-51.617,SA-ESA,South,West
-17.733,-39.25,SA-ESA,South,West
-4.867,-66.883,SA-ESA,South,West
-30.033,-52.883,SA-ESA,South,West
-6.517,-64.383,SA-ESA,South,West
-23.883,-46.417,SA-ESA,South,West
-3.183,-59.817,SA-ESA,South,West
-17.1,-39.18333,SA-ESA,South,West
-7.617,-72.667,SA-WSA,South,West
-22.783,-43.3,SA-ESA,South,West
-6.667,-69.85,SA-WSA,South,West
-29.5,-51.967,SA-ESA,South,West
-2.5,-66.083,SA-ESA,South,West
-3.717,-38.583,SA-ESA,South,West
-24.083,-54.233,SA-ESA,South,West
-30.1,-51.3,SA-ESA,South,West
-7.533,-72.567,SA-WSA,South,West
-5.083,-36.267,SA-ESA,South,West
-1.4,-51.633,NAE-CEN,South,West
-23.983,-46.233,SA-ESA,South,West
-7.5,-63.017,SA-ESA,South,West
-28.233,-48.667,SA-ESA,South,West
-23.783,-45.35,SA-ESA,South,West
-12.183,-43.217,SA-ESA,South,West
-25.533,-54.583,SA-ESA,South,West
-21.0,-40.833,SA-ESA,South,West
-5.517,-47.467,NAE-CEN,South,West
-14.783,-39.033,SA-ESA,South,West
-2.733,-58.033,SA-ESA,South,West
-3.267,-60.183,SA-ESA,South,West
-20.417,-51.333,SA-ESA,South,West
-26.9,-48.65,SA-ESA,South,West
-29.117,-56.55,SA-ESA,South,West
-7.05,-71.683,SA-WSA,South,West
-32.55,-53.367,SA-ESA,South,West
-22.283,-48.55,SA-ESA,South,West
-9.4,-40.5,SA-ESA,South,West
-19.0,-57.6,SA-ESA,South,West
-0.85,-52.533,NAE-CEN,South,West
-19.38333,-40.05,SA-ESA,South,West
-19.383,-40.05,SA-ESA,South,West
-5.35,-49.133,NAE-CEN,South,West
-12.767,-38.917,SA-ESA,South,West
-3.383,-57.7,SA-ESA,South,West
-5.1,-36.633,SA-ESA,South,West
-12.733,-38.6,SA-ESA,South,West
-22.367,-41.767,SA-ESA,South,West
-22.95,-44.033,SA-ESA,South,West
-23.933,-54.267,SA-ESA,South,West
-5.8,-61.283,SA-ESA,South,West
-5.183,-37.35,SA-ESA,South,West
-1.883,-48.767,NAE-CEN,South,West
-3.283,-60.617,SA-ESA,South,West
-3.417,-60.45,SA-ESA,South,West
-22.917,-42.817,SA-ESA,South,West
-2.183,-56.717,SA-ESA,South,West
-2.617,-60.933,SA-ESA,South,West
-5.75,-35.25,SA-ESA,South,West
-3.883,-59.083,SA-ESA,South,West
-5.383,-47.8,NAE-CEN,South,West
-22.883,-43.067,SA-ESA,South,West
-5.117,-60.367,SA-ESA,South,West
-22.9,-43.13333,SA-ESA,South,West
-24.617,-54.217,SA-ESA,South,West
-27.133,-48.6,SA-ESA,South,West
-1.733,-52.233,NAE-CEN,South,West
-21.767,-52.1,SA-ESA,South,West
-31.717,-52.333,SA-ESA,South,West
-25.45,-48.66667,SA-ESA,South,West
-2.617,-56.733,SA-ESA,South,West
-17.333,-44.95,SA-ESA,South,West
-21.1,-41.05,SA-ESA,South,West
-21.7,-57.883,SA-ESA,South,West
-22.35,-48.767,SA-ESA,South,West
-21.35,-51.85,SA-ESA,South,West
-9.383,-40.483,SA-ESA,South,West
-30.017,-51.217,SA-ESA,South,West
-1.933,-50.817,NAE-CEN,South,West
-25.583,-48.433,SA-ESA,South,West
-1.8,-53.467,SA-ESA,South,West
-20.3,-40.217,SA-ESA,South,West
-3.4,-39.017,SA-ESA,South,West
-8.767,-63.817,SA-ESA,South,West
-9.6,-67.533,SA-WSA,South,West
-8.25,-72.733,SA-WSA,South,West
-26.28333,-48.63333,SA-ESA,South,West
-8.05,-34.883,SA-ESA,South,West
-8.8,-49.55,SA-ESA,South,West
-32.05,-52.083,SA-ESA,South,West
-29.983,-52.367,SA-ESA,South,West
-2.583,-51.95,NAE-CEN,South,West
-20.15,-40.267,SA-ESA,South,West
-26.233,-48.633,SA-ESA,South,West
-1.617,-47.467,NAE-CEN,South,West
-22.817,-43.017,SA-ESA,South,West
-0.417,-65.017,SA-ESA,South,West
-18.717,-39.85,SA-ESA,South,West
-24.85,-54.333,SA-ESA,South,West
-22.533,-47.9,SA-ESA,South,West
-3.45,-68.933,SA-ESA,South,West
-13.0,-38.483,SA-ESA,South,West
-2.567,-57.867,SA-ESA,South,West
-18.983,-50.533,SA-ESA,South,West
-23.8,-45.4,SA-ESA,South,West
-22.567,-48.15,SA-ESA,South,West
-25.433,-54.383,SA-ESA,South,West
-8.4,-34.967,SA-ESA,South,West
-0.717,-48.5,NAE-CEN,South,West
-33.517,-53.367,SA-ESA,South,West
-29.8,-51.85,SA-ESA,South,West
-4.217,-69.933,SA-WSA,South,West
-3.333,-64.7,SA-ESA,South,West
-2.933,-48.95,NAE-CEN,South,West
-20.783,-51.7,SA-ESA,South,West
-2.85,-67.767,SA-ESA,South,West
-5.617,-63.183,SA-ESA,South,West
-24.167,-54.083,SA-ESA,South,West
-2.1,-56.483,SA-ESA,South,West
-20.28333,-40.23333,SA-ESA,South,West
-23.433,-45.067,SA-ESA,South,West
-3.133,-58.15,SA-ESA,South,West
-2.883,-52.0,NAE-CEN,South,West
-15.65,-56.133,SA-ESA,South,West
-15.0,-59.95,SA-WSA,South,West
-1.53333,-48.75,NAE-CEN,South,West
-20.333,-40.283,SA-ESA,South,West
-6.4,-48.517,NAE-CEN,South,West
-10.817,-42.717,SA-ESA,South,West
-6.433,-68.233,SA-ESA,South,West
-41.85,-73.8333,SA-WSA,South,West
-23.6333,-70.3833,SA-WSA,South,West
-18.4833,-70.3167,SA-WSA,South,West
-52.6167,-70.1333,SA-WSA,South,West
-26.35,-70.6333,SA-WSA,South,West
-52.9667,-70.85,SA-WSA,South,West
-41.75,-73.1333,SA-WSA,South,West
-27.0333,-70.8,SA-WSA,South,West
-52.8833,-70.1,SA-WSA,South,West
-23.75,-70.4667,SA-WSA,South,West
-42.4667,-73.7667,SA-WSA,South,West
-45.4833,-72.8167,SA-WSA,South,West
-42.9167,-72.7,SA-WSA,South,West
-26.35,-70.6167,SA-WSA,South,West
-36.8167,-73.05,SA-WSA,South,West
-27.35,-70.3333,SA-WSA,South,West
-29.9667,-71.3333,SA-WSA,South,West
-37.0167,-73.15,SA-WSA,South,West
-39.8667,-73.4333,SA-WSA,South,West
-29.45,-71.3,SA-WSA,South,West
-42.3833,-73.6667,SA-WSA,South,West
-29.9833,-71.3667,SA-WSA,South,West
-28.45,-71.2167,SA-WSA,South,West
-20.2167,-70.1333,SA-WSA,South,West
-27.15,-109.4167,SA-WSA,South,West
-52.6667,-73.6833,SA-WSA,South,West
-29.8833,-71.2333,SA-WSA,South,West
-37.6,-73.65,SA-WSA,South,West
-36.7,-72.9833,SA-WSA,South,West
-41.25,-73.0,SA-WSA,South,West
-24.6833,-69.7667,SA-WSA,South,West
-31.9,-71.5,SA-WSA,South,West
-37.0833,-73.15,SA-WSA,South,West
-23.1,-70.45,SA-WSA,South,West
-36.65,-72.45,SA-WSA,South,West
-40.5667,-73.15,SA-WSA,South,West
-30.5833,-71.2,SA-WSA,South,West
-48.8667,-72.6667,SA-WSA,South,West
-20.75,-70.1833,SA-WSA,South,West
-52.95,-71.1833,SA-WSA,South,West
-36.7167,-72.9833,SA-WSA,South,West
-19.6,-70.2,SA-WSA,South,West
-45.3833,-72.7,SA-WSA,South,West
-23.0833,-70.45,SA-WSA,South,West
-45.4833,-72.8333,SA-WSA,South,West
-49.15,-74.45,SA-WSA,South,West
-41.4667,-72.95,SA-WSA,South,West
-51.7167,-72.5,SA-WSA,South,West
-20.8,-70.2,SA-WSA,South,West
-52.9,-70.2667,SA-WSA,South,West
-54.9167,-67.6167,SA-WSA,South,West
-53.1333,-70.9333,SA-WSA,South,West
-31.8667,-71.5,SA-WSA,South,West
-43.1,-73.6167,SA-WSA,South,West
-43.1333,-73.6667,SA-WSA,South,West
-42.1333,-73.4833,SA-WSA,South,West
-32.7667,-71.5333,SA-WSA,South,West
-33.6,-71.6,SA-WSA,South,West
-36.7,-73.1333,SA-WSA,South,West
-35.4167,-71.65,SA-WSA,South,West
-36.7333,-73.1167,SA-WSA,South,West
-25.4,-70.4667,SA-WSA,South,West
-22.0833,-70.1833,SA-WSA,South,West
-36.6,-72.95,SA-WSA,South,West
-39.8167,-73.2167,SA-WSA,South,West
-33.0333,-71.6333,SA-WSA,South,West
-32.7333,-71.4833,SA-WSA,South,West
-32.9833,-71.55,SA-WSA,South,West
-42.45,-73.517,SA-WSA,South,West
-37.25,-73.317,SA-WSA,South,West
-42.3,-72.783,SA-WSA,South,West
-52.967,-70.8,SA-WSA,South,West
-27.083,-70.85,SA-WSA,South,West
-20.75,-70.2,SA-WSA,South,West
-41.833,-73.533,SA-WSA,South,West
-42.433,-73.567,SA-WSA,South,West
-36.917,-73.017,SA-WSA,South,West
-42.6,-73.8,SA-WSA,South,West
-55.1225102,-69.4067496,SA-WSA,South,West
-44.733,-72.7,SA-WSA,South,West
-43.0,-73.55,SA-WSA,South,West
-35.333,-72.417,SA-WSA,South,West
-43.733,-73.9,SA-WSA,South,West
-52.66667,-73.68333,SA-WSA,South,West
-42.017,-72.683,SA-WSA,South,West
-33.6613889,-78.9277778,SA-WSA,South,West
-37.2,-73.567,SA-WSA,South,West
-22.733,-70.267,SA-WSA,South,West
-43.867,-73.75,SA-WSA,South,West
-41.617,-73.583,SA-WSA,South,West
-48.467,-72.567,SA-WSA,South,West
-39.633,-72.333,SA-WSA,South,West
-41.8,-73.433,SA-WSA,South,West
-40.967,-72.9,SA-WSA,South,West
-29.9,-70.067,SA-WSA,South,West
-42.583,-73.633,SA-WSA,South,West
-41.317,-72.983,SA-WSA,South,West
-42.517,-73.4,SA-WSA,South,West
-42.867,-73.467,SA-WSA,South,West
-42.533,-73.783,SA-WSA,South,West
-38.783,-73.4,SA-WSA,South,West
-30.25,-71.483,SA-WSA,South,West
-47.833,-73.567,SA-WSA,South,West
-53.117,-70.883,SA-WSA,South,West
-39.267,-72.217,SA-WSA,South,West
-2.1167,-71.7333,SA-WSA,South,West
2.0333,-77.2167,SA-WSA,North,West
9.5,-75.7333,NAE-CEN,North,West
-4.2167,-69.9333,SA-WSA,South,West
10.3167,-75.5,NAE-CEN,North,West
11.7667,-72.4333,NAE-CEN,North,West
0.5167,-76.5,SA-WSA,North,West
10.6833,-74.7333,NAE-CEN,North,West
5.9756767,-74.5922391,SA-WSA,North,West
6.1833,-67.4833,SA-WSA,North,West
11.0,-74.95,NAE-CEN,North,West
9.3833,-76.1833,NAE-CEN,North,West
1.05,-76.5,SA-WSA,North,West
8.9167,-76.3667,NAE-CEN,North,West
9.5333,-75.5833,NAE-CEN,North,West
8.0833,-76.7167,NAE-CEN,North,West
3.5833,-76.4667,SA-WSA,North,West
3.883333333,-77.08333333,SA-WSA,North,West
10.43333333,-75.55,NAE-CEN,North,West
11.0041072,-74.8069813,NAE-CEN,North,West
10.383,-75.517,NAE-CEN,North,West
11.2,-73.4,NAE-CEN,North,West
11.2403547,-74.2110227,NAE-CEN,North,West
10.4,-75.533,NAE-CEN,North,West
-0.55,-80.5,SA-WSA,South,West
-2.2,-79.8333,SA-WSA,South,West
0.9833,-79.7,SA-WSA,North,West
-2.1667,-79.9,SA-WSA,South,West
-1.9574839,-79.9192702,SA-WSA,South,West
-2.2333,-80.9,SA-WSA,South,West
-2.15,-79.8667,SA-WSA,South,West
-0.95,-80.7333,SA-WSA,South,West
-2.7,-80.25,SA-WSA,South,West
-0.75,-90.3167,SA-WSA,South,West
-2.9,-79.8333,SA-WSA,South,West
-0.9,-89.6,SA-WSA,South,West
-3.2667,-79.9833,SA-WSA,South,West
-0.9333,-91.0167,SA-WSA,South,West
-2.7333,-79.9167,SA-WSA,South,West
-2.2167,-80.9667,SA-WSA,South,West
1.25,-78.8333,SA-WSA,North,West
-0.4167,-90.2833,SA-WSA,South,West
-0.283,-90.55,SA-WSA,South,West
-1.383,-89.683,SA-WSA,South,West
-1.3,-90.433,SA-WSA,South,West
-0.483,-76.967,SA-WSA,South,West
-0.233,-90.85,SA-WSA,South,West
-2.217,-79.917,SA-WSA,South,West
-0.417,-90.7,SA-WSA,South,West
-2.317,-80.533,SA-WSA,South,West
4.9333,-52.3333,NAE-CEN,North,West
3.933889,-53.125782,NAE-CEN,North,West
5.5,-54.0333,NAE-CEN,North,West
5.683,-53.933,NAE-CEN,North,West
4.217,-51.667,NAE-CEN,North,West
3.9,-51.8,NAE-CEN,North,West
6.0,-58.2833,NAE-CEN,North,West
6.8012793,-58.1551255,NAE-CEN,North,West
-11.7667,-77.1667,SA-WSA,South,West
-5.85,-81.0667,SA-WSA,South,West
-6.4167,-78.6667,SA-WSA,South,West
-4.1833,-81.1167,SA-WSA,South,West
-13.3,-77.7833,SA-WSA,South,West
-10.0833,-78.1833,SA-WSA,South,West
-12.3833,-76.7833,SA-WSA,South,West
-13.4667,-76.2,SA-WSA,South,West
-4.9263073,-80.3411126,SA-WSA,South,West
-12.05,-77.16666667,SA-WSA,South,West
-17.6680839,-71.3468091,SA-WSA,South,West
-4.6681951,-75.9927652,SA-WSA,South,West
-17.0206337,-72.0171862,SA-WSA,South,West
-17.0054057,-72.1001434,SA-WSA,South,West
-5.0938488,-81.0962172,SA-WSA,South,West
-13.766,-76.2,SA-WSA,South,West
-25.2667,-57.6667,SA-ESA,South,West
-25.2167,-57.55,SA-ESA,South,West
-25.3833,-57.1333,SA-ESA,South,West
-23.442503,-58.443832,SA-ESA,South,West
-25.1667,-57.55,SA-ESA,South,West
-23.4,-57.4333,SA-ESA,South,West
-27.3333,-55.9,SA-ESA,South,West
-21.05,-57.8667,SA-ESA,South,West
-24.0833,-57.2,SA-ESA,South,West
-21.3,-57.9167,SA-ESA,South,West
-22.2833,-57.9333,SA-ESA,South,West
-25.4333,-57.5333,SA-ESA,South,West
-25.3833,-57.6333,SA-ESA,South,West
-25.4200064,-57.5476145,SA-ESA,South,West
-25.5070168,-57.5589382,SA-ESA,South,West
5.7,-55.2333,NAE-CEN,North,West
5.8520355,-55.2038278,NAE-CEN,North,West
-34.4333,-57.45,SA-ESA,South,West
-34.8667,-55.2667,SA-ESA,South,West
-32.522779,-55.765835,SA-ESA,South,West
-34.9011127,-56.1645314,SA-ESA,South,West
10.1333,-63.0333,NAE-CEN,North,West
8.1167,-63.55,SA-WSA,North,West
11.7,-70.15,NAE-CEN,North,West
10.1,-64.85,NAE-CEN,North,West
10.2667,-66.95,NAE-CEN,North,West
10.4833,-64.1667,NAE-CEN,North,West
11.4833,-69.35,NAE-CEN,North,West
6.2167,-67.45,SA-WSA,North,West
11.65,-70.2167,NAE-CEN,North,West
11.6833,-70.1833,NAE-CEN,North,West
7.9167,-72.45,SA-WSA,North,West
11.776897,-70.2423207,NAE-CEN,North,West
10.8958956,-64.0665046,NAE-CEN,North,West
10.25,-64.617,NAE-CEN,North,West
11.67126,-70.2138832,NAE-CEN,North,West
10.2343685,-64.591805,NAE-CEN,North,West
10.6024787,-66.9313444,NAE-CEN,North,West
10.642707,-71.6125366,NAE-CEN,North,West
10.483,-68.2,NAE-CEN,North,West
10.4697685,-68.0298654,NAE-CEN,North,West
11.617,-70.233,NAE-CEN,North,West
10.4612133,-64.1903411,NAE-CEN,North,West
10.15,-64.85,NAE-CEN,North,West
10.642707,-71.6125366,NAE-CEN,North,West
-14.2732727,-170.7030577,OC-OCE,South,West
-19.9,148.0833,OC-OCE,South,East
-20.2667,148.7167,OC-OCE,South,East
-34.9167,138.5833,OC-OCE,South,East
-20.2734789,148.716904,OC-OCE,South,East
-35.0167,138.7333,OC-OCE,South,East
-12.9167,141.6167,OC-OCE,South,East
-33.8833,151.1667,OC-OCE,South,East
-32.0167,115.8333,OC-OCE,South,East
-32.15,116.0,OC-OCE,South,East
-33.7833,150.8667,OC-OCE,South,East
-21.6833,115.0,OC-OCE,South,East
-34.9333,138.7333,OC-OCE,South,East
-38.0333,145.1,OC-OCE,South,East
-32.0167,115.7833,OC-OCE,South,East
-34.3167,115.1667,OC-OCE,South,East
-33.2833,115.7167,OC-OCE,South,East
-32.4,150.4833,OC-OCE,South,East
-34.9833,138.8333,OC-OCE,South,East
-38.3667,145.1333,OC-OCE,South,East
-38.05,144.1667,OC-OCE,South,East
-34.2667,146.1,OC-OCE,South,East
-33.7333,151.2167,OC-OCE,South,East
-35.3,138.9333,OC-OCE,South,East
-32.8,151.65,OC-OCE,South,East
-33.35,151.4333,OC-OCE,South,East
-38.4167,146.0667,OC-OCE,South,East
-41.8667,148.2833,OC-OCE,South,East
-11.15,132.15,OC-OCE,South,East
-42.9833,147.3167,OC-OCE,South,East
-33.5333,149.25,OC-OCE,South,East
-31.7167,152.2833,OC-OCE,South,East
-34.85,150.6167,OC-OCE,South,East
-10.6,141.9167,OC-OCE,South,East
-27.3333,153.05,OC-OCE,South,East
-36.1167,143.7167,OC-OCE,South,East
-34.7,143.15,OC-OCE,South,East
-42.8333,147.3,OC-OCE,South,East
-34.3833,119.3667,OC-OCE,South,East
-36.6,143.95,OC-OCE,South,East
-41.0,147.4,OC-OCE,South,East
-33.95,151.15,OC-OCE,South,East
-27.4667,153.0167,OC-OCE,South,East
-32.75,151.1,OC-OCE,South,East
-34.3,150.9167,OC-OCE,South,East
-31.6667,116.0,OC-OCE,South,East
-27.0667,153.3667,OC-OCE,South,East
-17.7333,139.5333,OC-OCE,South,East
-37.8667,147.0333,OC-OCE,South,East
-42.8333,147.45,OC-OCE,South,East
-33.8833,151.1667,OC-OCE,South,East
-27.5167,153.1833,OC-OCE,South,East
-11.3167,131.75,OC-OCE,South,East
-36.6333,146.55,OC-OCE,South,East
-27.5,153.0833,OC-OCE,South,East
-33.7833,151.05,OC-OCE,South,East
-31.8833,115.9667,OC-OCE,South,East
-27.3833,153.1667,OC-OCE,South,East
-28.2333,153.55,OC-OCE,South,East
-31.4833,116.1,OC-OCE,South,East
-33.8333,138.6,OC-OCE,South,East
-31.9833,115.7833,OC-OCE,South,East
-35.1167,138.6333,OC-OCE,South,East
-27.5333,153.2667,OC-OCE,South,East
-33.9,151.25,OC-OCE,South,East
-37.7167,145.3667,OC-OCE,South,East
-34.0,151.0667,OC-OCE,South,East
-26.9333,150.1333,OC-OCE,South,East
-26.55,153.0833,OC-OCE,South,East
-27.8833,153.3,OC-OCE,South,East
-37.3,140.8167,OC-OCE,South,East
-27.5,153.05,OC-OCE,South,East
-23.1333,113.7667,OC-OCE,South,East
-19.0833,150.9,OC-OCE,South,East
-38.1167,144.4333,OC-OCE,South,East
-35.05,138.6167,OC-OCE,South,East
-32.0,115.7667,OC-OCE,South,East
-37.6333,145.2167,OC-OCE,South,East
-34.9167,138.55,OC-OCE,South,East
-33.8667,115.0833,OC-OCE,South,East
-35.0,138.7,OC-OCE,South,East
-27.6833,153.0833,OC-OCE,South,East
-34.7667,139.0,OC-OCE,South,East
-34.05,151.15,OC-OCE,South,East
-9.6,143.3,OC-OCE,South,East
-34.7167,149.1833,OC-OCE,South,East
-33.4,115.75,OC-OCE,South,East
-12.45,130.8333,OC-OCE,South,East
-12.25,135.0833,OC-OCE,South,East
-37.6667,145.15,OC-OCE,South,East
-38.1667,144.5667,OC-OCE,South,East
-34.65,139.1,OC-OCE,South,East
-11.9,136.55,OC-OCE,South,East
-37.7333,145.15,OC-OCE,South,East
-12.6667,141.85,OC-OCE,South,East
-34.9,138.5333,OC-OCE,South,East
-38.1667,146.6833,OC-OCE,South,East
-34.3667,114.0667,OC-OCE,South,East
-33.7667,151.2833,OC-OCE,South,East
-19.2667,146.7667,OC-OCE,South,East
-37.95,145.55,OC-OCE,South,East
-35.5,138.7833,OC-OCE,South,East
-37.5833,144.1,OC-OCE,South,East
-12.2167,136.6667,OC-OCE,South,East
-27.5833,152.2,OC-OCE,South,East
-41.3,146.9667,OC-OCE,South,East
-37.15,142.85,OC-OCE,South,East
-34.4667,138.9167,OC-OCE,South,East
-37.7333,145.45,OC-OCE,South,East
-34.8333,138.8833,OC-OCE,South,East
-35.0333,138.8,OC-OCE,South,East
-35.0667,138.5,OC-OCE,South,East
-38.3333,145.25,OC-OCE,South,East
-34.3333,146.0333,OC-OCE,South,East
-35.0833,138.5333,OC-OCE,South,East
-38.3,145.25,OC-OCE,South,East
-36.9167,144.7167,OC-OCE,South,East
-32.7833,151.7333,OC-OCE,South,East
-32.1667,115.7667,OC-OCE,South,East
-18.3833,146.2833,OC-OCE,South,East
-42.8667,147.3,OC-OCE,South,East
-37.8333,145.5833,OC-OCE,South,East
-34.8333,138.6333,OC-OCE,South,East
-34.25,142.1667,OC-OCE,South,East
-32.35,116.0667,OC-OCE,South,East
-35.15,138.65,OC-OCE,South,East
-17.4833,140.8333,OC-OCE,South,East
-41.1833,146.8833,OC-OCE,South,East
-36.1,140.35,OC-OCE,South,East
-34.5667,139.1333,OC-OCE,South,East
-33.0667,151.6,OC-OCE,South,East
-37.8833,147.9833,OC-OCE,South,East
-12.0833,135.35,OC-OCE,South,East
-37.75,145.3667,OC-OCE,South,East
-33.3833,151.3667,OC-OCE,South,East
-33.6833,136.9167,OC-OCE,South,East
-21.15,149.2,OC-OCE,South,East
-54.4833,158.9333,OC-OCE,South,East
-33.7667,151.1167,OC-OCE,South,East
-37.7833,144.8833,OC-OCE,South,East
-33.9167,151.1667,OC-OCE,South,East
-37.5,143.75,OC-OCE,South,East
-38.9167,145.6,OC-OCE,South,East
-37.8167,144.9667,OC-OCE,South,East
-11.55,130.9333,OC-OCE,South,East
-26.6833,153.1333,OC-OCE,South,East
-34.2833,140.35,OC-OCE,South,East
-38.0167,145.0833,OC-OCE,South,East
-27.5333,153.0833,OC-OCE,South,East
-31.9167,115.8333,OC-OCE,South,East
-41.3833,147.1333,OC-OCE,South,East
-36.0,146.0,OC-OCE,South,East
-34.2,146.0333,OC-OCE,South,East
-42.7833,147.0667,OC-OCE,South,East
-37.7,143.65,OC-OCE,South,East
-22.6896945,113.6983041,OC-OCE,South,East
-33.8,151.2167,OC-OCE,South,East
-34.55,150.8167,OC-OCE,South,East
-21.65,115.1,OC-OCE,South,East
-33.8833,151.2167,OC-OCE,South,East
-33.95,151.0333,OC-OCE,South,East
-12.4667,130.8333,OC-OCE,South,East
-33.8,150.95,OC-OCE,South,East
-31.95,115.85,OC-OCE,South,East
-38.4833,145.2333,OC-OCE,South,East
-21.15,149.0167,OC-OCE,South,East
-38.1167,144.4333,OC-OCE,South,East
-29.2667,114.9333,OC-OCE,South,East
-38.3667,142.2333,OC-OCE,South,East
-34.0667,151.1333,OC-OCE,South,East
-37.8333,144.9333,OC-OCE,South,East
-27.3833,153.1667,OC-OCE,South,East
-35.2667,138.45,OC-OCE,South,East
-37.85,145.0,OC-OCE,South,East
-37.0833,143.4833,OC-OCE,South,East
-33.8667,151.1833,OC-OCE,South,East
-11.2667,132.3833,OC-OCE,South,East
-33.95,151.0,OC-OCE,South,East
-36.1,138.5333,OC-OCE,South,East
-33.8333,151.0833,OC-OCE,South,East
-37.1833,139.75,OC-OCE,South,East
-23.1667,150.7833,OC-OCE,South,East
-33.85,151.1667,OC-OCE,South,East
-32.8667,151.7,OC-OCE,South,East
-37.9,145.2167,OC-OCE,South,East
-37.9167,145.3833,OC-OCE,South,East
-27.55,152.95,OC-OCE,South,East
-11.75,142.0167,OC-OCE,South,East
-27.4667,153.0167,OC-OCE,South,East
-23.9,151.2833,OC-OCE,South,East
-41.2167,146.35,OC-OCE,South,East
-33.8833,151.2167,OC-OCE,South,East
-33.85,151.2,OC-OCE,South,East
-34.0167,151.1,OC-OCE,South,East
-32.6667,152.15,OC-OCE,South,East
-38.3667,145.55,OC-OCE,South,East
-21.45,114.9833,OC-OCE,South,East
-38.2167,145.3833,OC-OCE,South,East
-33.0,151.6,OC-OCE,South,East
-13.75,126.1333,OC-OCE,South,East
-28.2,153.5333,OC-OCE,South,East
-34.6,138.5,OC-OCE,South,East
-35.35,150.4167,OC-OCE,South,East
-13.85,136.8,OC-OCE,South,East
-32.9667,151.65,OC-OCE,South,East
-38.0,145.1167,OC-OCE,South,East
-28.75,114.6167,OC-OCE,South,East
-34.9,138.5333,OC-OCE,South,East
-38.6667,146.4333,OC-OCE,South,East
-33.8333,151.0667,OC-OCE,South,East
-37.9,144.65,OC-OCE,South,East
-20.5833,116.7833,OC-OCE,South,East
-33.8667,151.2167,OC-OCE,South,East
-37.7833,145.6167,OC-OCE,South,East
-32.05,115.7333333,OC-OCE,South,East
-35.033,117.8833,OC-OCE,South,East
-34.4230702,137.9174283,OC-OCE,South,East
-35.7719206,137.7828158,OC-OCE,South,East
-38.7,146.383,OC-OCE,South,East
-37.4805929,140.0125011,OC-OCE,South,East
-24.766,152.3833,OC-OCE,South,East
-41.1337325,146.8579201,OC-OCE,South,East
-37.6832693,144.9199591,OC-OCE,South,East
-33.992675,151.175225,OC-OCE,South,East
-33.6979869,115.3074646,OC-OCE,South,East
-12.3783401,130.9032151,OC-OCE,South,East
-41.0528583,145.9052168,OC-OCE,South,East
-41.149102,146.8183598,OC-OCE,South,East
-26.8042574,153.1244868,OC-OCE,South,East
-24.239679,113.393501,OC-OCE,South,East
-33.796076,151.1831019,OC-OCE,South,East
-33.1477884,151.6284924,OC-OCE,South,East
-34.3534566,115.1474134,OC-OCE,South,East
-29.3857771,153.3122414,OC-OCE,South,East
-20.5833333,117.1666667,OC-OCE,South,East
-20.85,116.2,OC-OCE,South,East
-14.9666667,145.35,OC-OCE,South,East
-33.8470558,151.1716362,OC-OCE,South,East
-37.8726442,145.0247002,OC-OCE,South,East
-27.5661737,152.9523014,OC-OCE,South,East
-20.666,116.7,OC-OCE,South,East
-35.0467726,138.726931,OC-OCE,South,East
-41.1770585,146.3451775,OC-OCE,South,East
-35.084683,137.745704,OC-OCE,South,East
-43.0552954,147.2600733,OC-OCE,South,East
-30.1374527,114.9424167,OC-OCE,South,East
-38.1499181,144.3617186,OC-OCE,South,East
-33.8666667,151.1833333,OC-OCE,South,East
-23.8415948,151.2497708,OC-OCE,South,East
-10.5625567,142.1607088,OC-OCE,South,East
-30.067475,114.9679453,OC-OCE,South,East
-33.9212714,151.2270202,OC-OCE,South,East
-33.9448185,120.1263495,OC-OCE,South,East
-21.3055785,149.2921629,OC-OCE,South,East
-12.2885392,136.053937,OC-OCE,South,East
-27.6140934,152.7584716,OC-OCE,South,East
-31.65,152.8,OC-OCE,South,East
-35.533,139.1,OC-OCE,South,East
-41.431743,147.144354,OC-OCE,South,East
-31.8918569,116.0134727,OC-OCE,South,East
-33.9379619,150.9889526,OC-OCE,South,East
-12.183,136.783,OC-OCE,South,East
-32.9282712,151.7816802,OC-OCE,South,East
-32.0,147.0,OC-OCE,South,East
-20.3106621,118.5878223,OC-OCE,South,East
-34.183,150.6,OC-OCE,South,East
-34.485392,150.8995794,OC-OCE,South,East
-33.167,134.683,OC-OCE,South,East
-33.5,123.983,OC-OCE,South,East
-34.517,138.817,OC-OCE,South,East
-10.583,142.2166,OC-OCE,South,East
-27.4,153.05,OC-OCE,South,East
-19.2589635,146.8169483,OC-OCE,South,East
-31.867,152.367,OC-OCE,South,East
-37.88333,145.13333,OC-OCE,South,East
-20.25,149.017,OC-OCE,South,East
-17.7667,177.3833,OC-OCE,South,East
-17.35,178.2167,OC-OCE,South,East
-16.4167,179.3833,OC-OCE,South,East
-17.6167,177.45,OC-OCE,South,East
-16.3667,179.3833,OC-OCE,South,East
-17.9167,177.2833,OC-OCE,South,East
-16.9833,178.7,OC-OCE,South,East
-18.1667,177.5167,OC-OCE,South,East
-18.1333,178.45,OC-OCE,South,East
-17.4,177.7667,OC-OCE,South,East
-17.6,177.5,OC-OCE,South,East
-16.8075135,179.9918393,OC-OCE,South,East
-17.6817232,178.8323025,OC-OCE,South,East
13.4667,144.7833,OC-OCE,North,East
13.444304,144.793731,OC-OCE,North,East
-3.5833,-171.5167,OC-OCE,South,West
-3.15,-171.083,OC-OCE,South,West
-4.517,-172.183,OC-OCE,South,West
-3.583,-174.117,OC-OCE,South,West
-4.683,-174.517,OC-OCE,South,West
-4.467,-171.25,OC-OCE,South,West
1.4518171,172.9716617,OC-OCE,North,East
7.1,171.3833,OC-OCE,North,East
-22.2333,166.45,OC-OCE,South,East
-22.2833,166.5833,OC-OCE,South,East
-21.55,166.0333,OC-OCE,South,East
-21.3167,165.0,OC-OCE,South,East
-22.2667,166.45,OC-OCE,South,East
-21.3,165.7167,OC-OCE,South,East
-22.3167,166.8167,OC-OCE,South,East
-20.7667,164.4,OC-OCE,South,East
-21.0,164.6667,OC-OCE,South,East
-20.904305,165.618042,OC-OCE,South,East
-21.4,165.833,OC-OCE,South,East
-20.967,167.233,OC-OCE,South,East
-21.5,167.983,OC-OCE,South,East
-20.483,164.2,OC-OCE,South,East
-0.55,166.9167,OC-OCE,South,East
-19.05,-169.9167,OC-OCE,South,West
-19.0737811,-169.8520818,OC-OCE,South,West
-43.8,172.95,OC-OCE,South,East
-36.8333,174.8,OC-OCE,South,East
-46.6,168.3167,OC-OCE,South,East
-41.3,174.8,OC-OCE,South,East
-36.8167,174.7167,OC-OCE,South,East
-45.45,167.15,OC-OCE,South,East
-36.8333,174.7833,OC-OCE,South,East
-38.6667,178.0333,OC-OCE,South,East
-44.9167,171.1,OC-OCE,South,East
-42.4333,171.2,OC-OCE,South,East
-42.4167,173.7,OC-OCE,South,East
-36.8167,174.6833,OC-OCE,South,East
-43.6,172.7167,OC-OCE,South,East
-35.8333,174.5,OC-OCE,South,East
-36.7667,174.9667,OC-OCE,South,East
-44.6667,167.9167,OC-OCE,South,East
-39.4667,176.9,OC-OCE,South,East
-41.25,173.2667,OC-OCE,South,East
-39.05,174.0167,OC-OCE,South,East
-37.0,174.6667,OC-OCE,South,East
-35.3167,174.1167,OC-OCE,South,East
-45.8,170.6167,OC-OCE,South,East
-44.6167,170.2667,OC-OCE,South,East
-41.2833,174.0,OC-OCE,South,East
-45.8167,170.6,OC-OCE,South,East
-45.8667,170.55,OC-OCE,South,East
-43.5833,172.3833,OC-OCE,South,East
-35.2667,174.1167,OC-OCE,South,East
-44.3967509,171.2421265,OC-OCE,South,East
-41.2833,174.8167,OC-OCE,South,East
-38.15,174.7333,OC-OCE,South,East
-36.7833,174.7667,OC-OCE,South,East
-36.8833,174.9,OC-OCE,South,East
-40.8333,172.8833,OC-OCE,South,East
-37.6833,176.1667,OC-OCE,South,East
-44.3833,171.25,OC-OCE,South,East
-46.5833,168.35,OC-OCE,South,East
-36.3,175.4833,OC-OCE,South,East
-35.25,174.0833,OC-OCE,South,East
-39.9333,174.9833,OC-OCE,South,East
-41.2667,174.7833,OC-OCE,South,East
-41.7333,171.5833,OC-OCE,South,East
-36.2333,175.3833,OC-OCE,South,East
-35.8333,174.4833,OC-OCE,South,East
-35.0333,173.75,OC-OCE,South,East
-41.267,173.267,OC-OCE,South,East
-36.8,175.1,OC-OCE,South,East
-27.6167,-144.35,OC-OCE,South,West
-22.4833,-151.3333,OC-OCE,South,West
-16.45,-151.75,OC-OCE,South,West
-10.4833,-138.65,OC-OCE,South,West
-8.8284308,-140.082819,OC-OCE,South,West
-19.8667,-145.0,OC-OCE,South,West
-17.8333,-140.85,OC-OCE,South,West
-22.45,-151.35,OC-OCE,South,West
-16.1167,-146.3667,OC-OCE,South,West
-18.1167,-140.9,OC-OCE,South,West
-17.55,-149.6167,OC-OCE,South,West
-23.8833,-147.6667,OC-OCE,South,West
-8.9118982,-140.098379,OC-OCE,South,West
-16.7333,-151.45,OC-OCE,South,West
-8.867,-140.133,OC-OCE,South,West
-7.35,141.2667,OC-OCE,South,East
-6.1167,150.75,OC-OCE,South,East
-9.3333,146.9333,OC-OCE,South,East
-8.4167,151.1,OC-OCE,South,East
-4.6333,145.9667,OC-OCE,South,East
-3.0667,152.6167,OC-OCE,South,East
-5.2167,145.7833,OC-OCE,South,East
-9.4333,147.1,OC-OCE,South,East
-4.5667,151.6167,OC-OCE,South,East
-10.6333,150.6333,OC-OCE,South,East
-6.0833,145.2167,OC-OCE,South,East
-4.1333,143.25,OC-OCE,South,East
-9.567,152.45,OC-OCE,South,East
-9.267,142.217,OC-OCE,South,East
-5.4236673,154.671794,OC-OCE,South,East
-10.783,151.8,OC-OCE,South,East
-10.783,152.4,OC-OCE,South,East
-8.967,151.983,OC-OCE,South,East
-10.316,150.45,OC-OCE,South,East
-5.5511652,150.1387297,OC-OCE,South,East
-6.7155252,146.999905,OC-OCE,South,East
-2.883,151.25,OC-OCE,South,East
-4.8,152.833,OC-OCE,South,East
-9.283,153.667,OC-OCE,South,East
-2.033,147.367,OC-OCE,South,East
-9.45,147.117,OC-OCE,South,East
-9.4438004,147.1802671,OC-OCE,South,East
-4.1999648,152.1644612,OC-OCE,South,East
-8.9,148.4833,OC-OCE,South,East
-6.767,147.9,OC-OCE,South,East
-5.0,151.25,OC-OCE,South,East
-3.5800229,143.6583166,OC-OCE,South,East
-6.7,156.4333,OC-OCE,South,East
-8.1,156.85,OC-OCE,South,East
-8.0167,157.6,OC-OCE,South,East
-8.1167,157.1167,OC-OCE,South,East
-7.0833,155.8667,OC-OCE,South,East
-9.1167,159.2167,OC-OCE,South,East
-9.4456381,159.9728999,OC-OCE,South,East
-8.2409868,157.199876,OC-OCE,South,East
-8.5333,-172.5167,OC-OCE,South,West
-9.3667,-171.25,OC-OCE,South,West
-9.1667,-171.85,OC-OCE,South,West
-21.1333,-175.2,OC-OCE,South,West
-18.6476779,-173.9836854,OC-OCE,South,West
-15.5333,167.1667,OC-OCE,South,East
-15.3003549,166.9182097,OC-OCE,South,East
-17.7332512,168.3273245,OC-OCE,South,East
-13.2833,-176.1833,OC-OCE,South,West
-14.2833,-178.1667,OC-OCE,South,West
-18.8579523,-159.7852843,OC-OCE,South,West
-21.2292371,-159.7763491,OC-OCE,South,West
6.7,143.067,OC-OCE,North,East
9.233,145.383,OC-OCE,North,East
7.233,144.45,OC-OCE,North,East
5.3095618,162.9814877,OC-OCE,North,East
5.517,153.767,OC-OCE,North,East
7.35,149.183,OC-OCE,North,East
6.8541254,158.2623822,OC-OCE,North,East
7.583,149.417,OC-OCE,North,East
7.35,147.033,OC-OCE,North,East
8.133,140.383,OC-OCE,North,East
7.1386759,151.5593065,OC-OCE,North,East
7.35,143.867,OC-OCE,North,East
9.5556503,138.1399232,OC-OCE,North,East
15.1850483,145.7467259,OC-OCE,North,East
-29.040835,167.954712,OC-OCE,South,East
7.3375646,134.4889469,OC-OCE,North,East
-8.5211471,179.1961926,OC-OCE,South,East
-13.8506958,-171.7513551,OC-OCE,South,West
